image_id,dx,confidence,entropy,escalated
ISIC_0026769,bkl,0.93094337,0.1865446875834165,False
ISIC_0025661,bkl,0.9101901,0.17704424562578938,False
ISIC_0031633,bkl,0.9837483,0.05667496038719857,False
ISIC_0027850,bkl,0.98372066,0.05490700836229272,False
ISIC_0025837,bkl,0.9769956,0.07460391048440411,False
ISIC_0025209,bkl,0.85496414,0.30893408082986534,False
ISIC_0031326,bkl,0.9968286,0.01359744064285702,False
ISIC_0025915,bkl,0.9955065,0.01828925360914436,False
ISIC_0031029,bkl,0.9461795,0.15156578973697538,False
ISIC_0032343,bkl,0.988886,0.03960161841934025,False
ISIC_0025033,bkl,0.966965,0.1002063136146674,False
ISIC_0027310,bkl,0.95675063,0.12357297989743658,False
ISIC_0032128,bkl,0.9683744,0.09563345220951056,False
ISIC_0025937,bkl,0.99645114,0.014502001461835395,False
ISIC_0027828,bkl,0.977452,0.07549895567624137,False
ISIC_0029291,bkl,0.98737,0.04547335287855044,False
ISIC_0030698,bkl,0.8258694,0.3345037550271029,True
ISIC_0025567,bkl,0.9934948,0.025488225176672576,False
ISIC_0031159,bkl,0.9806323,0.06496387664092629,False
ISIC_0031017,bkl,0.97982717,0.06482637530227166,False
ISIC_0024981,bkl,0.9687384,0.09575007104925055,False
ISIC_0027815,bkl,0.9105113,0.2067909709590604,False
ISIC_0024324,bkl,0.98328835,0.05640490074364413,False
ISIC_0029559,bkl,0.92110384,0.20345925134308065,False
ISIC_0025819,bkl,0.972694,0.08833860646288032,False
ISIC_0032013,bkl,0.9173532,0.21525581862874493,False
ISIC_0031691,bkl,0.9921069,0.029709202691290185,False
ISIC_0025419,bkl,0.93404317,0.1684979202192322,False
ISIC_0025016,bkl,0.9510239,0.12851586049861657,False
ISIC_0029147,bkl,0.9748239,0.07358867797299765,False
ISIC_0027960,bkl,0.99768054,0.009943296239134009,False
ISIC_0026955,bkl,0.8673673,0.2801695604253756,False
ISIC_0028052,bkl,0.8376151,0.3651386795844702,True
ISIC_0025286,bkl,0.9731573,0.0864421508757132,False
ISIC_0031468,bkl,0.9853962,0.051216001791664564,False
ISIC_0030926,bkl,0.9359079,0.17127764348326383,False
ISIC_0029288,bkl,0.98872465,0.041451254938533744,False
ISIC_0031008,bkl,0.97282535,0.0866100685274184,False
ISIC_0024698,nv,0.9333772,0.18202648671263907,False
ISIC_0031495,bkl,0.97127366,0.08910225348864637,False
ISIC_0026104,bkl,0.9226728,0.19585691903194064,False
ISIC_0029413,bkl,0.99654764,0.014215441427911948,False
ISIC_0029576,bkl,0.9765182,0.07517300644034061,False
ISIC_0025140,bkl,0.9663998,0.1041184931867264,False
ISIC_0025554,bkl,0.99547476,0.018061037454660075,False
ISIC_0033539,bkl,0.96863204,0.09900457825725219,False
ISIC_0032283,bkl,0.98677516,0.04715681003986111,False
ISIC_0030005,bkl,0.7182225,0.5032660796917053,True
ISIC_0030189,bkl,0.99046713,0.034189498035984964,False
ISIC_0026532,bkl,0.9940194,0.023061327698070733,False
ISIC_0030768,bkl,0.98695254,0.04600642709818535,False
ISIC_0029837,bkl,0.9881639,0.04236453307130088,False
ISIC_0031624,bkl,0.9935994,0.025306215475598963,False
ISIC_0025510,bkl,0.88958406,0.2662354890373866,False
ISIC_0030607,bkl,0.91023064,0.22476835972399037,False
ISIC_0029060,bkl,0.97162503,0.08459190174195676,False
ISIC_0029308,bkl,0.9942603,0.02261266027868758,False
ISIC_0024635,bkl,0.98857635,0.04102174703960692,False
ISIC_0029425,bkl,0.8827076,0.26133785002168064,False
ISIC_0027023,bkl,0.9871674,0.04598160089302172,False
ISIC_0025388,bkl,0.9892855,0.03724258140452893,False
ISIC_0028080,bkl,0.99045724,0.035316716489499085,False
ISIC_0032463,bkl,0.9893155,0.03900465232963044,False
ISIC_0025548,bkl,0.791255,0.3499052527084595,True
ISIC_0032306,bkl,0.98832315,0.03948796310254854,False
ISIC_0032304,bkl,0.9775457,0.06841965836358588,False
ISIC_0031639,bkl,0.9907417,0.034326708382722185,False
ISIC_0027957,bkl,0.9798432,0.06889732925368379,False
ISIC_0031212,bkl,0.9934918,0.025703004013602607,False
ISIC_0029674,bkl,0.9875372,0.04495510010249795,False
ISIC_0028607,bkl,0.97778803,0.07249205961690298,False
ISIC_0024623,bkl,0.9830157,0.05818188883335353,False
ISIC_0029613,bkl,0.9961282,0.01623792331720139,False
ISIC_0029418,bkl,0.97137296,0.0889662377403069,False
ISIC_0027455,bkl,0.9670958,0.10282253005184709,False
ISIC_0025906,bkl,0.9965526,0.014452670674153668,False
ISIC_0027151,bkl,0.99334735,0.025423004698764275,False
ISIC_0026794,bkl,0.99457896,0.02169284057104042,False
ISIC_0034318,bkl,0.99110717,0.033745264414501173,False
ISIC_0032972,bkl,0.6447354,0.594321708318099,True
ISIC_0032534,bkl,0.99925834,0.0036578131513263783,False
ISIC_0033785,bkl,0.9958495,0.01716758314626597,False
ISIC_0033184,bkl,0.978147,0.07231921041796602,False
ISIC_0032949,bkl,0.99385,0.02431447864710223,False
ISIC_0033322,bkl,0.9937854,0.02460999051132682,False
ISIC_0033127,bkl,0.98125845,0.0617930908706341,False
ISIC_0032732,bkl,0.95117635,0.14171105746222892,False
ISIC_0032778,bkl,0.97992444,0.06668901456556381,False
ISIC_0033466,bkl,0.9974573,0.011256160835479022,False
ISIC_0033583,bkl,0.9955297,0.018379405585344306,False
ISIC_0033465,bkl,0.99451447,0.02214935902893191,False
ISIC_0033482,bkl,0.99754435,0.010936868996899088,False
ISIC_0033201,bkl,0.99178034,0.03156818541140972,False
ISIC_0033691,bkl,0.9827192,0.05320493154710932,False
ISIC_0033910,bkl,0.96327585,0.09546367374107038,False
ISIC_0032556,bkl,0.99042153,0.03622242883241376,False
ISIC_0033716,bkl,0.9701895,0.09184683564981065,False
ISIC_0034011,bkl,0.9992499,0.003729338773181814,False
ISIC_0033613,bkl,0.9956167,0.017865590436032204,False
ISIC_0032877,bkl,0.99821115,0.00788643135749887,False
ISIC_0034175,bkl,0.9826842,0.05828346798557305,False
ISIC_0033523,bkl,0.99541414,0.018429448537455467,False
ISIC_0029929,bkl,0.9703965,0.07973335519304917,False
ISIC_0033973,bkl,0.9940137,0.023031079854024965,False
ISIC_0033761,bkl,0.99153894,0.0311145443275436,False
ISIC_0033505,bkl,0.99684405,0.013558682242437491,False
ISIC_0033280,bkl,0.98966086,0.037916775217580904,False
ISIC_0033212,bkl,0.99004465,0.0367569618404767,False
ISIC_0033770,bkl,0.8680391,0.30488240126414007,False
ISIC_0033284,bkl,0.9917316,0.03176202048796882,False
ISIC_0033908,bkl,0.9654516,0.10636903233359787,False
ISIC_0033437,bkl,0.9914669,0.032697410177617514,False
ISIC_0032688,bkl,0.95532376,0.13193395876797256,False
ISIC_0033195,bkl,0.98162353,0.0627385465833203,False
ISIC_0032553,bkl,0.9946749,0.02163550942005064,False
ISIC_0033252,bkl,0.97137254,0.09013444776576457,False
ISIC_0032570,bkl,0.9734562,0.08612276427331805,False
ISIC_0033379,bkl,0.99599767,0.016766623085972723,False
ISIC_0033438,bkl,0.99939454,0.0030599688212079607,False
ISIC_0032983,bkl,0.99150413,0.031576225977548465,False
ISIC_0034024,bkl,0.99103516,0.03359928985067272,False
ISIC_0033778,bkl,0.9938054,0.02397544051817989,False
ISIC_0032863,bkl,0.98100096,0.0648807525024157,False
ISIC_0034168,bkl,0.9794168,0.06914680887676405,False
ISIC_0033582,bkl,0.9833103,0.05186138740489371,False
ISIC_0033576,bkl,0.99236345,0.027906304834408927,False
ISIC_0033410,bkl,0.9961563,0.015394793380733306,False
ISIC_0032725,bkl,0.98645705,0.04443925183860505,False
ISIC_0033952,bkl,0.9862265,0.049758404133191325,False
ISIC_0033264,bkl,0.9954738,0.01880611843032766,False
ISIC_0033606,bkl,0.9994511,0.002791952582244564,False
ISIC_0034103,bkl,0.99759114,0.01065285705667342,False
ISIC_0032883,bkl,0.90454936,0.23631490369114974,False
ISIC_0032665,bkl,0.9879901,0.043436600898785226,False
ISIC_0033130,bkl,0.9862223,0.04895769392636666,False
ISIC_0032776,bkl,0.99879116,0.005630507902945209,False
ISIC_0033828,bkl,0.99572515,0.01728855729266445,False
ISIC_0033235,bkl,0.98798966,0.04357057970370288,False
ISIC_0026085,bkl,0.97703093,0.07450769170961043,False
ISIC_0034070,bkl,0.97071004,0.09311986402698945,False
ISIC_0033709,bkl,0.9210335,0.19887735387312025,False
ISIC_0032826,bkl,0.9918465,0.03130477072144281,False
ISIC_0034115,bkl,0.9882167,0.04261792576990199,False
ISIC_0025180,bkl,0.96750224,0.1018761401019524,False
ISIC_0026107,bkl,0.9886163,0.04156470349791046,False
ISIC_0033853,bkl,0.99634296,0.015166674861694991,False
ISIC_0033453,bkl,0.9964066,0.014877961104698665,False
ISIC_0034126,bkl,0.99246615,0.028513807894601517,False
ISIC_0033744,bkl,0.98516405,0.05063126119132667,False
ISIC_0033659,bkl,0.99151516,0.031921976064776154,False
ISIC_0032567,bkl,0.9787927,0.07104314194101857,False
ISIC_0033088,bkl,0.92625666,0.19215243876976854,False
ISIC_0032756,bkl,0.980757,0.06549990672582744,False
ISIC_0032654,bkl,0.98908687,0.039725688183702146,False
ISIC_0032576,bkl,0.9785517,0.06877321354322967,False
ISIC_0033587,bkl,0.97068083,0.09046512179148211,False
ISIC_0032675,bkl,0.99655885,0.014516043736270566,False
ISIC_0032997,bkl,0.9962071,0.015662960619614367,False
ISIC_0033529,bkl,0.9947584,0.02116940928751048,False
ISIC_0033581,bkl,0.993518,0.02517862126307958,False
ISIC_0033913,bkl,0.97552943,0.07790427189244271,False
ISIC_0034303,bkl,0.9855542,0.049587783319727095,False
ISIC_0034031,bkl,0.919586,0.19450005435182183,False
ISIC_0033124,bkl,0.9660394,0.10068882415981266,False
ISIC_0033397,bkl,0.996514,0.014500286141059129,False
ISIC_0033414,bkl,0.9974963,0.010935612179834782,False
ISIC_0034113,bkl,0.9991027,0.004320887292153079,False
ISIC_0033507,bkl,0.9938451,0.024466129467740544,False
ISIC_0033791,bkl,0.9942247,0.02306308896493922,False
ISIC_0034259,bkl,0.9835956,0.05659890046036703,False
ISIC_0033446,bkl,0.98978513,0.037776582203690304,False
ISIC_0033200,bkl,0.99556065,0.018273762118383705,False
ISIC_0029472,bkl,0.98026913,0.06783054522680491,False
ISIC_0029682,bkl,0.8025172,0.39125569426297746,True
ISIC_0033642,bkl,0.97995126,0.06827248537251863,False
ISIC_0033486,bkl,0.9908826,0.03472246121923034,False
ISIC_0034003,bkl,0.99488574,0.020995805806892875,False
ISIC_0033079,bkl,0.81920785,0.33674341260779994,True
ISIC_0033635,bkl,0.9355771,0.17189918690347109,False
ISIC_0033868,bkl,0.9713405,0.0883303667970086,False
ISIC_0034125,bkl,0.99660254,0.01437224682577135,False
ISIC_0033060,bkl,0.98233175,0.06154608467885177,False
ISIC_0029014,bkl,0.98117274,0.06416796014305672,False
ISIC_0032215,bkl,0.93695474,0.16711443743635312,False
ISIC_0030124,bkl,0.98805094,0.04335727497056495,False
ISIC_0025157,bkl,0.99786794,0.009294983476946257,False
ISIC_0029600,bkl,0.98046094,0.06710539336863837,False
ISIC_0027513,bkl,0.89777315,0.22642627851570796,False
ISIC_0031876,bkl,0.9704222,0.09188843217863511,False
ISIC_0031620,bkl,0.9781597,0.06835193382365151,False
ISIC_0030542,bkl,0.9880283,0.04291343189086505,False
ISIC_0025136,bkl,0.60664254,0.6066200681922775,True
ISIC_0027218,bkl,0.9665409,0.1043554678150404,False
ISIC_0030705,bkl,0.9847447,0.05288987919274706,False
ISIC_0032063,bkl,0.86454326,0.300375273401588,False
ISIC_0025867,bkl,0.96867317,0.09308258643083381,False
ISIC_0028701,bkl,0.99582005,0.017203423012619186,False
ISIC_0026060,bkl,0.98067665,0.06492181299349757,False
ISIC_0027139,bkl,0.993932,0.02409327501494324,False
ISIC_0026623,bkl,0.51295334,0.5867281057644811,True
ISIC_0031989,bkl,0.94376755,0.15718632925232906,False
ISIC_0029394,bkl,0.98666954,0.04832879530256297,False
ISIC_0025777,bkl,0.9621774,0.11291313424869424,False
ISIC_0027739,bkl,0.9913662,0.03231181525633131,False
ISIC_0027680,bkl,0.98092455,0.06287048461597512,False
ISIC_0025656,bkl,0.99251914,0.0285671761951372,False
ISIC_0024581,bkl,0.9415761,0.158403364658454,False
ISIC_0029003,bkl,0.98253375,0.06039891796363151,False
ISIC_0024711,bkl,0.966943,0.1003622316786208,False
ISIC_0028120,bkl,0.9928202,0.027459126834181953,False
ISIC_0032335,bkl,0.9715735,0.09097494728845298,False
ISIC_0025326,bkl,0.969402,0.08796563905927297,False
ISIC_0024890,bkl,0.9834684,0.05138339106330922,False
ISIC_0025507,bkl,0.99680483,0.013338767972491464,False
ISIC_0025838,bkl,0.9822406,0.05714223980277241,False
ISIC_0027780,bkl,0.99043524,0.03537262905489153,False
ISIC_0024592,bkl,0.79054946,0.44004490004032715,True
ISIC_0030118,bkl,0.8856535,0.2701257752965021,False
ISIC_0028970,bkl,0.9387286,0.16847130211647193,False
ISIC_0027042,bkl,0.99073446,0.034926745202928794,False
ISIC_0030721,bkl,0.9878479,0.03973765714072583,False
ISIC_0027068,bkl,0.9963056,0.015303361614422941,False
ISIC_0024708,bkl,0.9870827,0.045851619398127326,False
ISIC_0028354,bkl,0.92597926,0.19683022573419504,False
ISIC_0024505,bkl,0.8957204,0.24559546296676926,False
ISIC_0025743,bkl,0.9978375,0.009447788693151632,False
ISIC_0027796,bkl,0.9940209,0.023698758894084047,False
ISIC_0027037,bkl,0.98619217,0.046980974344929746,False
ISIC_0029340,bkl,0.9990965,0.004361211688549155,False
ISIC_0026607,bkl,0.98548454,0.048496869936749926,False
ISIC_0030731,bkl,0.93563974,0.16409400259517348,False
ISIC_0028233,bkl,0.92691904,0.1951593041983788,False
ISIC_0031542,bkl,0.95540243,0.12398910599700393,False
ISIC_0029062,bkl,0.9752959,0.0781105545311528,False
ISIC_0024971,bkl,0.98873454,0.04023854229391862,False
ISIC_0025485,bkl,0.98662865,0.04623383728163526,False
ISIC_0025874,bkl,0.854697,0.27326511862435077,False
ISIC_0026728,bkl,0.98923534,0.038607804444591005,False
ISIC_0025842,bkl,0.9939558,0.023591712156890182,False
ISIC_0025032,bkl,0.9834319,0.056337582060857726,False
ISIC_0029522,bkl,0.98979455,0.03506921254838435,False
ISIC_0031424,bkl,0.9977107,0.0098257814505957,False
ISIC_0029770,bkl,0.99694604,0.012963628658816397,False
ISIC_0026301,bkl,0.987961,0.04198720844661453,False
ISIC_0030227,bkl,0.9890898,0.04007897534447466,False
ISIC_0028856,bkl,0.9686586,0.09997573315085423,False
ISIC_0027026,bkl,0.908486,0.22220476687776827,False
ISIC_0027584,bkl,0.93781954,0.1715329352870101,False
ISIC_0026634,bkl,0.9939407,0.023134975455060644,False
ISIC_0028496,bkl,0.994534,0.021368064874911812,False
ISIC_0027454,bkl,0.9859483,0.050348294524699036,False
ISIC_0031593,bkl,0.92826414,0.18787917651662348,False
ISIC_0032348,bkl,0.9912053,0.03178892192496446,False
ISIC_0024883,bkl,0.9927927,0.027626406983857585,False
ISIC_0032200,bkl,0.9869977,0.044271774503616974,False
ISIC_0027344,bkl,0.9529088,0.1324522613189583,False
ISIC_0028846,bkl,0.99952996,0.002392818879117118,False
ISIC_0026159,bkl,0.96699977,0.1016013365243761,False
ISIC_0027367,bkl,0.94105756,0.15557080338836776,False
ISIC_0024748,bkl,0.9984176,0.00725007989465276,False
ISIC_0032156,bkl,0.98002076,0.06548922425938596,False
ISIC_0030783,bkl,0.98632056,0.04790022164084465,False
ISIC_0028200,bkl,0.99970406,0.0015776910517861936,False
ISIC_0029100,bkl,0.9944812,0.022360605760022415,False
ISIC_0026923,bkl,0.9935381,0.025269695989964973,False
ISIC_0024445,bkl,0.95470965,0.12492520402224103,False
ISIC_0027606,bkl,0.978332,0.06922045280491294,False
ISIC_0025703,bkl,0.9807012,0.06460927235884342,False
ISIC_0030459,bkl,0.95951426,0.11929681538279953,False
ISIC_0029776,bkl,0.9776675,0.07136354701512462,False
ISIC_0027996,bkl,0.91512215,0.21747725092619413,False
ISIC_0024453,bkl,0.99373454,0.024286482161575314,False
ISIC_0029519,bkl,0.99704957,0.012121310436644222,False
ISIC_0026644,bkl,0.9913191,0.03313319737581459,False
ISIC_0029051,bkl,0.9852518,0.05172742008649912,False
ISIC_0025985,bkl,0.9917338,0.02927951292241499,False
ISIC_0026861,bkl,0.85709226,0.3134653150754696,False
ISIC_0025830,bkl,0.99940753,0.002910772048359911,False
ISIC_0031686,bkl,0.8318126,0.3530642303330508,True
ISIC_0030208,bkl,0.99036306,0.03411556694475968,False
ISIC_0032006,bkl,0.98594344,0.04403462757745715,False
ISIC_0028920,bkl,0.9417852,0.1510864494721934,False
ISIC_0032373,bkl,0.98913646,0.037577421209274535,False
ISIC_0028555,bkl,0.9972761,0.011744093976716647,False
ISIC_0029568,bkl,0.99322444,0.025529569001989813,False
ISIC_0029217,bkl,0.9904655,0.034781172667407274,False
ISIC_0028254,bkl,0.9797095,0.06646821296171176,False
ISIC_0031591,bkl,0.97133493,0.0788918908024241,False
ISIC_0025275,bkl,0.9883167,0.04185631568755775,False
ISIC_0026606,bkl,0.9846578,0.05254840017767546,False
ISIC_0025986,bkl,0.99115086,0.033188531786213255,False
ISIC_0029108,bkl,0.99740523,0.010494959481913504,False
ISIC_0025529,bkl,0.9697216,0.09238982656768335,False
ISIC_0026481,bkl,0.98783803,0.04142516521583402,False
ISIC_0030007,bkl,0.9924677,0.02795169383026216,False
ISIC_0025928,bkl,0.9676903,0.09122915170135,False
ISIC_0030812,bkl,0.9955147,0.01804057612825747,False
ISIC_0029802,bkl,0.9993407,0.003345908822188983,False
ISIC_0031770,bkl,0.9956916,0.017849375294319063,False
ISIC_0026661,bkl,0.99476874,0.020885112098628936,False
ISIC_0025805,bkl,0.55057865,0.5902634431458221,True
ISIC_0029166,bkl,0.8233118,0.3117863529735146,True
ISIC_0030026,bkl,0.99842334,0.007312428741797223,False
ISIC_0031819,bkl,0.99515307,0.019204848190727656,False
ISIC_0027754,bkl,0.98684186,0.0474688605828649,False
ISIC_0024741,bkl,0.9994986,0.002492695632898804,False
ISIC_0026286,bkl,0.9826696,0.05733945957479182,False
ISIC_0024880,bkl,0.9972172,0.011946617650756868,False
ISIC_0026679,bkl,0.99212754,0.02783904741307881,False
ISIC_0027219,bkl,0.9948526,0.020406110686277103,False
ISIC_0026265,bkl,0.91316754,0.2245285058072305,False
ISIC_0024426,bkl,0.971732,0.08586985400868527,False
ISIC_0031016,bkl,0.9569111,0.11901152078083269,False
ISIC_0026044,bkl,0.9883221,0.040391424086944364,False
ISIC_0024740,bkl,0.99764377,0.01020252983470877,False
ISIC_0027801,bkl,0.992546,0.026309425426207483,False
ISIC_0030346,bkl,0.98207974,0.05928292567198349,False
ISIC_0026526,bkl,0.9480548,0.14347468289678392,False
ISIC_0025376,bkl,0.99297476,0.02657631096055762,False
ISIC_0029991,bkl,0.77941406,0.4123579073906141,True
ISIC_0024726,bkl,0.9942656,0.022565125217443506,False
ISIC_0029603,bkl,0.97246426,0.08806715695003618,False
ISIC_0028100,bkl,0.9286062,0.18106768366016254,False
ISIC_0031449,bkl,0.96843094,0.09807061672530337,False
ISIC_0026842,bkl,0.9979563,0.009234786438454164,False
ISIC_0026444,bkl,0.99178445,0.0307490163620351,False
ISIC_0024422,bkl,0.9963289,0.015593500657488386,False
ISIC_0030649,bkl,0.9074665,0.22716584213146795,False
ISIC_0025746,bkl,0.99897885,0.004828413091487248,False
ISIC_0032043,bkl,0.9924522,0.02877837315129447,False
ISIC_0030806,bkl,0.9599418,0.11463765190108678,False
ISIC_0028388,bkl,0.9913623,0.03228056808477973,False
ISIC_0031168,bkl,0.99309397,0.026833348715808298,False
ISIC_0025575,bkl,0.85778797,0.28267953418197533,False
ISIC_0025781,bkl,0.8678019,0.2903072593667497,False
ISIC_0024758,bkl,0.9973858,0.010909757930857689,False
ISIC_0027006,bkl,0.9665617,0.10338386877588021,False
ISIC_0029596,bkl,0.98317325,0.05894696784566049,False
ISIC_0025351,bkl,0.92508733,0.19379115209493758,False
ISIC_0028881,bkl,0.78336334,0.3809359569042221,True
ISIC_0027527,bkl,0.99075466,0.03383366086709416,False
ISIC_0028972,bkl,0.99011874,0.03480785968930588,False
ISIC_0031078,bkl,0.99435186,0.019841431298455385,False
ISIC_0031464,bkl,0.9982369,0.00740107933371281,False
ISIC_0025693,bkl,0.93402517,0.16369774818049193,False
ISIC_0032116,bkl,0.729137,0.41035845598005066,True
ISIC_0027451,bkl,0.99782526,0.009920965481104146,False
ISIC_0030329,bkl,0.9978115,0.009467418203842979,False
ISIC_0029311,bkl,0.99812454,0.008103121743307363,False
ISIC_0026849,bkl,0.99184555,0.03037501517135277,False
ISIC_0030396,bkl,0.9208198,0.2055458931213163,False
ISIC_0024893,bkl,0.98686177,0.04774158892860919,False
ISIC_0029031,bkl,0.9475351,0.1506473732995615,False
ISIC_0024772,bkl,0.977223,0.07565735482917471,False
ISIC_0026219,bkl,0.9963288,0.014987451599672555,False
ISIC_0025222,bkl,0.9963468,0.01540670107630069,False
ISIC_0029139,bkl,0.9969331,0.013088672863217491,False
ISIC_0025973,bkl,0.9991998,0.003954018275077869,False
ISIC_0025086,bkl,0.9971179,0.012495773002669276,False
ISIC_0026895,bkl,0.9965154,0.014108804376707059,False
ISIC_0025716,bkl,0.9852234,0.05148902112932626,False
ISIC_0027991,bkl,0.98970747,0.03788975891535471,False
ISIC_0031289,bkl,0.92680836,0.19663463321960847,False
ISIC_0030172,bkl,0.9883243,0.04166991622025648,False
ISIC_0025627,bkl,0.952927,0.12949229153514205,False
ISIC_0031580,bkl,0.97032475,0.09217486011754342,False
ISIC_0028389,bkl,0.983854,0.053309278951385174,False
ISIC_0025064,bkl,0.9670022,0.09793581854840779,False
ISIC_0027355,bkl,0.99941707,0.0028349602782868828,False
ISIC_0030365,bkl,0.9781643,0.07039612907035658,False
ISIC_0026245,bkl,0.831345,0.3242851909634191,True
ISIC_0028640,bkl,0.998697,0.006156202031517056,False
ISIC_0026514,bkl,0.9646612,0.10909049595269275,False
ISIC_0026378,bkl,0.98898995,0.03928639759597318,False
ISIC_0030188,bkl,0.9172964,0.21883629038801142,False
ISIC_0027192,bkl,0.9979709,0.009019851576252631,False
ISIC_0027437,bkl,0.9901467,0.03710086451191299,False
ISIC_0028201,bkl,0.99793446,0.008967890374791228,False
ISIC_0028223,bkl,0.96406543,0.10785486003690015,False
ISIC_0026614,bkl,0.9493712,0.14639003902505318,False
ISIC_0029810,bkl,0.97918063,0.06851764606293008,False
ISIC_0028840,bkl,0.9333414,0.17983746172557002,False
ISIC_0029678,bkl,0.99767834,0.01041492234647405,False
ISIC_0031937,bkl,0.99840444,0.00712509886612847,False
ISIC_0025719,bkl,0.99890256,0.00498116566112862,False
ISIC_0029260,bkl,0.99674916,0.013803220746183436,False
ISIC_0030683,bkl,0.9522997,0.1197014549593115,False
ISIC_0028237,bkl,0.9887129,0.04058960872690043,False
ISIC_0029585,bkl,0.98322886,0.05656952559207347,False
ISIC_0027990,bkl,0.9566362,0.11508881189597295,False
ISIC_0025883,bkl,0.9691167,0.08547560590669737,False
ISIC_0026290,bkl,0.971816,0.07761865566783031,False
ISIC_0031050,bkl,0.99389607,0.023998857709848737,False
ISIC_0024997,bkl,0.99164736,0.031028001034003543,False
ISIC_0024761,bkl,0.99389887,0.023798050313795036,False
ISIC_0030876,bkl,0.9880321,0.04321139229892094,False
ISIC_0024982,bkl,0.9871393,0.045405249283355244,False
ISIC_0026843,bkl,0.9984742,0.0070727337219396195,False
ISIC_0025519,bkl,0.9915616,0.030692933413217334,False
ISIC_0029841,bkl,0.99681735,0.013456894418382472,False
ISIC_0030319,bkl,0.9987056,0.00585867523970651,False
ISIC_0030965,bkl,0.96463513,0.0993290648758839,False
ISIC_0025699,bkl,0.78226984,0.40914759266564743,True
ISIC_0029617,bkl,0.97567195,0.07674440874040528,False
ISIC_0026947,bkl,0.99379313,0.021659359270754575,False
ISIC_0024839,bkl,0.99132276,0.031511669803556866,False
ISIC_0031808,bkl,0.9761163,0.07871574880021127,False
ISIC_0026316,bkl,0.9969169,0.01330169139048929,False
ISIC_0024696,bkl,0.997109,0.012290698363300512,False
ISIC_0031522,bkl,0.8757716,0.29487996761826585,False
ISIC_0031352,bkl,0.9848385,0.05232312265867284,False
ISIC_0024910,bkl,0.98769206,0.044139989624602895,False
ISIC_0026675,bkl,0.9963582,0.014597127102518311,False
ISIC_0031150,bkl,0.79017985,0.43132050289568385,True
ISIC_0032024,bkl,0.97899127,0.06641231188284237,False
ISIC_0027916,bkl,0.9768102,0.07080406145014444,False
ISIC_0025374,bkl,0.99877375,0.005404181760108657,False
ISIC_0031961,bkl,0.9818293,0.06131589475682247,False
ISIC_0030533,bkl,0.9759143,0.08003230344208781,False
ISIC_0032456,bkl,0.9969235,0.012501845544524541,False
ISIC_0026072,bkl,0.9843477,0.05233599522217687,False
ISIC_0025939,bkl,0.9889852,0.040056132478958575,False
ISIC_0027335,bkl,0.97329956,0.08441274261302138,False
ISIC_0026365,bkl,0.99504375,0.018587660077178898,False
ISIC_0031716,bkl,0.9825525,0.06065866270948223,False
ISIC_0029080,bkl,0.8221355,0.3750516408734253,True
ISIC_0028650,bkl,0.92682505,0.18533362516928034,False
ISIC_0027973,bkl,0.9849421,0.05308178070459185,False
ISIC_0024495,bkl,0.9820185,0.0574661176356822,False
ISIC_0027018,bkl,0.97907764,0.0644329465722617,False
ISIC_0025389,bkl,0.97410345,0.07672236227382104,False
ISIC_0031903,bkl,0.98885226,0.040475850031401216,False
ISIC_0029384,bkl,0.98476255,0.05105712786244494,False
ISIC_0031630,bkl,0.989608,0.0365006247631324,False
ISIC_0027893,bkl,0.99315965,0.02584605525731348,False
ISIC_0028749,bkl,0.9971493,0.012314617133142778,False
ISIC_0032445,bkl,0.97864294,0.06936075685519308,False
ISIC_0026961,bkl,0.97563,0.07795900134596047,False
ISIC_0030849,bkl,0.987306,0.044632531733216484,False
ISIC_0024420,bkl,0.99172604,0.03050785681048794,False
ISIC_0030801,bkl,0.9863789,0.04711969325502824,False
ISIC_0032358,bkl,0.97170055,0.08921683538496455,False
ISIC_0031200,bkl,0.99709237,0.012447819640543938,False
ISIC_0029101,bkl,0.97378856,0.08024392348517762,False
ISIC_0024612,bkl,0.99903595,0.004703704389280395,False
ISIC_0031707,bkl,0.9652848,0.10222869212524936,False
ISIC_0030231,bkl,0.85922873,0.3261007354821843,False
ISIC_0030081,bkl,0.8905384,0.24276702152961885,False
ISIC_0031334,bkl,0.99606615,0.015917810192223002,False
ISIC_0027681,bkl,0.9701952,0.09258195780998925,False
ISIC_0025040,bkl,0.9869639,0.04591156756195322,False
ISIC_0030988,bkl,0.9876243,0.04322183737721927,False
ISIC_0024336,bkl,0.9976968,0.010193611506766542,False
ISIC_0027953,bkl,0.9518217,0.1244277763124879,False
ISIC_0028995,bkl,0.9565718,0.11685709320120638,False
ISIC_0026142,bkl,0.99454206,0.02127126794512434,False
ISIC_0029206,bkl,0.934576,0.17521277312838743,False
ISIC_0031951,bkl,0.87897307,0.23310195472356238,False
ISIC_0030310,bkl,0.9503504,0.13689247635587193,False
ISIC_0030608,bkl,0.99586344,0.016747871337084858,False
ISIC_0026553,bkl,0.7969284,0.3575413707127464,True
ISIC_0029040,bkl,0.9963977,0.014587145313983209,False
ISIC_0029588,bkl,0.99835384,0.0073642626342947624,False
ISIC_0031181,bkl,0.9889592,0.03766502126293569,False
ISIC_0024947,bkl,0.9921598,0.02984787182645544,False
ISIC_0026139,bkl,0.9432908,0.150085957998708,False
ISIC_0027967,bkl,0.9769086,0.0772549923478978,False
ISIC_0024338,bkl,0.9886567,0.041297595890781254,False
ISIC_0030935,bkl,0.9984919,0.00693655333343636,False
ISIC_0029213,bkl,0.996696,0.013793658215739853,False
ISIC_0032040,bkl,0.9970893,0.012011613184255336,False
ISIC_0025068,bkl,0.8318066,0.36882980484916994,True
ISIC_0030372,bkl,0.9893556,0.03917202245707,False
ISIC_0028404,bkl,0.98329675,0.05312766936419799,False
ISIC_0025083,bkl,0.9941543,0.023148625273291423,False
ISIC_0029849,bkl,0.93888146,0.15993408935153866,False
ISIC_0025292,bkl,0.99888176,0.005182476549776248,False
ISIC_0024312,bkl,0.98734146,0.0455432330559782,False
ISIC_0030976,bkl,0.8643981,0.3050985929434059,False
ISIC_0028376,bkl,0.99311286,0.02612501695623581,False
ISIC_0026576,bkl,0.989302,0.03851903659441923,False
ISIC_0026409,bkl,0.9391298,0.16620409219580612,False
ISIC_0025345,bkl,0.9979165,0.009019785528745064,False
ISIC_0032303,bkl,0.99847966,0.0069606295643655095,False
ISIC_0032103,bkl,0.98316634,0.05603593065006005,False
ISIC_0028707,bkl,0.97213036,0.08388481435571526,False
ISIC_0024825,bkl,0.9951879,0.019357751042379006,False
ISIC_0024881,bkl,0.9405914,0.16102278200672512,False
ISIC_0027094,bkl,0.9845749,0.05194366536953921,False
ISIC_0028628,bkl,0.9729409,0.08564191544517483,False
ISIC_0027509,bkl,0.97788006,0.06857164037897229,False
ISIC_0028414,bkl,0.98911893,0.03958111497568644,False
ISIC_0026539,bkl,0.8815211,0.22066597098781673,False
ISIC_0029764,bkl,0.9967753,0.013364406849161268,False
ISIC_0028842,bkl,0.87968606,0.274027149879207,False
ISIC_0026871,bkl,0.5089047,0.5498616352420357,True
ISIC_0027859,bkl,0.88514197,0.2599562816593108,False
ISIC_0026744,bkl,0.9187376,0.207862678875489,False
ISIC_0025066,bkl,0.9584054,0.12478143104199818,False
ISIC_0028236,bkl,0.8767551,0.25677354990504103,False
ISIC_0029329,bkl,0.9990024,0.00476430967794608,False
ISIC_0028343,bkl,0.89803916,0.24480322981395944,False
ISIC_0031519,bkl,0.97998536,0.0659040026069148,False
ISIC_0025113,bkl,0.86678034,0.31095788366930616,False
ISIC_0031261,bkl,0.9496413,0.14163137162295292,False
ISIC_0028121,bkl,0.9259946,0.1951885259130316,False
ISIC_0029612,bkl,0.99896157,0.005007607637202045,False
ISIC_0028913,bkl,0.9991007,0.00439438955318429,False
ISIC_0026015,bkl,0.9809589,0.0634219372724986,False
ISIC_0029443,bkl,0.9935441,0.024410603615290963,False
ISIC_0027239,bkl,0.9644505,0.11021740044124335,False
ISIC_0028124,bkl,0.9654944,0.10381141247936457,False
ISIC_0029115,bkl,0.9913857,0.03160045871235424,False
ISIC_0030700,bkl,0.9648151,0.10417342939765915,False
ISIC_0031496,bkl,0.9934488,0.02609497586960504,False
ISIC_0025623,bkl,0.9904366,0.03508545449198462,False
ISIC_0031465,bkl,0.9932147,0.02559821820703014,False
ISIC_0031831,bkl,0.9964529,0.014579393825341354,False
ISIC_0027770,bkl,0.98449266,0.04796256283030707,False
ISIC_0024709,bkl,0.99365836,0.024872932339427948,False
ISIC_0027388,bkl,0.9838681,0.05337854268540896,False
ISIC_0030241,bkl,0.978542,0.07025580204703034,False
ISIC_0028931,bkl,0.99668604,0.01421761429518992,False
ISIC_0030605,bkl,0.99189126,0.03087070841612454,False
ISIC_0031000,bkl,0.98587245,0.048931830105287025,False
ISIC_0024786,bkl,0.99588877,0.017015539869423266,False
ISIC_0029029,bkl,0.9293799,0.16611383875531918,False
ISIC_0030130,bkl,0.9694048,0.09018671144566644,False
ISIC_0027392,bkl,0.9952428,0.019662758432329352,False
ISIC_0031037,bkl,0.9719373,0.08959619695307271,False
ISIC_0025799,bkl,0.98975694,0.03763936802811206,False
ISIC_0029627,bkl,0.99462295,0.02163464218755996,False
ISIC_0031825,bkl,0.8641139,0.2934666351908069,False
ISIC_0030677,bkl,0.9801569,0.06789815490150872,False
ISIC_0025038,bkl,0.9169135,0.21140360636471692,False
ISIC_0030383,bkl,0.9916511,0.02945565109578681,False
ISIC_0025465,bkl,0.994392,0.021450308379988146,False
ISIC_0024489,bkl,0.9833982,0.05802942055515778,False
ISIC_0026276,bkl,0.99488586,0.020782194766473472,False
ISIC_0027435,bkl,0.97824347,0.07115175850303,False
ISIC_0028180,bkl,0.9904004,0.0355903407840417,False
ISIC_0032395,bkl,0.9940638,0.022630745809238236,False
ISIC_0032031,bkl,0.98695904,0.04462898239759237,False
ISIC_0031888,bkl,0.9276786,0.18925679351506228,False
ISIC_0028294,bkl,0.9859,0.046723676228489816,False
ISIC_0028662,bkl,0.4978639,0.5807244217860931,True
ISIC_0031349,bkl,0.96296215,0.10193247001101585,False
ISIC_0026263,bkl,0.910762,0.22928234886964752,False
ISIC_0024877,bkl,0.93940663,0.1606940836629731,False
ISIC_0030835,bkl,0.9933642,0.025554661311604235,False
ISIC_0026280,bkl,0.9970696,0.012144919070363993,False
ISIC_0027811,bkl,0.99178946,0.03066285595259689,False
ISIC_0029232,bkl,0.9980489,0.008635300971354213,False
ISIC_0025470,bkl,0.99123865,0.03195946616160832,False
ISIC_0026249,bkl,0.9878407,0.042390986533897355,False
ISIC_0031218,bkl,0.9867743,0.04742900234786282,False
ISIC_0024705,bkl,0.97155166,0.08990705289767874,False
ISIC_0026803,bkl,0.9987012,0.005798436083963214,False
ISIC_0027737,bkl,0.99647,0.014909706025582645,False
ISIC_0024774,bkl,0.9978734,0.009570572924141586,False
ISIC_0026016,bkl,0.99318826,0.025915989038515493,False
ISIC_0029505,bkl,0.9971209,0.011920557601575035,False
ISIC_0025378,bkl,0.9971003,0.01231332489929905,False
ISIC_0030394,bkl,0.99453306,0.02204106026072501,False
ISIC_0027735,bkl,0.95161897,0.139303129976453,False
ISIC_0024814,bkl,0.96533847,0.09985909133806813,False
ISIC_0026069,bkl,0.98705995,0.04690260179812306,False
ISIC_0026524,bkl,0.9779685,0.07277151906515772,False
ISIC_0027162,bkl,0.98751605,0.04139516624645445,False
ISIC_0031277,bkl,0.99249345,0.0283205299144106,False
ISIC_0027270,bkl,0.9909492,0.033676138518754055,False
ISIC_0031853,bkl,0.9880872,0.04121517243017705,False
ISIC_0031329,bkl,0.997399,0.011026667762515083,False
ISIC_0030369,bkl,0.99561286,0.01759507133155556,False
ISIC_0032159,bkl,0.9960318,0.015831922587707353,False
ISIC_0024382,bkl,0.998329,0.007358315486982853,False
ISIC_0029070,bkl,0.8767524,0.2999065313687451,False
ISIC_0028822,bkl,0.97108173,0.09050926832842485,False
ISIC_0028876,bkl,0.98778707,0.04139188492970164,False
ISIC_0029527,bkl,0.9940772,0.023870746603791862,False
ISIC_0031987,bkl,0.9940737,0.023148468290809666,False
ISIC_0028623,bkl,0.9930674,0.02668009552520376,False
ISIC_0025515,bkl,0.99469274,0.020840113644559587,False
ISIC_0029823,bkl,0.99923706,0.0036351227215433443,False
ISIC_0026631,bkl,0.9710586,0.08892374526268414,False
ISIC_0024490,bkl,0.97087044,0.09179779585404634,False
ISIC_0025103,bkl,0.96470904,0.10567364588550877,False
ISIC_0025710,bkl,0.98140436,0.06166495104826959,False
ISIC_0028094,bkl,0.9947577,0.021551833928433402,False
ISIC_0029455,bkl,0.94724786,0.15191393859310112,False
ISIC_0025466,bkl,0.91416025,0.1940845332091354,False
ISIC_0030123,bkl,0.997366,0.011325873501112221,False
ISIC_0031945,bkl,0.95590085,0.12204385565989766,False
ISIC_0029931,bkl,0.99545527,0.01835138229793026,False
ISIC_0024782,bkl,0.9982943,0.007377037083747698,False
ISIC_0029872,bkl,0.9872951,0.04643342710624509,False
ISIC_0029135,bkl,0.99465054,0.0208725496712474,False
ISIC_0029947,bkl,0.990555,0.03429986820718284,False
ISIC_0028264,bkl,0.9907436,0.033854803727198055,False
ISIC_0025526,bkl,0.99556893,0.017708014483917837,False
ISIC_0024435,bkl,0.9938187,0.02394374537222915,False
ISIC_0026590,bkl,0.9943771,0.022014888217943385,False
ISIC_0029235,bkl,0.9874769,0.0440165631055321,False
ISIC_0027826,bkl,0.9509313,0.1416097463288807,False
ISIC_0029320,bkl,0.99176425,0.03110749543122863,False
ISIC_0029427,bkl,0.9466239,0.15121306158699158,False
ISIC_0029464,bkl,0.9955136,0.01842108443425066,False
ISIC_0026530,bkl,0.9973859,0.011409369994411845,False
ISIC_0024915,bkl,0.9933089,0.02487638978286761,False
ISIC_0024409,bkl,0.99773186,0.009586826354264912,False
ISIC_0029924,bkl,0.98408777,0.0531866679754513,False
ISIC_0028309,bkl,0.9904917,0.03293783076284811,False
ISIC_0027905,bkl,0.9743397,0.08276938107485593,False
ISIC_0024909,bkl,0.99182,0.031194463726121734,False
ISIC_0028258,bkl,0.9725084,0.0885631909616586,False
ISIC_0027820,bkl,0.9341303,0.16902631559514256,False
ISIC_0029555,bkl,0.8976901,0.25306363268862275,False
ISIC_0027831,bkl,0.84602964,0.31978075860494404,True
ISIC_0024602,bkl,0.994696,0.021083901695465913,False
ISIC_0024943,bkl,0.99571973,0.01760700965785109,False
ISIC_0024770,bkl,0.99612707,0.015610741928594473,False
ISIC_0028449,bkl,0.91357654,0.19749979813613774,False
ISIC_0028123,bkl,0.9882554,0.04003864233318629,False
ISIC_0026717,bkl,0.9975073,0.010598831152692816,False
ISIC_0030173,bkl,0.9951938,0.019830901985654643,False
ISIC_0029012,bkl,0.9833062,0.057603461991855065,False
ISIC_0032170,bkl,0.9840716,0.05476490092789289,False
ISIC_0024498,bkl,0.9972843,0.011556268266136005,False
ISIC_0025005,bkl,0.9696667,0.09491232063441339,False
ISIC_0025851,bkl,0.97891825,0.06977248744527123,False
ISIC_0028347,bkl,0.9958982,0.01718613005215935,False
ISIC_0033460,bkl,0.92568743,0.19412004953842257,False
ISIC_0034315,bkl,0.97621983,0.07759680064329699,False
ISIC_0032967,bkl,0.98360497,0.05545342226403591,False
ISIC_0033199,bkl,0.9565641,0.12477502921981533,False
ISIC_0032719,bkl,0.9862244,0.04722046069295185,False
ISIC_0030630,bkl,0.9957561,0.017766264556752048,False
ISIC_0033305,bkl,0.99865925,0.006272678725534239,False
ISIC_0032179,bkl,0.9889237,0.04110771217815319,False
ISIC_0031428,bkl,0.98920923,0.03945919701997691,False
ISIC_0032315,bkl,0.99613094,0.016449290656783983,False
ISIC_0028411,bkl,0.99900526,0.004802550227617863,False
ISIC_0034197,bkl,0.87751836,0.27606969872427417,False
ISIC_0034057,bkl,0.93543816,0.17503286354661243,False
ISIC_0033260,bkl,0.9928001,0.02745823854306567,False
ISIC_0032643,bkl,0.9951644,0.019430881905831424,False
ISIC_0033732,bkl,0.9900635,0.03514896347795767,False
ISIC_0032827,bkl,0.9976284,0.010249304871010681,False
ISIC_0033022,bkl,0.99822956,0.00781591942130307,False
ISIC_0032835,bkl,0.95868987,0.11505060772029084,False
ISIC_0033480,bkl,0.9748879,0.07613353247127544,False
ISIC_0034165,bkl,0.971982,0.08915931087750334,False
ISIC_0033185,bkl,0.7348873,0.4409693660465502,True
ISIC_0032804,bkl,0.97501886,0.08040896950611899,False
ISIC_0033924,bkl,0.99514043,0.019890949699347016,False
ISIC_0033531,bkl,0.992415,0.029434222987027043,False
ISIC_0033528,bkl,0.9994211,0.00283364148185859,False
ISIC_0033865,bkl,0.9981895,0.007873170166631464,False
ISIC_0034167,bkl,0.9961045,0.016456111737058354,False
ISIC_0033949,bkl,0.99301976,0.02714405150677359,False
ISIC_0032773,bkl,0.97755855,0.07374549198574934,False
ISIC_0033156,bkl,0.99359906,0.025127898691687644,False
ISIC_0034142,bkl,0.9620183,0.09800726472181208,False
ISIC_0033784,bkl,0.92702514,0.19347640604785682,False
ISIC_0033307,bkl,0.87760395,0.2956267754012327,False
ISIC_0033553,bkl,0.99727935,0.01133325454938554,False
ISIC_0033401,bkl,0.99622273,0.015875391419789834,False
ISIC_0033169,bkl,0.99469227,0.021534663490886157,False
ISIC_0033660,bkl,0.98996824,0.035609936792374126,False
ISIC_0034221,bkl,0.9840785,0.05431910131043256,False
ISIC_0033945,bkl,0.9760753,0.07718048310167874,False
ISIC_0033491,bkl,0.9844468,0.05258267596247264,False
ISIC_0034280,bkl,0.99262047,0.027236106416959706,False
ISIC_0033391,bkl,0.9740747,0.08407137846318033,False
ISIC_0033750,bkl,0.99787855,0.009487332963190199,False
ISIC_0033685,bkl,0.9947037,0.020926254909792705,False
ISIC_0033631,bkl,0.9687281,0.09831942247236439,False
ISIC_0033490,bkl,0.967771,0.09536725586654374,False
ISIC_0032740,bkl,0.9745601,0.07950363238962412,False
ISIC_0034186,bkl,0.9745847,0.08302464990555608,False
ISIC_0031601,bkl,0.9839318,0.05529040169999331,False
ISIC_0034252,bkl,0.9767854,0.07707039626471623,False
ISIC_0033829,bkl,0.93816406,0.1726459334249817,False
ISIC_0026790,bkl,0.981824,0.06167270445133195,False
ISIC_0029113,bkl,0.9846095,0.05355609752995761,False
ISIC_0030323,bkl,0.99892336,0.005062461049447762,False
ISIC_0032113,bkl,0.99478674,0.020517122188345574,False
ISIC_0032330,bkl,0.9883543,0.04233434648871141,False
ISIC_0026511,bkl,0.9905122,0.03488541669297563,False
ISIC_0032271,bkl,0.9896327,0.037404185297394706,False
ISIC_0031897,bkl,0.99164236,0.03196332563335492,False
ISIC_0027747,bkl,0.8368946,0.3414338653783155,True
ISIC_0031253,bkl,0.98514557,0.0514958977277954,False
ISIC_0024643,bkl,0.99652666,0.01428671530347042,False
ISIC_0026205,bkl,0.9923764,0.02918217612604392,False
ISIC_0031396,bkl,0.82930285,0.3759100057683058,True
ISIC_0031196,bkl,0.9206451,0.18777766628354228,False
ISIC_0032249,bkl,0.94795966,0.14656282696253384,False
ISIC_0024337,bkl,0.98221534,0.05621347017924462,False
ISIC_0027370,bkl,0.9958884,0.016891828101696593,False
ISIC_0026566,bkl,0.9736212,0.08428564040657287,False
ISIC_0028681,bkl,0.95529646,0.12720211622604757,False
ISIC_0024383,bkl,0.99581665,0.017377738657666224,False
ISIC_0029801,bkl,0.9914957,0.03196666438272301,False
ISIC_0029793,bkl,0.7873517,0.3908919237354964,True
ISIC_0031133,bkl,0.96333486,0.1118349862216726,False
ISIC_0030959,bkl,0.96320385,0.11430366209904727,False
ISIC_0026046,bkl,0.9639248,0.11026302491081923,False
ISIC_0027875,bkl,0.96931833,0.09608131174343881,False
ISIC_0029107,bkl,0.9140563,0.2142114792679162,False
ISIC_0028587,bkl,0.95576197,0.1300776447500429,False
ISIC_0026291,bkl,0.6145096,0.5363928752453371,True
ISIC_0030316,bkl,0.9801499,0.06659300254818512,False
ISIC_0028497,bkl,0.9944318,0.02188560165769385,False
ISIC_0029345,bkl,0.9241979,0.20440842103155477,False
ISIC_0026846,bkl,0.9575055,0.12196323558341314,False
ISIC_0026441,bkl,0.91264254,0.21080247832482005,False
ISIC_0026907,bkl,0.99257046,0.027863149967289964,False
ISIC_0028448,bkl,0.47796044,0.5372243769916321,True
ISIC_0028503,bkl,0.96640825,0.10359043474882566,False
ISIC_0032460,bkl,0.9782305,0.072816814254406,False
ISIC_0030067,bkl,0.9747155,0.08050407791701732,False
ISIC_0031436,bkl,0.9861837,0.04413062045063074,False
ISIC_0027041,bkl,0.8309412,0.3415328026302323,True
ISIC_0026959,bkl,0.9564824,0.12488558317538209,False
ISIC_0027167,bkl,0.97965413,0.0685306181763006,False
ISIC_0028525,bkl,0.9157095,0.19913192585475506,False
ISIC_0027954,bkl,0.972369,0.0859656056648747,False
ISIC_0024850,bkl,0.96624017,0.1050713155895321,False
ISIC_0031088,bkl,0.9690402,0.09683916956158498,False
ISIC_0025758,bkl,0.9909065,0.03404335500315169,False
ISIC_0025392,bkl,0.98928666,0.038842098884192086,False
ISIC_0025856,bkl,0.99503773,0.019900226981134726,False
ISIC_0030160,bkl,0.9501916,0.140434062405755,False
ISIC_0028331,bkl,0.535452,0.5509788604204916,True
ISIC_0026783,bkl,0.9878875,0.04333565733417478,False
ISIC_0029731,bkl,0.99209726,0.02987237258013251,False
ISIC_0025804,bkl,0.9526066,0.13257512116955836,False
ISIC_0027710,bkl,0.9397363,0.15369234335398735,False
ISIC_0031024,bkl,0.92682594,0.1949397431390167,False
ISIC_0026135,bkl,0.78477865,0.36887081939415955,True
ISIC_0029233,bkl,0.9899332,0.03762036166129647,False
ISIC_0030207,bkl,0.9943914,0.022245717556422764,False
ISIC_0026967,bkl,0.9855833,0.050800534252752404,False
ISIC_0025131,bkl,0.93502975,0.17371906567026918,False
ISIC_0030226,bkl,0.97047937,0.09332495206730178,False
ISIC_0028958,bkl,0.9992324,0.003728293499583777,False
ISIC_0029227,bkl,0.8299861,0.33333899095856184,True
ISIC_0025454,bkl,0.93102944,0.18778131134019185,False
ISIC_0025879,bkl,0.95871264,0.11649111726129872,False
ISIC_0027612,bkl,0.84384024,0.3267542114364855,True
ISIC_0029676,bkl,0.9666822,0.1041734830014334,False
ISIC_0032359,bkl,0.9722996,0.08661580413126405,False
ISIC_0027428,bkl,0.9745599,0.08111781050154693,False
ISIC_0026262,bkl,0.9795873,0.06829701292808284,False
ISIC_0026416,bkl,0.99668807,0.013671234853015888,False
ISIC_0025431,bkl,0.9922376,0.028629216820579676,False
ISIC_0027332,bkl,0.89921784,0.23947035878200407,False
ISIC_0028925,bkl,0.9658709,0.10561719345353272,False
ISIC_0031362,bkl,0.99316907,0.02643497886646403,False
ISIC_0026941,bkl,0.98902917,0.03888237063402416,False
ISIC_0025387,bkl,0.9982761,0.007789459258234807,False
ISIC_0029880,bkl,0.9972947,0.011701394741678877,False
ISIC_0030488,bkl,0.99697626,0.012369478681675658,False
ISIC_0031761,bkl,0.97980016,0.06374518334664034,False
ISIC_0030583,bkl,0.97346324,0.08347080177639012,False
ISIC_0028797,bkl,0.8103508,0.38994613874248263,True
ISIC_0030789,bkl,0.8825984,0.2913000318967419,False
ISIC_0027008,df,0.98182756,0.058263496750820806,False
ISIC_0028790,df,0.9419105,0.14859013702034757,False
ISIC_0028880,df,0.9472567,0.1490396735866419,False
ISIC_0031309,df,0.9935422,0.02530031523158953,False
ISIC_0030021,df,0.9961392,0.016196801564663226,False
ISIC_0027118,df,0.9931415,0.0268093610268277,False
ISIC_0030244,df,0.9937556,0.023497748569456366,False
ISIC_0031827,df,0.9863213,0.04566894539313701,False
ISIC_0032410,df,0.94857293,0.1410781040957867,False
ISIC_0030579,df,0.9727472,0.0733676696117306,False
ISIC_0032642,df,0.9926399,0.026821458250025496,False
ISIC_0033790,df,0.9642058,0.10569014053261626,False
ISIC_0033675,df,0.98334736,0.05403523103732458,False
ISIC_0029248,df,0.9958334,0.01734997764586194,False
ISIC_0030442,df,0.9923693,0.02895228293919355,False
ISIC_0032247,df,0.98695475,0.04425372917589701,False
ISIC_0031429,df,0.9963425,0.01418057791601844,False
ISIC_0025302,df,0.9327819,0.17603007753218605,False
ISIC_0029039,df,0.9776807,0.06979818662618707,False
ISIC_0025504,df,0.80478054,0.4180547939958757,True
ISIC_0027727,df,0.9982424,0.008037943382650264,False
ISIC_0027107,df,0.99491054,0.02012948075153501,False
ISIC_0027648,df,0.99530834,0.017820695360670352,False
ISIC_0032138,df,0.9734265,0.07557828926214369,False
ISIC_0028926,df,0.9626375,0.11052657169580127,False
ISIC_0029578,df,0.99861515,0.006505946557137243,False
ISIC_0030011,df,0.9739619,0.08031072144558553,False
ISIC_0030427,df,0.9765147,0.07313153732844066,False
ISIC_0027626,df,0.9812119,0.06224910966477268,False
ISIC_0030757,df,0.96294373,0.10873064615841461,False
ISIC_0031358,df,0.99126464,0.03317933108124591,False
ISIC_0031735,df,0.93448216,0.16312043553172983,False
ISIC_0031344,df,0.85618913,0.24467170146729358,False
ISIC_0028346,df,0.91401714,0.17271450030994012,False
ISIC_0025154,df,0.8952008,0.23750190566832596,False
ISIC_0029962,df,0.90033185,0.24225630008384966,False
ISIC_0031457,df,0.981434,0.06184245994672601,False
ISIC_0029824,df,0.97205406,0.07905196698772352,False
ISIC_0025622,df,0.99241453,0.027927057152728935,False
ISIC_0031372,df,0.9936308,0.023909335577996325,False
ISIC_0026313,df,0.9533607,0.11468036645148862,False
ISIC_0026417,df,0.998538,0.006961906004240036,False
ISIC_0028735,df,0.9686068,0.09507910494917712,False
ISIC_0031443,df,0.99984837,0.0008426424771459252,False
ISIC_0025223,df,0.9890639,0.03694360635360315,False
ISIC_0030015,df,0.9989563,0.0047505832828949315,False
ISIC_0024318,df,0.99817383,0.008059449025440653,False
ISIC_0024396,df,0.983512,0.05749878913609264,False
ISIC_0024330,df,0.95771056,0.1245707911822091,False
ISIC_0027188,df,0.9977113,0.009811914345637123,False
ISIC_0031123,df,0.98071116,0.06622309821739254,False
ISIC_0024845,df,0.9762698,0.07199406523867913,False
ISIC_0032613,df,0.98282385,0.05453488713255045,False
ISIC_0033256,df,0.9996586,0.0018351837212103766,False
ISIC_0034135,df,0.9945951,0.020409503039419453,False
ISIC_0033626,df,0.99898165,0.004681869944767549,False
ISIC_0033780,df,0.99984086,0.0009316971314402404,False
ISIC_0033891,df,0.99001104,0.03597664021207529,False
ISIC_0033554,df,0.9649009,0.10923922345321348,False
ISIC_0033810,df,0.99837804,0.0073567930440728915,False
ISIC_0033695,df,0.9978751,0.009418380322499162,False
ISIC_0033005,df,0.9935587,0.025609942118228635,False
ISIC_0033422,df,0.9950412,0.01934948266019966,False
ISIC_0027488,df,0.9687742,0.09269947259852755,False
ISIC_0033808,df,0.9798319,0.06478098822083894,False
ISIC_0033847,df,0.9958111,0.01751619912099597,False
ISIC_0033860,df,0.99766195,0.010459494841980096,False
ISIC_0024994,df,0.9834856,0.05733796632679463,False
ISIC_0027745,df,0.9691321,0.09447558005480271,False
ISIC_0025594,df,0.9631314,0.11313555162345608,False
ISIC_0025911,df,0.9005741,0.24310576675220327,False
ISIC_0026471,df,0.97885203,0.07075802346573858,False
ISIC_0025980,df,0.96163493,0.11256009979142895,False
ISIC_0031271,df,0.99854314,0.006704042176539626,False
ISIC_0028651,df,0.9059573,0.2254058617535625,False
ISIC_0030665,df,0.97945,0.06783891507327125,False
ISIC_0027141,df,0.8031859,0.39906953175197674,True
ISIC_0031257,df,0.99229604,0.028936303271203043,False
ISIC_0024386,df,0.9535479,0.1327791524497496,False
ISIC_0026629,df,0.96844506,0.0960306561767647,False
ISIC_0031799,df,0.9909825,0.03298515906667719,False
ISIC_0029130,df,0.99035746,0.03627749522394113,False
ISIC_0027044,df,0.93239886,0.1723271594371495,False
ISIC_0029177,df,0.998319,0.007771153569325591,False
ISIC_0025373,df,0.9990934,0.004292010651797047,False
ISIC_0025771,df,0.94381833,0.15463808240090893,False
ISIC_0030870,df,0.9884828,0.04045614681552027,False
ISIC_0029297,df,0.9999192,0.0004868808082139601,False
ISIC_0027216,df,0.98100877,0.06388305225403274,False
ISIC_0024693,nv,0.9304428,0.18726699078386533,False
ISIC_0025964,mel,0.98060215,0.06122447734866593,False
ISIC_0030623,mel,0.98792857,0.043016381768169173,False
ISIC_0031023,mel,0.9830308,0.059531972636028656,False
ISIC_0028086,mel,0.99627835,0.01587693061387925,False
ISIC_0031177,mel,0.97140604,0.09115095911007119,False
ISIC_0026993,mel,0.9994597,0.002768242962842931,False
ISIC_0026120,mel,0.98708147,0.04703406505449159,False
ISIC_0028412,mel,0.99129313,0.032811754685792546,False
ISIC_0030417,mel,0.9958288,0.017276976963004145,False
ISIC_0030443,mel,0.8629507,0.3189993993606266,False
ISIC_0031499,mel,0.96067506,0.11990633624220884,False
ISIC_0025450,mel,0.91729385,0.18267801761570282,False
ISIC_0024586,mel,0.98286533,0.0563895585776832,False
ISIC_0025451,mel,0.9313901,0.1839303549360179,False
ISIC_0032248,mel,0.92486626,0.1948860781033021,False
ISIC_0028445,mel,0.98695135,0.04648100428474036,False
ISIC_0027076,mel,0.9422189,0.1562352604587098,False
ISIC_0029512,mel,0.99502015,0.020491934157705692,False
ISIC_0027872,mel,0.97256684,0.07913153030408694,False
ISIC_0030486,mel,0.9973787,0.011028165796563552,False
ISIC_0029028,mel,0.8864792,0.24353949786277346,False
ISIC_0027125,mel,0.983536,0.05687670202046077,False
ISIC_0029575,mel,0.9770905,0.07489356230744995,False
ISIC_0028361,mel,0.9288474,0.18947430231563847,False
ISIC_0029081,mel,0.9992632,0.003673376193553565,False
ISIC_0025744,mel,0.9853098,0.05190573304156942,False
ISIC_0025303,mel,0.99158657,0.03178436943299352,False
ISIC_0030129,mel,0.9397777,0.1628649905743428,False
ISIC_0032214,mel,0.7999937,0.37157327664643885,True
ISIC_0028069,mel,0.9840238,0.05251400569880671,False
ISIC_0028579,mel,0.98371524,0.055268852982741465,False
ISIC_0029281,mel,0.568016,0.5365190125838489,True
ISIC_0024367,mel,0.9921153,0.029950274179493922,False
ISIC_0030281,mel,0.99621433,0.015418471890801665,False
ISIC_0024481,mel,0.99822384,0.008174007948712718,False
ISIC_0031118,mel,0.9955712,0.01828178928357889,False
ISIC_0030080,mel,0.9786962,0.06953340695439708,False
ISIC_0026115,mel,0.6713061,0.5374012388159564,True
ISIC_0026281,mel,0.6192724,0.41818613855817266,True
ISIC_0027277,mel,0.7975724,0.3913223773581548,True
ISIC_0028642,mel,0.99103665,0.03341369826882634,False
ISIC_0032079,mel,0.97882915,0.06784283580647414,False
ISIC_0026150,mel,0.96239287,0.11404552163758327,False
ISIC_0031642,mel,0.9574607,0.12654206232287674,False
ISIC_0025277,mel,0.9565435,0.12859546976107222,False
ISIC_0024729,mel,0.98611635,0.04968563700963566,False
ISIC_0031711,mel,0.98852414,0.04160884237717116,False
ISIC_0025234,mel,0.99290824,0.026534635940492286,False
ISIC_0025751,mel,0.84892344,0.28637503964080013,True
ISIC_0026754,mel,0.9740182,0.07598406983327917,False
ISIC_0027063,mel,0.98077756,0.06426265503912507,False
ISIC_0032331,mel,0.9954203,0.019143841352360164,False
ISIC_0028109,mel,0.9129953,0.18660916526616722,False
ISIC_0033186,mel,0.93368864,0.17586680043579522,False
ISIC_0030171,mel,0.78634644,0.3523468280491056,True
ISIC_0028291,mel,0.83640045,0.3502301528419212,True
ISIC_0024898,mel,0.9707216,0.09077456872259335,False
ISIC_0029538,mel,0.73965925,0.39471405662448344,True
ISIC_0032313,mel,0.85376495,0.3168192572847204,False
ISIC_0027769,mel,0.99503833,0.02045324371921424,False
ISIC_0029913,mel,0.97159,0.08969926169560738,False
ISIC_0026909,mel,0.9984668,0.007045261787632231,False
ISIC_0025081,mel,0.9884234,0.04128229584207152,False
ISIC_0030134,mel,0.9171472,0.2101511312061252,False
ISIC_0030445,mel,0.9434867,0.1523274993691861,False
ISIC_0030798,mel,0.9814621,0.056086134413493985,False
ISIC_0026596,mel,0.9849572,0.05209783365314716,False
ISIC_0028056,mel,0.889343,0.2532533900494972,False
ISIC_0032019,mel,0.99542,0.018783455520339446,False
ISIC_0025155,mel,0.77239645,0.4142029799313136,True
ISIC_0031557,mel,0.9412883,0.1616600849365643,False
ISIC_0028901,mel,0.9792143,0.06965324202059257,False
ISIC_0032098,mel,0.9650723,0.10792331205662803,False
ISIC_0025603,mel,0.84105015,0.2996623738346805,True
ISIC_0029651,mel,0.9357369,0.16719691067189058,False
ISIC_0032044,mel,0.9855951,0.050095300025563845,False
ISIC_0024624,mel,0.9880519,0.041456714865826055,False
ISIC_0025674,mel,0.98344004,0.05632002299594711,False
ISIC_0031369,mel,0.86797225,0.28558642091391173,False
ISIC_0029547,mel,0.8829663,0.2545761474138236,False
ISIC_0026622,mel,0.9758134,0.07820894042996293,False
ISIC_0028326,mel,0.89914316,0.2364486527656063,False
ISIC_0027060,mel,0.98738015,0.04617519858143767,False
ISIC_0030818,mel,0.9946508,0.021474981431511046,False
ISIC_0024951,mel,0.9843248,0.04754886421594544,False
ISIC_0030106,mel,0.9684668,0.08830832033042436,False
ISIC_0024972,mel,0.9154353,0.18422704416885566,False
ISIC_0031779,mel,0.6989417,0.48262620677472867,True
ISIC_0028442,mel,0.9898155,0.034404617639765635,False
ISIC_0031745,mel,0.9919991,0.03041183139216569,False
ISIC_0031586,mel,0.98529506,0.05234220177346778,False
ISIC_0031972,mel,0.97920156,0.07012342369765841,False
ISIC_0030539,mel,0.97047406,0.09504834404043488,False
ISIC_0031977,mel,0.9679902,0.09396031760358563,False
ISIC_0024967,mel,0.9724717,0.08896415485079287,False
ISIC_0026369,mel,0.96072984,0.11667056738215151,False
ISIC_0030521,mel,0.9973941,0.011510692614283124,False
ISIC_0027487,mel,0.9910095,0.03334769670735028,False
ISIC_0030089,mel,0.97634184,0.07530667893797678,False
ISIC_0027616,mel,0.93739265,0.1718672543693772,False
ISIC_0027261,mel,0.96630937,0.09129535236255903,False
ISIC_0028505,mel,0.9573462,0.1227717259951873,False
ISIC_0025153,mel,0.9834999,0.05699997921473185,False
ISIC_0031598,mel,0.9821406,0.06212338966993183,False
ISIC_0025363,mel,0.992326,0.02957904698412946,False
ISIC_0029473,mel,0.96305877,0.10715072085824287,False
ISIC_0027651,mel,0.9290427,0.17190993828905088,False
ISIC_0030014,mel,0.9845479,0.053562947326539614,False
ISIC_0027238,mel,0.97127694,0.08997941799292747,False
ISIC_0029571,mel,0.9928109,0.028066694984671858,False
ISIC_0024675,mel,0.70326716,0.42423365510853994,True
ISIC_0025891,mel,0.97828263,0.06495955005057544,False
ISIC_0027693,mel,0.9394969,0.15799746156440594,False
ISIC_0029017,mel,0.95135146,0.13102252613657633,False
ISIC_0032220,mel,0.9850745,0.05266228139608726,False
ISIC_0028127,mel,0.9970066,0.012724274405809437,False
ISIC_0030165,mel,0.99954444,0.0023779569934014354,False
ISIC_0025927,mel,0.9906611,0.03384605482547089,False
ISIC_0029241,mel,0.8798472,0.2733252467437045,False
ISIC_0031545,mel,0.98602825,0.048780805300155224,False
ISIC_0028219,mel,0.9113807,0.19742213392491947,False
ISIC_0026314,mel,0.94539934,0.1327635460937584,False
ISIC_0026247,mel,0.9979977,0.009137952177466765,False
ISIC_0028467,mel,0.8931563,0.24792094784773588,False
ISIC_0029216,mel,0.99286157,0.02759217331631161,False
ISIC_0026489,mel,0.94921577,0.13393843361795224,False
ISIC_0028878,mel,0.9091506,0.2170823902096433,False
ISIC_0024400,mel,0.98444575,0.05152933882525055,False
ISIC_0027387,mel,0.99364376,0.02508350710891972,False
ISIC_0024911,mel,0.88439566,0.23269984983980463,False
ISIC_0027659,mel,0.9758715,0.07698857393215193,False
ISIC_0030223,mel,0.97279793,0.07632025739006328,False
ISIC_0032182,mel,0.9790052,0.06640767898521004,False
ISIC_0027721,mel,0.9322829,0.17941126577412417,False
ISIC_0026697,mel,0.9678422,0.09151017331674026,False
ISIC_0030760,mel,0.9923618,0.028836831895964185,False
ISIC_0028565,mel,0.94818074,0.14490003788504077,False
ISIC_0034006,mel,0.9883293,0.042379944156400146,False
ISIC_0029660,mel,0.94127667,0.15024353777966337,False
ISIC_0024496,mel,0.9743688,0.0811192578034519,False
ISIC_0028696,mel,0.96555537,0.10281178632394931,False
ISIC_0029343,mel,0.72563183,0.407125321362614,True
ISIC_0030552,mel,0.9285636,0.18806839783975535,False
ISIC_0029726,mel,0.92172307,0.18944973647166408,False
ISIC_0029513,mel,0.9323568,0.18208159139257662,False
ISIC_0024853,mel,0.9089686,0.2030152283078529,False
ISIC_0028916,mel,0.99904865,0.0046553719718942285,False
ISIC_0028029,mel,0.9700142,0.09412573885094681,False
ISIC_0028325,mel,0.9862359,0.048647668840261636,False
ISIC_0024537,mel,0.8374124,0.2791519463748557,True
ISIC_0032408,mel,0.9630684,0.1126124247327871,False
ISIC_0025489,mel,0.86019516,0.2644229156992517,False
ISIC_0025265,mel,0.62806576,0.5188350968253012,True
ISIC_0028317,mel,0.98894227,0.04101373710419632,False
ISIC_0031013,mel,0.9934362,0.02590709272640912,False
ISIC_0028969,mel,0.94791096,0.14354853358234781,False
ISIC_0032441,mel,0.9228787,0.20270424984033428,False
ISIC_0030324,mel,0.9847194,0.053470074958796056,False
ISIC_0025324,mel,0.9236585,0.19731442096938842,False
ISIC_0026996,mel,0.99164784,0.030939554806477317,False
ISIC_0030681,mel,0.98018897,0.06699545968531659,False
ISIC_0027327,mel,0.99663603,0.014028495393555296,False
ISIC_0025589,mel,0.9803561,0.06506614498452912,False
ISIC_0024756,mel,0.9902805,0.03545967775544602,False
ISIC_0029562,mel,0.9838463,0.05353288326686274,False
ISIC_0029453,mel,0.9944061,0.022136187815828434,False
ISIC_0025035,mel,0.9009282,0.22746827462583338,False
ISIC_0027776,mel,0.9698859,0.08392587484679713,False
ISIC_0025835,mel,0.7838704,0.35684069280636976,True
ISIC_0030828,mel,0.9940982,0.023426279423005954,False
ISIC_0030575,mel,0.81519973,0.3481481822497281,True
ISIC_0033931,mel,0.9939057,0.02354004386176669,False
ISIC_0033268,mel,0.9298549,0.1774989434697766,False
ISIC_0032750,mel,0.6004133,0.47427495316037954,True
ISIC_0033333,mel,0.98656297,0.04760898850645818,False
ISIC_0033717,mel,0.96685386,0.10262465554801353,False
ISIC_0034120,mel,0.9917794,0.03162168772138105,False
ISIC_0033834,mel,0.97784996,0.07249734341750845,False
ISIC_0033678,mel,0.9885971,0.04206676410529591,False
ISIC_0034046,mel,0.997818,0.009714240611256428,False
ISIC_0032550,mel,0.9967278,0.01375811508456557,False
ISIC_0033700,mel,0.96983206,0.09292167555819236,False
ISIC_0026188,mel,0.9743517,0.07912983795635678,False
ISIC_0032604,mel,0.94503564,0.13411382516732548,False
ISIC_0033428,mel,0.7919102,0.3582627243606226,True
ISIC_0028746,mel,0.9872284,0.04653126548078958,False
ISIC_0033975,mel,0.96078795,0.11935843675015048,False
ISIC_0033278,mel,0.98525673,0.051194927850699005,False
ISIC_0033679,mel,0.98187757,0.05751894032637275,False
ISIC_0033636,mel,0.96423864,0.09711012898277874,False
ISIC_0029909,mel,0.90939194,0.22808724506487624,False
ISIC_0033432,mel,0.99612844,0.01602622574008096,False
ISIC_0032833,mel,0.9771218,0.07484662837424577,False
ISIC_0034236,mel,0.99866986,0.006304299209085119,False
ISIC_0033027,mel,0.99152124,0.03220337099216571,False
ISIC_0034118,mel,0.9413666,0.1525102269779507,False
ISIC_0033476,mel,0.9799043,0.0679331581660994,False
ISIC_0033047,mel,0.9953218,0.019248244274830784,False
ISIC_0025987,mel,0.99318975,0.02715025422922348,False
ISIC_0032017,mel,0.9790965,0.06789500759419155,False
ISIC_0033946,mel,0.9685158,0.0951622290876877,False
ISIC_0033369,mel,0.8797228,0.25490314575216344,False
ISIC_0032447,mel,0.9980708,0.00877375090537116,False
ISIC_0033655,mel,0.9786541,0.07154061559686394,False
ISIC_0033831,mel,0.94419885,0.1533586368861832,False
ISIC_0032583,mel,0.9634367,0.10833265344991067,False
ISIC_0034162,mel,0.9952614,0.019411525200062646,False
ISIC_0032187,mel,0.99623495,0.01600632533888756,False
ISIC_0033204,mel,0.99845636,0.007147126188507621,False
ISIC_0033953,mel,0.9752181,0.07921916481731725,False
ISIC_0032823,mel,0.99779546,0.009775954828002082,False
ISIC_0032733,mel,0.9668998,0.09752565012546516,False
ISIC_0033183,mel,0.9369312,0.15754100245355024,False
ISIC_0032564,mel,0.9773703,0.07348212132745414,False
ISIC_0033362,mel,0.98463434,0.054252824072403165,False
ISIC_0029363,mel,0.873673,0.2904415138482207,False
ISIC_0032875,mel,0.98219806,0.06027798402006373,False
ISIC_0033802,mel,0.9027151,0.23539843230497323,False
ISIC_0033429,mel,0.47887984,0.5250672247742141,True
ISIC_0032685,mel,0.99281937,0.027840846968357483,False
ISIC_0032903,mel,0.9456549,0.14519594603431077,False
ISIC_0033323,mel,0.9150093,0.20827368198577365,False
ISIC_0032637,mel,0.9891795,0.038811249912106424,False
ISIC_0032993,mel,0.9897329,0.037860177289646156,False
ISIC_0033804,mel,0.9971788,0.01247187241982185,False
ISIC_0033801,mel,0.9367549,0.17035789460917553,False
ISIC_0033216,mel,0.99727255,0.012129316543213805,False
ISIC_0033154,mel,0.99015045,0.037085618066977515,False
ISIC_0033192,mel,0.983452,0.05807055379421901,False
ISIC_0034222,mel,0.9947897,0.020832006073703016,False
ISIC_0032569,mel,0.8491932,0.2804934191140803,True
ISIC_0034064,mel,0.90453833,0.24046274842789442,False
ISIC_0033902,mel,0.9848482,0.052720353427814115,False
ISIC_0032774,mel,0.943615,0.1587177584521611,False
ISIC_0032840,mel,0.99818736,0.008171659911958153,False
ISIC_0034313,mel,0.9836928,0.05638381148731451,False
ISIC_0033570,mel,0.9957975,0.01724976921872703,False
ISIC_0033180,mel,0.98285806,0.05888874648913392,False
ISIC_0033962,mel,0.94060373,0.16649777961728543,False
ISIC_0033603,mel,0.8868145,0.27892105194607897,False
ISIC_0033325,mel,0.9911494,0.03138112164019175,False
ISIC_0034208,mel,0.98546326,0.048090813689061124,False
ISIC_0033068,mel,0.99022526,0.036645917793259576,False
ISIC_0034218,mel,0.99869835,0.006199835503763328,False
ISIC_0034263,mel,0.9888986,0.04117516487037525,False
ISIC_0034262,mel,0.99906856,0.004577360293353536,False
ISIC_0033103,mel,0.99586993,0.017344749363451244,False
ISIC_0034106,mel,0.98151016,0.06191276895434784,False
ISIC_0033725,mel,0.9988707,0.005500654195619813,False
ISIC_0032537,mel,0.9645668,0.10632901328727302,False
ISIC_0033287,mel,0.9825915,0.05871267723490043,False
ISIC_0029632,mel,0.9805956,0.06556229386138208,False
ISIC_0033485,mel,0.7783968,0.3713014289341288,True
ISIC_0033175,mel,0.9742371,0.07758709836015625,False
ISIC_0033886,mel,0.9805485,0.06041767162693989,False
ISIC_0032892,mel,0.9853227,0.04819264554478785,False
ISIC_0033942,mel,0.98075897,0.06371784925060961,False
ISIC_0033473,mel,0.99538016,0.01930856000739445,False
ISIC_0030564,mel,0.96375155,0.1118712223730712,False
ISIC_0033337,mel,0.9575832,0.12381343877107737,False
ISIC_0033594,mel,0.99480456,0.021162080885801165,False
ISIC_0033275,mel,0.98980635,0.038582055488741926,False
ISIC_0033938,mel,0.99378574,0.025054325597097592,False
ISIC_0032841,mel,0.9909751,0.03449562536193321,False
ISIC_0033819,mel,0.93578845,0.16378495386352818,False
ISIC_0032544,mel,0.91829515,0.20771500813508936,False
ISIC_0032844,mel,0.93534636,0.16477458674388526,False
ISIC_0032921,mel,0.98906964,0.040361570613523495,False
ISIC_0034117,mel,0.9814558,0.06406135755142099,False
ISIC_0033415,mel,0.94370925,0.16216105049541849,False
ISIC_0033240,mel,0.9755375,0.0813623968658056,False
ISIC_0032782,mel,0.98191476,0.06283096714782369,False
ISIC_0032522,mel,0.95193887,0.13984801999947086,False
ISIC_0033174,mel,0.9958768,0.017482932235807155,False
ISIC_0033239,mel,0.99724317,0.012169575849312567,False
ISIC_0033985,mel,0.9951787,0.019530060374732372,False
ISIC_0032718,mel,0.9899747,0.03674546765973931,False
ISIC_0032736,mel,0.9895169,0.03839459160363753,False
ISIC_0033317,mel,0.9010434,0.23427433052804814,False
ISIC_0034269,mel,0.8900151,0.2529114132850932,False
ISIC_0033956,mel,0.9359626,0.17495764979364598,False
ISIC_0033241,mel,0.9670756,0.10203679061340458,False
ISIC_0032598,mel,0.9924999,0.029130854341032596,False
ISIC_0034289,mel,0.9857151,0.050110646020365794,False
ISIC_0032940,mel,0.9907659,0.034787685525979654,False
ISIC_0032511,mel,0.9530667,0.13193643985695253,False
ISIC_0033299,mel,0.9805084,0.0657515458152421,False
ISIC_0033911,mel,0.9793753,0.06929833143122825,False
ISIC_0033779,mel,0.93163186,0.18044607897849899,False
ISIC_0032638,mel,0.90650696,0.23169811782182922,False
ISIC_0032603,mel,0.9960936,0.01607610692365909,False
ISIC_0033871,mel,0.98516995,0.04863192847483478,False
ISIC_0032955,mel,0.960474,0.12006871738980136,False
ISIC_0032812,mel,0.97243655,0.08442571472639189,False
ISIC_0033619,mel,0.98234415,0.06019338960660206,False
ISIC_0034065,mel,0.99857295,0.006713981847823526,False
ISIC_0034132,mel,0.98858833,0.041306815739953685,False
ISIC_0033038,mel,0.92992306,0.18893869340324934,False
ISIC_0033630,mel,0.95393354,0.1300204112344991,False
ISIC_0032879,mel,0.98206836,0.06109175440360232,False
ISIC_0028082,mel,0.9929583,0.026197018311587786,False
ISIC_0033209,mel,0.9868845,0.04728824649434251,False
ISIC_0034074,mel,0.99171793,0.032107209649987305,False
ISIC_0032699,mel,0.97647184,0.0772564243344387,False
ISIC_0033848,mel,0.9982488,0.008102875740271928,False
ISIC_0032622,mel,0.99781597,0.009885450109027246,False
ISIC_0034246,mel,0.9982728,0.008062460408901665,False
ISIC_0032915,mel,0.9915004,0.031297266193046645,False
ISIC_0034061,mel,0.989702,0.03698194070987989,False
ISIC_0032716,mel,0.9949942,0.020246853872955637,False
ISIC_0034159,mel,0.9953949,0.018811750655465802,False
ISIC_0024482,mel,0.9906266,0.03431360991759806,False
ISIC_0033477,mel,0.9849962,0.052342420017405834,False
ISIC_0034092,mel,0.9973143,0.011712413188919725,False
ISIC_0033863,mel,0.89437866,0.2332620462242259,False
ISIC_0034180,mel,0.9601971,0.11170080065933995,False
ISIC_0033267,mel,0.9887544,0.04081381034157686,False
ISIC_0033872,mel,0.94458604,0.15233319668462156,False
ISIC_0032617,mel,0.9418399,0.14761885194615088,False
ISIC_0032965,mel,0.95045894,0.14588599507802016,False
ISIC_0034242,mel,0.9759076,0.08035710402568304,False
ISIC_0033117,mel,0.9799336,0.06679622977176249,False
ISIC_0034104,mel,0.9972873,0.011914752121380807,False
ISIC_0032547,mel,0.9921836,0.030429717822983385,False
ISIC_0033644,mel,0.97944653,0.06909134428577077,False
ISIC_0033806,mel,0.8253399,0.3492413316758601,True
ISIC_0032913,mel,0.843966,0.32657658384395744,True
ISIC_0033651,mel,0.9854085,0.05184996597213567,False
ISIC_0033304,mel,0.9848193,0.053912286952222103,False
ISIC_0032806,mel,0.8343339,0.3316638576976253,True
ISIC_0033624,mel,0.9645108,0.10265510249179226,False
ISIC_0033238,mel,0.90276134,0.22329420998579436,False
ISIC_0034089,mel,0.9846257,0.04803358017351731,False
ISIC_0034048,mel,0.9715234,0.083158889071663,False
ISIC_0033905,mel,0.9956934,0.018109841776701763,False
ISIC_0033981,mel,0.9744815,0.0820018362889331,False
ISIC_0033336,mel,0.9837483,0.054780970573647336,False
ISIC_0033405,mel,0.9654087,0.09726567947799435,False
ISIC_0034188,mel,0.99493885,0.01987882950310311,False
ISIC_0033569,mel,0.99343514,0.02602186606477822,False
ISIC_0032535,mel,0.9814089,0.0633919536184831,False
ISIC_0033728,mel,0.8440879,0.29065746048166136,True
ISIC_0033901,mel,0.9974673,0.011111595285145354,False
ISIC_0032917,mel,0.9910205,0.03376749083661328,False
ISIC_0032925,mel,0.98260397,0.05797153230779981,False
ISIC_0033324,mel,0.99604213,0.016641722463109822,False
ISIC_0034316,mel,0.97978276,0.06839030646833842,False
ISIC_0033710,mel,0.99472517,0.02147994743831198,False
ISIC_0033469,mel,0.8448718,0.33061619490279254,True
ISIC_0031709,mel,0.84227574,0.3492402596003749,True
ISIC_0032684,mel,0.99006665,0.03688835234886588,False
ISIC_0034052,mel,0.938671,0.16415921541539977,False
ISIC_0033171,mel,0.98081344,0.06572295968819834,False
ISIC_0034022,mel,0.88783514,0.2620062125098615,False
ISIC_0033017,mel,0.88488257,0.2703373723665458,False
ISIC_0033874,mel,0.98756415,0.044859474798062134,False
ISIC_0025531,mel,0.9582053,0.12134688407162691,False
ISIC_0032610,mel,0.9996842,0.0016355968878825886,False
ISIC_0032958,mel,0.9389041,0.1437519522479761,False
ISIC_0033538,mel,0.9878421,0.044156396208366956,False
ISIC_0032836,mel,0.673582,0.4867172161953955,True
ISIC_0033444,mel,0.9825899,0.0585463944983101,False
ISIC_0034183,mel,0.99589574,0.01719604675039714,False
ISIC_0033426,mel,0.9892541,0.038822828327346216,False
ISIC_0033546,mel,0.9812546,0.06327025773555264,False
ISIC_0032869,mel,0.9868723,0.04704299774058764,False
ISIC_0033524,mel,0.97874075,0.06922540732519082,False
ISIC_0033310,mel,0.99541485,0.018188269841703214,False
ISIC_0027306,mel,0.7035066,0.48496991693894315,True
ISIC_0034253,mel,0.9959699,0.01681394947538129,False
ISIC_0033120,mel,0.97889817,0.06717806477116857,False
ISIC_0034211,mel,0.96134996,0.11182420420536462,False
ISIC_0028410,mel,0.97842103,0.07008113797745064,False
ISIC_0033545,mel,0.9260872,0.1760850137431188,False
ISIC_0026430,mel,0.88876563,0.255475572799786,False
ISIC_0033141,mel,0.99544585,0.018561926436693885,False
ISIC_0033261,mel,0.93159586,0.18032011010899193,False
ISIC_0032766,mel,0.99233127,0.029057518634585687,False
ISIC_0030031,mel,0.95938224,0.11706356728196739,False
ISIC_0028655,mel,0.97737426,0.07406073578216252,False
ISIC_0032531,mel,0.99460816,0.0217862987514598,False
ISIC_0032970,mel,0.99118704,0.03250950980463701,False
ISIC_0027402,mel,0.96480024,0.10704651512108469,False
ISIC_0030391,mel,0.9723414,0.08443734674540594,False
ISIC_0032845,mel,0.9718042,0.08966437329624725,False
ISIC_0034036,mel,0.934412,0.1797506082959075,False
ISIC_0032462,mel,0.91515785,0.21004011013195417,False
ISIC_0033704,mel,0.93319964,0.1626345249757602,False
ISIC_0034239,mel,0.9873109,0.046517205976569824,False
ISIC_0034287,mel,0.96172756,0.11364240593979663,False
ISIC_0031479,mel,0.66608775,0.5391559507086204,True
ISIC_0033166,mel,0.9981179,0.008657658531271204,False
ISIC_0033320,mel,0.9866458,0.04805857101884474,False
ISIC_0032526,mel,0.9677078,0.10201632928700197,False
ISIC_0032624,mel,0.9457107,0.15137667562139204,False
ISIC_0033977,mel,0.99255884,0.027088376329524287,False
ISIC_0034002,mel,0.9841524,0.05333020356755101,False
ISIC_0033387,mel,0.9828896,0.05874264557355185,False
ISIC_0025592,mel,0.9762141,0.0756792251690721,False
ISIC_0032552,mel,0.94235337,0.16186299819517816,False
ISIC_0033279,mel,0.99174786,0.03184960331184539,False
ISIC_0032887,mel,0.9910766,0.03343935533249098,False
ISIC_0034049,mel,0.98269665,0.059351140303568216,False
ISIC_0033300,mel,0.9645501,0.10611688783716877,False
ISIC_0033616,mel,0.98279035,0.05858783787349382,False
ISIC_0029606,mel,0.9936047,0.025317265510778213,False
ISIC_0033099,mel,0.99243426,0.029599552342203773,False
ISIC_0032723,mel,0.9051505,0.19017323427051067,False
ISIC_0032751,mel,0.9963008,0.01575674712315108,False
ISIC_0032597,mel,0.95337516,0.1337626591844772,False
ISIC_0032982,mel,0.98457736,0.05390787229852783,False
ISIC_0033196,mel,0.90130085,0.23139874840027855,False
ISIC_0032653,mel,0.9979644,0.009025862856651601,False
ISIC_0032730,mel,0.91133976,0.22472287309269115,False
ISIC_0032709,mel,0.95113784,0.14320499465080827,False
ISIC_0033206,mel,0.95453095,0.1351376419402953,False
ISIC_0033518,mel,0.95342493,0.1343789494348071,False
ISIC_0033843,mel,0.67109126,0.5902407151455366,True
ISIC_0033344,mel,0.9735266,0.08407961812905203,False
ISIC_0032988,mel,0.99757856,0.010806153321739412,False
ISIC_0033812,mel,0.99911326,0.0044200887341001366,False
ISIC_0033653,mel,0.99003136,0.036999526576677634,False
ISIC_0032698,mel,0.93326306,0.17168391414604967,False
ISIC_0033611,mel,0.9238527,0.18681172627140738,False
ISIC_0033586,mel,0.9854757,0.051933541913886425,False
ISIC_0033226,mel,0.98177105,0.06326101491333411,False
ISIC_0033198,mel,0.98247254,0.06033699794668112,False
ISIC_0032790,mel,0.9434545,0.15866925469413934,False
ISIC_0033245,mel,0.96473455,0.10328491620859936,False
ISIC_0030883,mel,0.85701436,0.26191202302080757,False
ISIC_0033670,mel,0.876693,0.28066669714321135,False
ISIC_0029740,mel,0.9183348,0.21199018480874368,False
ISIC_0033593,mel,0.99546236,0.018812782528120273,False
ISIC_0032509,mel,0.9264117,0.177887279841232,False
ISIC_0034068,mel,0.9669299,0.1032675562434217,False
ISIC_0033392,mel,0.9950293,0.020040134746369447,False
ISIC_0032873,mel,0.99812394,0.008559338679968645,False
ISIC_0032656,mel,0.97565174,0.07547921417195023,False
ISIC_0032592,mel,0.9907481,0.033933042264569085,False
ISIC_0032672,mel,0.9748346,0.08216378860633156,False
ISIC_0034076,mel,0.92873865,0.19086299232230264,False
ISIC_0034051,mel,0.9958016,0.0168181841735477,False
ISIC_0033377,mel,0.9977851,0.009985046878809458,False
ISIC_0033957,mel,0.9291549,0.17953218057348688,False
ISIC_0034172,mel,0.9951763,0.019920249905240717,False
ISIC_0033393,mel,0.8472682,0.33248840626863085,True
ISIC_0034062,mel,0.99851733,0.006983012968959376,False
ISIC_0034170,mel,0.96011794,0.10887362273972562,False
ISIC_0033061,mel,0.96022105,0.11362052028453516,False
ISIC_0033967,mel,0.95989317,0.1138474174032886,False
ISIC_0033051,mel,0.9837308,0.05312410471320981,False
ISIC_0033050,mel,0.98126477,0.06288866778197175,False
ISIC_0033526,mel,0.9689934,0.09081928192800683,False
ISIC_0032862,mel,0.9813456,0.0625577219085419,False
ISIC_0033073,mel,0.89606696,0.2493995849876055,False
ISIC_0033696,mel,0.98037064,0.06490331969137846,False
ISIC_0027149,mel,0.9833993,0.05681192568811061,False
ISIC_0027234,mel,0.95757514,0.12433599133559357,False
ISIC_0033668,mel,0.961932,0.10662827550127518,False
ISIC_0032690,mel,0.9506972,0.13223121466928106,False
ISIC_0032918,mel,0.99557614,0.018030525420584035,False
ISIC_0028520,mel,0.9189406,0.21238602570859524,False
ISIC_0034000,mel,0.947651,0.1522213792115187,False
ISIC_0032807,mel,0.9884998,0.04216608807015556,False
ISIC_0032645,mel,0.96752274,0.10130996938055399,False
ISIC_0033498,mel,0.99728405,0.011978451592194529,False
ISIC_0031784,mel,0.9701872,0.09532285662609379,False
ISIC_0033893,mel,0.9586723,0.12079148005117239,False
ISIC_0032960,mel,0.993859,0.024086509452863634,False
ISIC_0033708,mel,0.95329237,0.1298461836527955,False
ISIC_0034317,mel,0.99055815,0.03507597811046395,False
ISIC_0031741,mel,0.99371225,0.02503749018313946,False
ISIC_0033662,mel,0.98818994,0.043295117565471414,False
ISIC_0033037,mel,0.98479,0.053302819696587046,False
ISIC_0033773,mel,0.9739872,0.08489032161093485,False
ISIC_0033752,mel,0.9349631,0.16533054977512848,False
ISIC_0033424,mel,0.98401076,0.050072679232826836,False
ISIC_0034216,mel,0.91681755,0.19700860377956267,False
ISIC_0033730,mel,0.99090856,0.034478315171688784,False
ISIC_0032975,mel,0.97822565,0.07142434901049763,False
ISIC_0034243,mel,0.9768713,0.07361939293564766,False
ISIC_0034050,mel,0.91781914,0.20996593782374473,False
ISIC_0033114,mel,0.98042953,0.06719775267168544,False
ISIC_0032559,mel,0.94053423,0.1649355359049369,False
ISIC_0030150,mel,0.9737872,0.08209709019579013,False
ISIC_0033122,mel,0.9924665,0.02928155943793935,False
ISIC_0033713,mel,0.98541486,0.051358702696422245,False
ISIC_0026081,mel,0.9901906,0.03650638334002415,False
ISIC_0033638,mel,0.99194825,0.031143685636535034,False
ISIC_0033805,mel,0.58496314,0.53979043561147,True
ISIC_0033302,mel,0.6580313,0.5680216137774535,True
ISIC_0033089,mel,0.96211624,0.11329434897585533,False
ISIC_0033562,mel,0.8370629,0.3475563659511881,True
ISIC_0032987,mel,0.8150917,0.38065075419443967,True
ISIC_0032872,mel,0.981904,0.057851842737563025,False
ISIC_0033178,mel,0.92679226,0.19531673082569342,False
ISIC_0033023,mel,0.9747902,0.08300258812360777,False
ISIC_0031186,mel,0.7379962,0.3574686227333958,True
ISIC_0033258,mel,0.9883152,0.04329064547916186,False
ISIC_0032870,mel,0.9868118,0.04688457178576718,False
ISIC_0033999,mel,0.9913024,0.031903722065220685,False
ISIC_0033856,mel,0.98394173,0.051512959043373614,False
ISIC_0024929,mel,0.96956563,0.09694803882710362,False
ISIC_0028148,mel,0.9711307,0.09295285763944663,False
ISIC_0027069,mel,0.97668785,0.07555883874976996,False
ISIC_0029502,mel,0.718511,0.4679545474529452,True
ISIC_0029933,mel,0.9725103,0.08636627856209157,False
ISIC_0031208,mel,0.90145105,0.2339377600871622,False
ISIC_0026545,mel,0.97501844,0.0798896791141505,False
ISIC_0026268,mel,0.9793844,0.06921058205276738,False
ISIC_0027282,mel,0.915794,0.20174193956948486,False
ISIC_0029092,mel,0.9713974,0.09203259570066184,False
ISIC_0024806,mel,0.98389095,0.056506407147884304,False
ISIC_0032424,mel,0.9963213,0.01547010572635599,False
ISIC_0028584,mel,0.9938262,0.024682150763581063,False
ISIC_0027838,mel,0.73105836,0.43948166221114887,True
ISIC_0028173,mel,0.6067487,0.5107736405299567,True
ISIC_0025520,mel,0.991084,0.034046678437155704,False
ISIC_0032466,mel,0.9971367,0.012597823102334062,False
ISIC_0028465,mel,0.9556224,0.13025174980883392,False
ISIC_0026770,mel,0.99279636,0.02785030037683204,False
ISIC_0028463,mel,0.9057849,0.21626952726142604,False
ISIC_0024962,mel,0.98639154,0.0489978546398092,False
ISIC_0024823,mel,0.9955367,0.0184270478541369,False
ISIC_0026089,mel,0.9947889,0.02146469333569447,False
ISIC_0024930,mel,0.84322476,0.321739440516343,True
ISIC_0024449,mel,0.9983065,0.007663657900522314,False
ISIC_0025512,mel,0.99261624,0.028844841831374785,False
ISIC_0024999,mel,0.9886036,0.04151178125735342,False
ISIC_0027622,mel,0.99240476,0.02965390656930171,False
ISIC_0026352,mel,0.9913229,0.03270930638666184,False
ISIC_0024688,mel,0.98585784,0.0498110238953079,False
ISIC_0024552,mel,0.8845753,0.26986443392394666,False
ISIC_0026438,mel,0.98723793,0.045947730965372496,False
ISIC_0028126,mel,0.93234426,0.17858043790384837,False
ISIC_0027669,mel,0.970858,0.09212124868560306,False
ISIC_0031795,mel,0.9936898,0.024908203622889924,False
ISIC_0031408,mel,0.9782276,0.07319106814859555,False
ISIC_0028198,mel,0.99553156,0.01845337113613875,False
ISIC_0027144,mel,0.9927099,0.028618220389174685,False
ISIC_0025097,mel,0.9747762,0.0818252884295723,False
ISIC_0031666,mel,0.9966317,0.014268738894888791,False
ISIC_0029819,mel,0.9584348,0.12556880156671454,False
ISIC_0025524,mel,0.7858498,0.44587193660948793,True
ISIC_0025963,mel,0.9725663,0.08934824886639983,False
ISIC_0025121,mel,0.9753793,0.08112773485746676,False
ISIC_0032134,mel,0.9778773,0.07403938616464363,False
ISIC_0028114,mel,0.97220415,0.0896817715498351,False
ISIC_0027673,mel,0.98680633,0.0473923526816342,False
ISIC_0030756,mel,0.9917738,0.03170914036466299,False
ISIC_0030187,mel,0.9911109,0.03387557901856417,False
ISIC_0030754,mel,0.9372868,0.16155393414816877,False
ISIC_0030034,mel,0.9439975,0.1568166776250437,False
ISIC_0029397,mel,0.98700714,0.04617866751140039,False
ISIC_0025316,mel,0.8318457,0.3001822691835299,True
ISIC_0029316,mel,0.9805793,0.06347137909656986,False
ISIC_0027552,mel,0.7684907,0.4261159439839388,True
ISIC_0026954,mel,0.978035,0.0724357220501575,False
ISIC_0027620,mel,0.98033273,0.06372498621026801,False
ISIC_0027407,mel,0.9687819,0.08991700022664467,False
ISIC_0024700,mel,0.87082857,0.28008014932991276,False
ISIC_0027793,mel,0.49288952,0.5505660807279744,True
ISIC_0026989,mel,0.9973248,0.011804475756787879,False
ISIC_0030192,mel,0.8978542,0.255271587465687,False
ISIC_0029859,mel,0.7300297,0.4160920381976331,True
ISIC_0028003,mel,0.983555,0.05579225554996377,False
ISIC_0026506,mel,0.89700395,0.24277729813891236,False
ISIC_0031077,mel,0.9875995,0.04489721951282202,False
ISIC_0031999,mel,0.98050416,0.063692613359457,False
ISIC_0030366,mel,0.9367348,0.16255084182646093,False
ISIC_0032245,mel,0.94908863,0.14418621939628887,False
ISIC_0028481,mel,0.9724687,0.07380509172504256,False
ISIC_0029172,mel,0.99576867,0.017447207234684493,False
ISIC_0031565,mel,0.92167705,0.1934029076156666,False
ISIC_0027302,mel,0.8586595,0.29941401989085964,False
ISIC_0028548,mel,0.44401997,0.6558793024930523,True
ISIC_0030512,mel,0.8845814,0.2439941650760325,False
ISIC_0031718,mel,0.98859835,0.041987193131250454,False
ISIC_0029591,mel,0.7893633,0.3725677338664792,True
ISIC_0030932,mel,0.98440754,0.05385607956607123,False
ISIC_0028899,mel,0.9440816,0.15371713892842284,False
ISIC_0032036,mel,0.9442794,0.14763897633454387,False
ISIC_0024644,mel,0.9201506,0.2030013679033661,False
ISIC_0031543,mel,0.98507464,0.051834964573025374,False
ISIC_0027065,mel,0.9416446,0.15440020416611458,False
ISIC_0030107,mel,0.7596425,0.4334748845292179,True
ISIC_0025238,mel,0.9664174,0.09798212455168492,False
ISIC_0029698,mel,0.97452635,0.07982412169823258,False
ISIC_0029937,mel,0.9633124,0.11190617203388764,False
ISIC_0027171,mel,0.799924,0.4053002506873949,True
ISIC_0026207,mel,0.99727374,0.012060898983055096,False
ISIC_0028543,mel,0.94605786,0.15612336640878657,False
ISIC_0025651,mel,0.9564489,0.12698067903458646,False
ISIC_0029843,mel,0.9038496,0.2145610677682649,False
ISIC_0028718,mel,0.9956351,0.018088183937480896,False
ISIC_0025748,mel,0.49709398,0.4908597158700784,True
ISIC_0027130,mel,0.8440709,0.3436812419025057,True
ISIC_0028051,mel,0.8978495,0.2514854456822734,False
ISIC_0026094,mel,0.9666136,0.10390445331611294,False
ISIC_0024571,mel,0.9818196,0.053582581623282236,False
ISIC_0027155,mel,0.9875701,0.04470445651174809,False
ISIC_0027328,mel,0.97635686,0.07677839353328506,False
ISIC_0030382,mel,0.87913835,0.28984510294045857,False
ISIC_0029146,mel,0.96564895,0.09155118020404787,False
ISIC_0028288,mel,0.96495885,0.10276478347160681,False
ISIC_0029089,mel,0.63827765,0.6072873279742451,True
ISIC_0027030,mel,0.99161583,0.03035812806804089,False
ISIC_0024516,mel,0.88495475,0.26087658188650575,False
ISIC_0025248,mel,0.9933555,0.02585547612063938,False
ISIC_0028418,mel,0.96234906,0.11178133650132205,False
ISIC_0025800,mel,0.9033685,0.2338633121023994,False
ISIC_0027442,mel,0.9907918,0.03444936913358929,False
ISIC_0024940,mel,0.9951615,0.01902895506318102,False
ISIC_0030110,mel,0.9515781,0.13318219157071587,False
ISIC_0025132,mel,0.9226398,0.19910743658760105,False
ISIC_0029318,mel,0.9904338,0.0351512722690918,False
ISIC_0032070,mel,0.95828044,0.11682681472643247,False
ISIC_0026796,mel,0.94844437,0.13827775103634765,False
ISIC_0026811,mel,0.971027,0.08905577135868237,False
ISIC_0030747,mel,0.93140644,0.16714610960925774,False
ISIC_0026604,mel,0.9020523,0.2472201474184467,False
ISIC_0026877,mel,0.9725434,0.08243693812458787,False
ISIC_0031146,mel,0.94235,0.14537421687212987,False
ISIC_0025755,mel,0.63792497,0.48401938418306645,True
ISIC_0025546,mel,0.9846103,0.05196627467575317,False
ISIC_0031239,mel,0.91443074,0.19463055656909473,False
ISIC_0026868,mel,0.8437804,0.3471273519727527,True
ISIC_0027742,mel,0.9837309,0.05536304630063638,False
ISIC_0027105,mel,0.9117631,0.21437883025115068,False
ISIC_0027502,mel,0.939384,0.15584647994169626,False
ISIC_0031529,mel,0.9741711,0.07740982302100194,False
ISIC_0027420,mel,0.9122668,0.21080148282615527,False
ISIC_0030843,mel,0.9192593,0.1823938716660415,False
ISIC_0028898,mel,0.9514985,0.13764962200958866,False
ISIC_0025391,mel,0.9571913,0.12471126370149403,False
ISIC_0025413,mel,0.8310382,0.3236542285943065,True
ISIC_0032192,mel,0.99801517,0.008893301680121032,False
ISIC_0024323,mel,0.86764365,0.27034313094343754,False
ISIC_0027436,mel,0.96961963,0.09214044649446958,False
ISIC_0026694,mel,0.95979804,0.1136344725812064,False
ISIC_0024313,mel,0.95260847,0.12873637111055122,False
ISIC_0031915,mel,0.51547897,0.4824713684439425,True
ISIC_0028929,mel,0.99202514,0.030515303906268828,False
ISIC_0026746,mel,0.9859796,0.04518770602320989,False
ISIC_0026774,mel,0.6706588,0.4647872382702978,True
ISIC_0030047,mel,0.60933626,0.5242961268238262,True
ISIC_0030910,mel,0.9606411,0.11186796020052349,False
ISIC_0029238,mel,0.91292274,0.2092227597820633,False
ISIC_0028685,mel,0.90799785,0.23623661155000447,False
ISIC_0027663,mel,0.89159167,0.2519018244853479,False
ISIC_0028065,mel,0.6835653,0.4091831855717549,True
ISIC_0026571,mel,0.99438715,0.02249516846319538,False
ISIC_0031670,mel,0.9542759,0.1312962270079393,False
ISIC_0031339,mel,0.9577509,0.12447383726993987,False
ISIC_0027021,mel,0.99723583,0.012274544483043666,False
ISIC_0027517,mel,0.98305315,0.05740398703247578,False
ISIC_0026229,mel,0.9609516,0.11651484841793108,False
ISIC_0029958,mel,0.97493714,0.0759020254279358,False
ISIC_0032476,mel,0.9664709,0.09134345792111485,False
ISIC_0030423,mel,0.9897995,0.037841527005045276,False
ISIC_0029353,mel,0.94217056,0.15503675664311414,False
ISIC_0032504,mel,0.9957937,0.01754494797378301,False
ISIC_0027956,mel,0.97888273,0.06950894066028919,False
ISIC_0029170,mel,0.9951748,0.019297404679087193,False
ISIC_0031908,mel,0.9754955,0.08017084622549946,False
ISIC_0026897,mel,0.9886048,0.04130436528170187,False
ISIC_0030950,mel,0.97516114,0.07928628440037071,False
ISIC_0025195,mel,0.9797963,0.06849171715155312,False
ISIC_0025409,mel,0.9512059,0.12659540573594583,False
ISIC_0028709,mel,0.98924315,0.03862729324537493,False
ISIC_0025814,mel,0.86072457,0.2778603098303272,False
ISIC_0026853,mel,0.9808914,0.06571467407623442,False
ISIC_0031550,mel,0.79100084,0.39646570544433274,True
ISIC_0028227,mel,0.6388976,0.4940491710691765,True
ISIC_0027163,mel,0.98274994,0.05985667366975741,False
ISIC_0029642,mel,0.9811535,0.06421210285115844,False
ISIC_0029893,mel,0.9764248,0.0738577459467283,False
ISIC_0031417,mel,0.9808235,0.06095025192608342,False
ISIC_0024647,mel,0.92951983,0.17544651621488183,False
ISIC_0028567,mel,0.9965364,0.01467305876317573,False
ISIC_0028103,mel,0.9486374,0.14681952777977492,False
ISIC_0030695,mel,0.7766998,0.3822187411683159,True
ISIC_0024554,mel,0.9885145,0.040105214391974106,False
ISIC_0031203,mel,0.78011596,0.38118676130629475,True
ISIC_0024679,mel,0.9877857,0.040455970688833415,False
ISIC_0031401,mel,0.97821164,0.07105164962576158,False
ISIC_0027089,mel,0.8500894,0.31713291594095194,False
ISIC_0026239,mel,0.99360186,0.025278747370132592,False
ISIC_0030255,mel,0.9845036,0.05071322136216764,False
ISIC_0029495,mel,0.95161664,0.13098941431944877,False
ISIC_0031350,mel,0.88860357,0.2026442595592572,False
ISIC_0025832,mel,0.95412374,0.12486606374387002,False
ISIC_0026105,mel,0.9243665,0.180267210841481,False
ISIC_0029574,mel,0.9953342,0.018739345357386375,False
ISIC_0027179,mel,0.97223413,0.08611083360470456,False
ISIC_0026930,mel,0.73891044,0.4515277167775754,True
ISIC_0030246,mel,0.95138973,0.1368859979568687,False
ISIC_0027350,mel,0.9772273,0.07552963235048121,False
ISIC_0024805,mel,0.9219142,0.19936441308139544,False
ISIC_0030032,mel,0.9858235,0.04991884022954648,False
ISIC_0026870,mel,0.9286482,0.1734378143244178,False
ISIC_0026738,mel,0.8195881,0.28513535281121005,True
ISIC_0026131,mel,0.97090024,0.09301745784510994,False
ISIC_0025663,mel,0.9738226,0.08342319396716669,False
ISIC_0025105,mel,0.9350388,0.17589182574069182,False
ISIC_0031561,mel,0.8060222,0.39672542338829636,True
ISIC_0027560,mel,0.9812983,0.06321898572547456,False
ISIC_0025573,mel,0.9890408,0.040820702255410075,False
ISIC_0029705,mel,0.72869116,0.5132248032885129,True
ISIC_0032149,mel,0.9892785,0.03811687044920517,False
ISIC_0024733,mel,0.9868016,0.04479947303046198,False
ISIC_0026558,mel,0.6239702,0.42304166032267565,True
ISIC_0027590,mel,0.94468975,0.15601602102199327,False
ISIC_0029271,mel,0.8595626,0.2641777779818864,False
ISIC_0028033,mel,0.998104,0.008609845879053293,False
ISIC_0032204,mel,0.99788123,0.00961197801091512,False
ISIC_0032095,mel,0.98432666,0.05394673120602409,False
ISIC_0028773,mel,0.86102295,0.2872427775384938,False
ISIC_0030795,mel,0.7828369,0.35296054531827115,True
ISIC_0027507,mel,0.7519829,0.42882676342500237,True
ISIC_0028026,mel,0.98804104,0.04388769197453306,False
ISIC_0027904,mel,0.94247925,0.14622680787475456,False
ISIC_0024630,mel,0.98497677,0.05249019796535398,False
ISIC_0024333,mel,0.97114074,0.09072676181363697,False
ISIC_0024932,mel,0.9668987,0.09493429052417726,False
ISIC_0029480,mel,0.9965712,0.014815020701616851,False
ISIC_0031005,mel,0.97429013,0.07961116921846835,False
ISIC_0028220,mel,0.7613973,0.3803530235168449,True
ISIC_0030507,mel,0.4989995,0.6486370956527437,True
ISIC_0028666,mel,0.91204005,0.1980141033771002,False
ISIC_0026735,mel,0.90142053,0.24329584573572327,False
ISIC_0028352,mel,0.88682765,0.26283939894620467,False
ISIC_0029094,mel,0.98237646,0.05400471900324853,False
ISIC_0025128,mel,0.9797579,0.06737144421564648,False
ISIC_0028508,mel,0.9921038,0.029796756798859115,False
ISIC_0031498,mel,0.9766028,0.07457493381557646,False
ISIC_0028897,mel,0.9422239,0.16400714916551093,False
ISIC_0028156,mel,0.98015195,0.06141551354244054,False
ISIC_0024918,mel,0.98105824,0.06369956270590549,False
ISIC_0032287,mel,0.99582183,0.0176081736255207,False
ISIC_0025791,mel,0.9833808,0.05712701250204203,False
ISIC_0031368,mel,0.9661225,0.09738572895928686,False
ISIC_0031900,mel,0.82693744,0.3156668067688947,True
ISIC_0026516,mel,0.98845136,0.0399727403215767,False
ISIC_0025724,mel,0.97358125,0.08353150422189665,False
ISIC_0025550,mel,0.9632002,0.11161498867443441,False
ISIC_0025414,mel,0.9747703,0.07785069109123051,False
ISIC_0026475,mel,0.73062474,0.47497994999942494,True
ISIC_0024410,mel,0.99153894,0.032287038826100914,False
ISIC_0030925,mel,0.9170668,0.20179047395823474,False
ISIC_0030122,mel,0.97314817,0.0787738399761432,False
ISIC_0024864,mel,0.80693483,0.34403150427887363,True
ISIC_0031778,mel,0.8748608,0.24965973176176318,False
ISIC_0031377,mel,0.56108683,0.5317825830903838,True
ISIC_0027126,mel,0.53220516,0.5595318786411491,True
ISIC_0030604,mel,0.9853357,0.052004574572460736,False
ISIC_0024958,mel,0.9841419,0.054654235935936595,False
ISIC_0031957,mel,0.97500026,0.0784490240771839,False
ISIC_0031303,mel,0.898272,0.2381239851262758,False
ISIC_0027067,mel,0.9762314,0.07539804274235908,False
ISIC_0028285,mel,0.99672204,0.014065443709383351,False
ISIC_0028915,mel,0.9855258,0.05035162561638509,False
ISIC_0029652,mel,0.9916436,0.032043539852691476,False
ISIC_0031295,mel,0.98837495,0.041480545572324896,False
ISIC_0026647,mel,0.8868261,0.21894090963999957,False
ISIC_0025317,mel,0.9867432,0.048152419741048,False
ISIC_0026420,mel,0.9916819,0.029514877523080723,False
ISIC_0028764,mel,0.9037883,0.2221369351302854,False
ISIC_0029021,mel,0.9466393,0.13099917020636379,False
ISIC_0027359,mel,0.8824994,0.26598327562181917,False
ISIC_0025616,mel,0.9243017,0.17488367658516948,False
ISIC_0030929,mel,0.98935986,0.03669215870623941,False
ISIC_0028493,mel,0.956837,0.11847813259623426,False
ISIC_0025188,mel,0.9045492,0.23401301978622085,False
ISIC_0031746,mel,0.9607422,0.10892700444120487,False
ISIC_0025500,mel,0.98481816,0.05271000024170022,False
ISIC_0030277,mel,0.9180157,0.20293920284059053,False
ISIC_0025941,mel,0.9488323,0.13666636032068627,False
ISIC_0027832,mel,0.9578725,0.11542321521284245,False
ISIC_0031844,mel,0.9929254,0.02800891011602139,False
ISIC_0025611,mel,0.9932313,0.02664758866495711,False
ISIC_0031197,vasc,0.9856571,0.05015442498857077,False
ISIC_0031270,vasc,0.9954556,0.018580065571018798,False
ISIC_0029486,vasc,0.99072474,0.034622065178885525,False
ISIC_0031901,vasc,0.83452284,0.2758764494603909,True
ISIC_0032076,vasc,0.9410552,0.15995035426818505,False
ISIC_0025321,vasc,0.9849843,0.05139940327644839,False
ISIC_0028163,vasc,0.96739054,0.10083674760371951,False
ISIC_0024669,vasc,0.9967836,0.013674525741871247,False
ISIC_0031217,vasc,0.99393,0.023987216118732137,False
ISIC_0025599,vasc,0.82043284,0.332910313918136,True
ISIC_0025578,vasc,0.9836389,0.05542577420304168,False
ISIC_0029448,vasc,0.9961643,0.015885709189124304,False
ISIC_0028714,vasc,0.9664918,0.09359591148849554,False
ISIC_0030956,vasc,0.98564017,0.048974544655688866,False
ISIC_0026693,vasc,0.9867402,0.047246872038297125,False
ISIC_0027983,vasc,0.9730588,0.0832001639778419,False
ISIC_0031759,vasc,0.98527205,0.05104388773020314,False
ISIC_0027385,vasc,0.99945146,0.0027581470269849658,False
ISIC_0030882,vasc,0.98016477,0.06432895525020056,False
ISIC_0029514,vasc,0.96342146,0.10646450065555194,False
ISIC_0027672,vasc,0.97746927,0.06927711965198602,False
ISIC_0032745,vasc,0.954827,0.13398217429774703,False
ISIC_0032557,vasc,0.9802224,0.0665796322353487,False
ISIC_0033092,vasc,0.93272835,0.18241664561241927,False
ISIC_0026456,vasc,0.89127195,0.26875639796393497,False
ISIC_0033450,vasc,0.99062234,0.034747214676414624,False
ISIC_0033254,vasc,0.9863446,0.04847212413724768,False
ISIC_0033158,vasc,0.9875421,0.04528338110257896,False
ISIC_0032867,vasc,0.9951525,0.01931234290232068,False
ISIC_0032545,vasc,0.99157566,0.03226308559668948,False
ISIC_0032692,vasc,0.98404574,0.05340531011296895,False
ISIC_0033608,vasc,0.99412173,0.022308596698048282,False
ISIC_0033969,vasc,0.9937809,0.022777197063773492,False
ISIC_0033230,vasc,0.96813387,0.08538975563338165,False
ISIC_0033762,vasc,0.9537323,0.12817438148354499,False
ISIC_0034214,vasc,0.9750862,0.07565100661076611,False
ISIC_0033749,vasc,0.9963523,0.014795972217550055,False
ISIC_0034196,vasc,0.9945521,0.021662389798420677,False
ISIC_0031090,vasc,0.6838572,0.46796128621313765,True
ISIC_0031950,vasc,0.957542,0.12107726474478961,False
ISIC_0028146,vasc,0.9954738,0.018292944611886148,False
ISIC_0027159,vasc,0.99018127,0.03526977872745389,False
ISIC_0028188,vasc,0.99451596,0.02200657197525131,False
ISIC_0030722,vasc,0.9404487,0.15310614779406245,False
ISIC_0026876,vasc,0.96721464,0.10159260676685403,False
ISIC_0030606,vasc,0.9834108,0.05772825923601047,False
ISIC_0027210,vasc,0.997271,0.011527414120220956,False
ISIC_0025924,vasc,0.9965766,0.014173842027456729,False
ISIC_0031093,vasc,0.99599373,0.01675086549076129,False
ISIC_0029608,vasc,0.97511226,0.08047369223469489,False
ISIC_0029439,vasc,0.99153006,0.031953753530808794,False
ISIC_0030283,vasc,0.9771213,0.07410984449706517,False
ISIC_0024475,vasc,0.9887051,0.041353416563989255,False
ISIC_0025677,vasc,0.9896535,0.038508415389434045,False
ISIC_0025197,vasc,0.95340097,0.13344537078696014,False
ISIC_0028680,vasc,0.99587905,0.017157262505300735,False
ISIC_0025596,vasc,0.9741553,0.08302198503220724,False
ISIC_0027563,vasc,0.86414766,0.29175725677580133,False
ISIC_0025707,vasc,0.9496112,0.13864997564479742,False
ISIC_0029742,vasc,0.9427101,0.15355481138460458,False
ISIC_0025612,vasc,0.8771407,0.2911122655331971,False
ISIC_0025628,vasc,0.98450315,0.055065013144601146,False
ISIC_0029877,vasc,0.9706519,0.07428521307339228,False
ISIC_0027856,vasc,0.95343924,0.13714446004097824,False
ISIC_0028431,vasc,0.98770905,0.04381574039411432,False
ISIC_0030104,vasc,0.90226686,0.22136430564349005,False
ISIC_0026490,vasc,0.9779869,0.073019551386333,False
ISIC_0027790,vasc,0.9918439,0.02890980769135536,False
ISIC_0027888,vasc,0.975552,0.07538884586623275,False
ISIC_0024370,vasc,0.94196254,0.1519924910954357,False
ISIC_0025606,vasc,0.98401546,0.056138375120349734,False
ISIC_0031103,vasc,0.97025204,0.08858661581100949,False
ISIC_0031065,vasc,0.907353,0.24026188742806648,False
ISIC_0025250,vasc,0.97355855,0.08500932964747036,False
ISIC_0024375,vasc,0.98594934,0.0506368091819624,False
ISIC_0031955,vasc,0.7830254,0.40256333386594956,True
ISIC_0025249,vasc,0.95705926,0.128159655760988,False
ISIC_0026713,vasc,0.9794597,0.069342064453341,False
ISIC_0031276,vasc,0.9726811,0.08847218706833204,False
ISIC_0028885,vasc,0.96578103,0.10665245846114772,False
ISIC_0024867,vasc,0.95820165,0.12695410687791842,False
ISIC_0024706,vasc,0.9642335,0.10811767168440665,False
ISIC_0027665,vasc,0.9922133,0.029449249273603956,False
ISIC_0026467,vasc,0.87904364,0.29359623380159944,False
ISIC_0032057,vasc,0.95216596,0.12909306593983016,False
ISIC_0025680,vasc,0.989679,0.038117601757839695,False
ISIC_0026068,vasc,0.9896227,0.038459582351084716,False
ISIC_0026349,vasc,0.9368442,0.17190368962050878,False
ISIC_0027269,vasc,0.96053064,0.11840350848478463,False
ISIC_0034093,bcc,0.9775473,0.07328547205274648,False
ISIC_0024457,bcc,0.9287944,0.18417385390942734,False
ISIC_0024431,bcc,0.9764599,0.07652091929015827,False
ISIC_0026656,bcc,0.9508955,0.13988900391373235,False
ISIC_0028807,bcc,0.9304815,0.17850425928294528,False
ISIC_0024673,bcc,0.9347806,0.16494653233634188,False
ISIC_0026574,bcc,0.9602732,0.11891381641572384,False
ISIC_0031585,bcc,0.95481193,0.13457118788466152,False
ISIC_0024590,bcc,0.8460002,0.3443541071077243,True
ISIC_0025932,bcc,0.9959209,0.016913394048733023,False
ISIC_0028747,bcc,0.9972053,0.012003914342177485,False
ISIC_0030446,bcc,0.96526563,0.10351163720066593,False
ISIC_0031527,bcc,0.9728731,0.08501302065021214,False
ISIC_0030893,bcc,0.9532715,0.1348763465138321,False
ISIC_0028994,bcc,0.9846052,0.05313007770519859,False
ISIC_0032696,bcc,0.9745172,0.08162566031655229,False
ISIC_0029466,bcc,0.99331397,0.02549951068557446,False
ISIC_0027057,bcc,0.88659126,0.2238877569204747,False
ISIC_0028085,bcc,0.9990761,0.004543913931241981,False
ISIC_0025691,bcc,0.96951354,0.0886420650866387,False
ISIC_0025824,bcc,0.99263775,0.028295958327174686,False
ISIC_0031400,bcc,0.9968046,0.013629890070488395,False
ISIC_0031943,bcc,0.9720867,0.08346962249335643,False
ISIC_0027865,bcc,0.9640106,0.11083974026038244,False
ISIC_0025731,bcc,0.95172447,0.12345624619246603,False
ISIC_0028670,bcc,0.9937581,0.02394636429948577,False
ISIC_0029647,bcc,0.9667176,0.09857513544862267,False
ISIC_0027858,bcc,0.88445014,0.2701385789408678,False
ISIC_0027433,bcc,0.9968869,0.013196314985189726,False
ISIC_0029515,bcc,0.9976776,0.010211062406918388,False
ISIC_0030271,bcc,0.9726724,0.08193952573019882,False
ISIC_0026643,bcc,0.99303234,0.025557680352747286,False
ISIC_0031140,bcc,0.99066204,0.03522695314066251,False
ISIC_0032139,bcc,0.9925568,0.027341759456022855,False
ISIC_0031243,bcc,0.87829363,0.27457982010717435,False
ISIC_0026282,bcc,0.9975967,0.010742157115746762,False
ISIC_0027744,bcc,0.99348456,0.025515218505852658,False
ISIC_0030687,bcc,0.9319081,0.18198236314874242,False
ISIC_0025584,bcc,0.7136142,0.49415190653138363,True
ISIC_0027545,bcc,0.96681654,0.10117357840579472,False
ISIC_0027609,bcc,0.97245073,0.08621415105074645,False
ISIC_0031762,bcc,0.97769266,0.073397634121541,False
ISIC_0028106,bcc,0.9982779,0.007876652497537747,False
ISIC_0027998,bcc,0.9829827,0.057050114059027456,False
ISIC_0028079,bcc,0.92815423,0.18451266039346806,False
ISIC_0032415,bcc,0.96716803,0.0919187259687731,False
ISIC_0030177,bcc,0.9868483,0.04700127486000957,False
ISIC_0031284,bcc,0.990868,0.03440526854273877,False
ISIC_0031789,bcc,0.89801764,0.23252049161113628,False
ISIC_0028095,bcc,0.981471,0.05977186867003973,False
ISIC_0032414,bcc,0.9738186,0.08331060306817811,False
ISIC_0031824,bcc,0.9968945,0.013473757591437985,False
ISIC_0030145,bcc,0.9967578,0.013713632566823454,False
ISIC_0031640,bcc,0.9609952,0.11590075592234574,False
ISIC_0026230,bcc,0.9907081,0.034822382483288866,False
ISIC_0026395,bcc,0.99618894,0.015862684453659848,False
ISIC_0025557,bcc,0.9415921,0.16116454101659228,False
ISIC_0028323,bcc,0.9928269,0.026390966338956934,False
ISIC_0030659,bcc,0.9369556,0.17642916528922128,False
ISIC_0025383,bcc,0.9456702,0.13881774014286188,False
ISIC_0025513,bcc,0.99763715,0.010609345150129483,False
ISIC_0027478,bcc,0.9983577,0.007637847683216933,False
ISIC_0026275,bcc,0.9603637,0.11539031781081191,False
ISIC_0024573,bcc,0.98024565,0.06713836734748926,False
ISIC_0031272,bcc,0.99394906,0.022029772837402616,False
ISIC_0024572,bcc,0.97458774,0.08222284465020015,False
ISIC_0027851,bcc,0.94607526,0.14529566436979532,False
ISIC_0028858,bcc,0.9812738,0.06465279096585914,False
ISIC_0029669,bcc,0.99122447,0.033368862540500276,False
ISIC_0031169,bcc,0.98701847,0.046909581775299705,False
ISIC_0024795,bcc,0.99254274,0.02857595955643353,False
ISIC_0030349,bcc,0.9855592,0.05048286297113353,False
ISIC_0026091,bcc,0.9710576,0.08139649652391592,False
ISIC_0034160,bcc,0.8684199,0.287352588698903,False
ISIC_0026453,bcc,0.99849653,0.006894711758786723,False
ISIC_0031489,bcc,0.9981047,0.008420643700126518,False
ISIC_0027297,bcc,0.99736255,0.010763974809080153,False
ISIC_0032660,bcc,0.9842317,0.051247616531953914,False
ISIC_0033504,bcc,0.98261285,0.0593725511825434,False
ISIC_0024885,bcc,0.99357235,0.024667285288326925,False
ISIC_0027058,bcc,0.99042493,0.03571466708075183,False
ISIC_0030114,bcc,0.98099834,0.06130309877013881,False
ISIC_0029020,bcc,0.98809123,0.041691625748831104,False
ISIC_0033020,bcc,0.9631075,0.11014022632167546,False
ISIC_0032768,bcc,0.99416345,0.023099401693158213,False
ISIC_0033205,bcc,0.965767,0.10479723183406728,False
ISIC_0033720,bcc,0.9814331,0.06438081307295447,False
ISIC_0034255,bcc,0.9670912,0.10043291974150344,False
ISIC_0032834,bcc,0.99345326,0.025565370579932845,False
ISIC_0034058,bcc,0.9253077,0.19110494444394063,False
ISIC_0033001,bcc,0.81349444,0.37345336010941105,True
ISIC_0027786,bcc,0.98721087,0.04527319638546988,False
ISIC_0033579,bcc,0.99086857,0.03356846768047418,False
ISIC_0034095,bcc,0.9629871,0.10946674850189393,False
ISIC_0034143,bcc,0.96035844,0.11536716098033233,False
ISIC_0033666,bcc,0.986416,0.04738396751980379,False
ISIC_0033218,bcc,0.9556515,0.1242351243478035,False
ISIC_0033054,bcc,0.9585729,0.11912617159628919,False
ISIC_0033483,bcc,0.9913374,0.032940495636196956,False
ISIC_0032536,bcc,0.9994733,0.002715824454182386,False
ISIC_0034161,bcc,0.9209858,0.19152097099364146,False
ISIC_0033747,bcc,0.95661354,0.12766768032084516,False
ISIC_0025644,bcc,0.9153972,0.20088170620018733,False
ISIC_0030314,bcc,0.982598,0.057102672559687734,False
ISIC_0033609,bcc,0.95015275,0.14000121958630113,False
ISIC_0032777,bcc,0.99129933,0.03294443551360494,False
ISIC_0033019,bcc,0.97399455,0.08540039981141295,False
ISIC_0033203,bcc,0.9655695,0.09655367585988517,False
ISIC_0033366,bcc,0.8000154,0.3052935268973373,True
ISIC_0032816,bcc,0.9835296,0.05399711492498589,False
ISIC_0024666,bcc,0.9964516,0.013793706076252583,False
ISIC_0028890,bcc,0.9469821,0.1454976893372929,False
ISIC_0025752,bcc,0.99165183,0.031680935207300566,False
ISIC_0032611,bcc,0.9531142,0.13323513678431903,False
ISIC_0033499,bcc,0.942395,0.15251704231496352,False
ISIC_0034123,bcc,0.9851378,0.05042357336796281,False
ISIC_0034026,bcc,0.9939767,0.022799546008798192,False
ISIC_0032741,bcc,0.98355067,0.05484019891536176,False
ISIC_0033301,bcc,0.9649393,0.09627098486981087,False
ISIC_0034155,bcc,0.69479185,0.5065855317010619,True
ISIC_0033146,bcc,0.9775239,0.07229405493247479,False
ISIC_0029192,bcc,0.99051297,0.03483325639178127,False
ISIC_0033248,bcc,0.9940753,0.023065772982493155,False
ISIC_0025102,bcc,0.99054164,0.0329219946763958,False
ISIC_0032850,bcc,0.98977065,0.03790083958126211,False
ISIC_0030712,bcc,0.9873455,0.04294075450037272,False
ISIC_0032727,bcc,0.94837517,0.13964081843891632,False
ISIC_0032991,bcc,0.96459264,0.10977188415801839,False
ISIC_0033979,bcc,0.991655,0.0318223400493735,False
ISIC_0028871,bcc,0.9967608,0.013920774780342184,False
ISIC_0031836,bcc,0.97057414,0.08948879796250515,False
ISIC_0025617,bcc,0.923485,0.18203889215753885,False
ISIC_0027090,bcc,0.9400883,0.16493455572163615,False
ISIC_0026350,bcc,0.99848264,0.006844682207619128,False
ISIC_0031569,bcc,0.99543035,0.018402880209628433,False
ISIC_0026528,bcc,0.99364674,0.02438719791014517,False
ISIC_0027814,bcc,0.9549182,0.12650766401516697,False
ISIC_0024515,bcc,0.98869705,0.04216951871170809,False
ISIC_0031225,bcc,0.9825348,0.06115310392324097,False
ISIC_0031450,bcc,0.9911265,0.03339700452198589,False
ISIC_0031026,bcc,0.9665363,0.10057715218266851,False
ISIC_0032146,bcc,0.91996783,0.20145223414266475,False
ISIC_0024848,bcc,0.9553478,0.1277245845560614,False
ISIC_0031539,bcc,0.8625828,0.31848936710624076,False
ISIC_0028677,bcc,0.9272115,0.1712534605233913,False
ISIC_0028818,bcc,0.98434454,0.05519159079983013,False
ISIC_0028059,bcc,0.95992863,0.10332361047593183,False
ISIC_0025576,bcc,0.9672409,0.09412298974309556,False
ISIC_0029331,bcc,0.9929589,0.02615478236631325,False
ISIC_0029546,bcc,0.9874455,0.039115321150427755,False
ISIC_0029392,bcc,0.9923144,0.02765159310007696,False
ISIC_0027601,bcc,0.9966973,0.014022906242878611,False
ISIC_0031698,bcc,0.897204,0.24527160427806455,False
ISIC_0031245,bcc,0.9542911,0.13286514821902404,False
ISIC_0027631,bcc,0.9718716,0.08697849492557787,False
ISIC_0028316,bcc,0.86021346,0.2287526976338831,False
ISIC_0028570,bcc,0.9646605,0.10988192504888869,False
ISIC_0031351,bcc,0.95096856,0.14279590596103287,False
ISIC_0026988,bcc,0.9936765,0.02486697466280324,False
ISIC_0031413,bcc,0.9754587,0.07976599989157249,False
ISIC_0032497,bcc,0.9491552,0.12963594965015435,False
ISIC_0025144,bcc,0.9893036,0.03813578875267734,False
ISIC_0024632,bcc,0.9957973,0.017262291443277875,False
ISIC_0026668,bcc,0.969245,0.09478380941447008,False
ISIC_0025301,bcc,0.9859627,0.04847609847422483,False
ISIC_0031643,bcc,0.8833503,0.27587062962204284,False
ISIC_0026192,bcc,0.9720968,0.08976841822208266,False
ISIC_0030644,bcc,0.9031078,0.23645012304055738,False
ISIC_0025417,bcc,0.9931946,0.02550042769299838,False
ISIC_0028035,bcc,0.99864525,0.006457014926131689,False
ISIC_0028486,bcc,0.97313976,0.08667847460105406,False
ISIC_0027371,bcc,0.9914163,0.03195723011845355,False
ISIC_0026213,bcc,0.99569905,0.01795282866421711,False
ISIC_0026442,bcc,0.9969753,0.013120090418194395,False
ISIC_0030737,bcc,0.98887163,0.04126797597666251,False
ISIC_0028765,bcc,0.8705186,0.30419167834441146,False
ISIC_0027531,bcc,0.9918811,0.03047635310658812,False
ISIC_0024331,bcc,0.9904128,0.035820944220900985,False
ISIC_0026952,bcc,0.98712236,0.04546784700516591,False
ISIC_0031384,bcc,0.9972644,0.012061009062234377,False
ISIC_0025299,bcc,0.99391973,0.024167567931644762,False
ISIC_0028739,bcc,0.7241324,0.42968877337653244,True
ISIC_0032439,bcc,0.9859925,0.047458132170331194,False
ISIC_0029391,bcc,0.98250145,0.056962184725038716,False
ISIC_0025046,bcc,0.9845005,0.05303401208404565,False
ISIC_0024665,bcc,0.9053807,0.2231710591432769,False
ISIC_0024332,bcc,0.9639075,0.11010264241823833,False
ISIC_0029129,bcc,0.98572034,0.04984752040789578,False
ISIC_0024454,bcc,0.9901663,0.036489394772425285,False
ISIC_0025433,bcc,0.984091,0.056160069333560284,False
ISIC_0029412,bcc,0.88255,0.2850744589236526,False
ISIC_0028583,bcc,0.9938419,0.023104218375159424,False
ISIC_0024403,bcc,0.98197615,0.05901657617537594,False
ISIC_0030511,bcc,0.9369004,0.1715306992438553,False
ISIC_0030594,bcc,0.98784477,0.04371558174191265,False
ISIC_0026855,bcc,0.9961145,0.0160790761898689,False
ISIC_0026968,bcc,0.9901664,0.03633884857242079,False
ISIC_0025975,bcc,0.95533025,0.12754223217371663,False
ISIC_0031236,bcc,0.8169055,0.39562939467371855,True
ISIC_0026074,bcc,0.9457529,0.13937531128733283,False
ISIC_0027846,bcc,0.9901869,0.035951959502870355,False
ISIC_0032174,bcc,0.99675035,0.013762071234547884,False
ISIC_0031266,bcc,0.9950596,0.01992484451446286,False
ISIC_0028937,bcc,0.9420878,0.15176292910333342,False
ISIC_0028113,bcc,0.98172414,0.06057813835402318,False
ISIC_0032194,bcc,0.99275815,0.02846610819319365,False
ISIC_0029489,bcc,0.9880689,0.04217306038965016,False
ISIC_0026798,bcc,0.994325,0.020678946239569913,False
ISIC_0028107,bcc,0.934883,0.17599353507350596,False
ISIC_0027915,bcc,0.9659303,0.09445988180662707,False
ISIC_0026337,bcc,0.90781087,0.21952061148555718,False
ISIC_0026902,bcc,0.96683437,0.10277456233156794,False
ISIC_0026117,bcc,0.9343559,0.17960529612157522,False
ISIC_0025266,bcc,0.9366167,0.17550826776282744,False
ISIC_0026978,bcc,0.97125757,0.09272275195191974,False
ISIC_0026845,bcc,0.95173657,0.13188193247621385,False
ISIC_0024452,bcc,0.9878654,0.04373118044022182,False
ISIC_0029539,bcc,0.9799954,0.06780466226152018,False
ISIC_0031258,bcc,0.99372923,0.024717825989770483,False
ISIC_0030197,bcc,0.983364,0.05509079273117838,False
ISIC_0024582,bcc,0.9965161,0.014694367220653667,False
ISIC_0029655,bcc,0.99784184,0.00977096776257555,False
ISIC_0028989,bcc,0.99236226,0.028920063242023283,False
ISIC_0028556,bcc,0.99365604,0.025484574376761483,False
ISIC_0028815,bcc,0.95832884,0.1206861486347548,False
ISIC_0031976,bcc,0.9741994,0.07622308140501498,False
ISIC_0031122,bcc,0.974871,0.08123995053003552,False
ISIC_0027825,bcc,0.9220607,0.2078159670150639,False
ISIC_0025826,bcc,0.9850625,0.05225388189769516,False
ISIC_0029856,bcc,0.9686845,0.09284156854640432,False
ISIC_0024799,bcc,0.974631,0.0810946460133853,False
ISIC_0031007,bcc,0.93448645,0.17985049510039686,False
ISIC_0032290,bcc,0.9403277,0.16338379853234297,False
ISIC_0030230,bcc,0.99437064,0.022209910235218205,False
ISIC_0031728,bcc,0.9788249,0.06962883698794096,False
ISIC_0031526,bcc,0.9776673,0.07395583319593899,False
ISIC_0025711,bcc,0.95047164,0.13138893090667805,False
ISIC_0024897,bcc,0.92006207,0.2051368044315409,False
ISIC_0024432,bcc,0.9962941,0.015483561230905083,False
ISIC_0030690,bcc,0.97074485,0.08959156405544039,False
ISIC_0027473,bcc,0.99592245,0.016359827871967356,False
ISIC_0025362,bcc,0.96277165,0.11016415657804077,False
ISIC_0027093,bcc,0.97308946,0.08372345933751568,False
ISIC_0030181,bcc,0.9808662,0.06479468781400295,False
ISIC_0028329,bcc,0.9821118,0.05956264548142747,False
ISIC_0030964,bcc,0.998552,0.006609081654625632,False
ISIC_0031009,bcc,0.9083867,0.22414082799643026,False
ISIC_0024743,bcc,0.9906759,0.033854600798624075,False
ISIC_0030452,bcc,0.9766261,0.07192680015966697,False
ISIC_0031925,bcc,0.8876371,0.23608284529470344,False
ISIC_0031095,bcc,0.99172455,0.029971307917628785,False
ISIC_0032246,bcc,0.9922517,0.029155942821806,False
ISIC_0026865,bcc,0.976188,0.07833026874415562,False
ISIC_0031057,bcc,0.9964529,0.015057006325613742,False
ISIC_0027337,bcc,0.98189676,0.06108055887246437,False
ISIC_0029263,bcc,0.97544324,0.08014193081812811,False
ISIC_0026687,bcc,0.9668861,0.09199659693740636,False
ISIC_0027229,bcc,0.98038745,0.06411166469356243,False
ISIC_0027004,bcc,0.9901334,0.034085035766478554,False
ISIC_0026433,bcc,0.98327535,0.05709994259604158,False
ISIC_0027819,bcc,0.96292555,0.10065114070650906,False
ISIC_0027046,bcc,0.9649022,0.0992000329335621,False
ISIC_0031154,bcc,0.99250436,0.029174093442653967,False
ISIC_0028168,bcc,0.9934356,0.02564343299061703,False
ISIC_0026118,bcc,0.99812,0.008543037389332589,False
ISIC_0029820,bcc,0.97905993,0.06804286977664212,False
ISIC_0027722,bcc,0.9976204,0.010500663497820742,False
ISIC_0027425,bcc,0.9417611,0.163644848912981,False
ISIC_0029323,bcc,0.9923321,0.029372831350137196,False
ISIC_0031520,bcc,0.9972427,0.01198581445347301,False
ISIC_0031171,bcc,0.99664897,0.014092382477578921,False
ISIC_0031552,bcc,0.94761604,0.14701444641834222,False
ISIC_0028084,bcc,0.99919695,0.0038398927287485794,False
ISIC_0026970,bcc,0.9807098,0.06252494320058294,False
ISIC_0028303,bcc,0.995551,0.01822375554026222,False
ISIC_0024461,bcc,0.9896087,0.036583856109191494,False
ISIC_0030526,bcc,0.5622112,0.3685878833582601,True
ISIC_0025530,bcc,0.8263777,0.35924168243222027,True
ISIC_0027629,bcc,0.9783524,0.07056070031501167,False
ISIC_0025630,bcc,0.9961998,0.01585487457519246,False
ISIC_0028283,bcc,0.94120127,0.1590860929581361,False
ISIC_0027175,bcc,0.97539175,0.08046887555269368,False
ISIC_0027038,bcc,0.895635,0.26321683077843955,False
ISIC_0032030,bcc,0.97355515,0.08568904082042993,False
ISIC_0031651,bcc,0.9890415,0.03688733004831395,False
ISIC_0028928,bcc,0.97357696,0.07380702911859789,False
ISIC_0031378,bcc,0.9875359,0.04387198223983435,False
ISIC_0027677,bcc,0.9876315,0.04459578251712138,False
ISIC_0024833,bcc,0.98605275,0.04858285421950129,False
ISIC_0027546,bcc,0.9421514,0.16324012510196662,False
ISIC_0030868,bcc,0.9854329,0.04639431166640059,False
ISIC_0026995,bcc,0.9906001,0.03508933310793631,False
ISIC_0029123,bcc,0.9931357,0.026961052050296707,False
ISIC_0029372,bcc,0.970462,0.09129536767792311,False
ISIC_0030782,bcc,0.99636936,0.0155213940090084,False
ISIC_0030915,bcc,0.98886675,0.04115298822319638,False
ISIC_0031318,bcc,0.98991525,0.03797913555124842,False
ISIC_0031470,bcc,0.84070706,0.32876563946175463,True
ISIC_0032092,bcc,0.98087835,0.059771527903189084,False
ISIC_0024787,bcc,0.9774507,0.06542583396748448,False
ISIC_0029602,bcc,0.960477,0.1181635167297481,False
ISIC_0028147,bcc,0.92912966,0.18310773610088565,False
ISIC_0030954,bcc,0.9601564,0.11724778813872916,False
ISIC_0031062,bcc,0.97147983,0.09094968459541324,False
ISIC_0029053,bcc,0.88268995,0.2802975968690326,False
ISIC_0024436,bcc,0.9482861,0.14375051260375316,False
ISIC_0026940,bcc,0.97548556,0.07830954705656376,False
ISIC_0030352,bcc,0.997027,0.01242875009785154,False
ISIC_0029745,bcc,0.9803766,0.06634474815423078,False
ISIC_0028419,bcc,0.9681742,0.0963300715444076,False
ISIC_0025818,bcc,0.9935731,0.024738679772377477,False
ISIC_0030746,bcc,0.9805204,0.06582152171369532,False
ISIC_0031986,bcc,0.9882289,0.041906350981986876,False
ISIC_0028350,bcc,0.94634306,0.14754203007995667,False
ISIC_0029342,bcc,0.9818917,0.06143139174614406,False
ISIC_0028577,bcc,0.86578786,0.30310036676196833,False
ISIC_0026829,bcc,0.97538334,0.07837873421376718,False
ISIC_0028964,bcc,0.8760888,0.28520626294687174,False
ISIC_0032132,bcc,0.99452645,0.02222392379334574,False
ISIC_0028568,bcc,0.9701469,0.0904791276919276,False
ISIC_0031298,bcc,0.96798784,0.09971942287539706,False
ISIC_0030249,bcc,0.98449546,0.050393819444408426,False
ISIC_0028122,bcc,0.99118364,0.03286784337787184,False
ISIC_0031697,bcc,0.9993862,0.003110843349727815,False
ISIC_0029917,bcc,0.99636203,0.014834409952534289,False
ISIC_0028687,bcc,0.98476726,0.053018964738843134,False
ISIC_0027120,bcc,0.989365,0.0385506551635496,False
ISIC_0029501,bcc,0.97214556,0.08838341156047823,False
ISIC_0030138,bcc,0.9763534,0.0767147811686045,False
ISIC_0032185,bcc,0.9274335,0.18286731551565505,False
ISIC_0032222,bcc,0.90705,0.23609727236766098,False
ISIC_0025019,bcc,0.94333494,0.15086632174436063,False
ISIC_0027759,bcc,0.9963967,0.014839844992359982,False
ISIC_0032429,bcc,0.9266887,0.19470106850529054,False
ISIC_0029951,bcc,0.9358703,0.17698299948485824,False
ISIC_0027675,bcc,0.9009451,0.24314384074729076,False
ISIC_0031614,bcc,0.98732924,0.04471763155369258,False
ISIC_0024984,bcc,0.9602672,0.11491688927656243,False
ISIC_0027788,bcc,0.9865248,0.0482104802862518,False
ISIC_0029857,bcc,0.99506915,0.020100373902112743,False
ISIC_0031263,bcc,0.9969434,0.01318458150188868,False
ISIC_0024829,bcc,0.9772933,0.07209933539364043,False
ISIC_0031041,bcc,0.9843871,0.05452571705831125,False
ISIC_0032316,bcc,0.89687634,0.24291835264203213,False
ISIC_0024931,bcc,0.98581624,0.047730760966209006,False
ISIC_0028671,bcc,0.98676664,0.04620294236345737,False
ISIC_0026957,bcc,0.99731284,0.011732659143015042,False
ISIC_0025564,bcc,0.9849962,0.052491273869680166,False
ISIC_0032318,bcc,0.800414,0.4059424545337377,True
ISIC_0030767,bcc,0.9874885,0.04446799494813057,False
ISIC_0032061,bcc,0.9829091,0.058115646054893305,False
ISIC_0031971,bcc,0.9428412,0.1565515839882902,False
ISIC_0031721,bcc,0.9710702,0.09107340210640144,False
ISIC_0028542,bcc,0.9065453,0.22877311301419348,False
ISIC_0025260,bcc,0.9944184,0.022363523336878476,False
ISIC_0031531,bcc,0.988196,0.042957164912977804,False
ISIC_0028978,bcc,0.96437985,0.10579798366874196,False
ISIC_0028728,bcc,0.95059186,0.12600380385250284,False
ISIC_0025775,nv,0.9255725,0.20325981467211157,False
ISIC_0031588,nv,0.91543424,0.2257320024315142,False
ISIC_0028502,nv,0.93701136,0.1758251732762426,False
ISIC_0031325,nv,0.9442317,0.1575234816770498,False
ISIC_0032115,nv,0.90597147,0.24134835935546223,False
ISIC_0025251,nv,0.9298619,0.1941489189997017,False
ISIC_0032285,nv,0.9230518,0.20800255409557508,False
ISIC_0027347,nv,0.93815976,0.17107286175023298,False
ISIC_0029979,nv,0.9142678,0.2239479769320129,False
ISIC_0025311,nv,0.93850243,0.174698268787692,False
ISIC_0026425,nv,0.854415,0.3442236814672717,False
ISIC_0029961,nv,0.9137699,0.2284102460931928,False
ISIC_0026583,nv,0.9635567,0.11223023748000732,False
ISIC_0032226,nv,0.9340302,0.17911186572184534,False
ISIC_0031536,nv,0.9268269,0.19935251304351007,False
ISIC_0026681,nv,0.9644944,0.11112872586509108,False
ISIC_0026780,nv,0.9231312,0.2088389720737378,False
ISIC_0026211,nv,0.94923574,0.14610863452556108,False
ISIC_0025457,nv,0.92427105,0.20511418363880388,False
ISIC_0031575,nv,0.9034684,0.2509693944898065,False
ISIC_0032060,nv,0.9132542,0.23084281599976347,False
ISIC_0029303,nv,0.8949893,0.25992004550791215,False
ISIC_0026054,nv,0.88272315,0.2838824641377883,False
ISIC_0028727,nv,0.9614276,0.11757533783017564,False
ISIC_0027315,nv,0.9293102,0.19175514291032997,False
ISIC_0028455,nv,0.9378487,0.17593354479242887,False
ISIC_0030435,nv,0.9412482,0.16728399383201423,False
ISIC_0026824,nv,0.96331835,0.11266746049358632,False
ISIC_0024968,nv,0.93635124,0.17933995743899653,False
ISIC_0025320,nv,0.9516409,0.141440480925137,False
ISIC_0031184,nv,0.9525006,0.13756979833203598,False
ISIC_0027725,nv,0.9246228,0.2060243297796179,False
ISIC_0031269,nv,0.8986363,0.2612120802519065,False
ISIC_0025398,nv,0.93864036,0.17447362302745742,False
ISIC_0030035,nv,0.9482217,0.14788858613821876,False
ISIC_0031403,nv,0.92962503,0.19236850792612178,False
ISIC_0026011,nv,0.9653977,0.10582383600329855,False
ISIC_0026518,nv,0.9477306,0.15049057460217388,False
ISIC_0027479,nv,0.91002136,0.23628715225144803,False
ISIC_0031068,nv,0.91530424,0.22172603922754927,False
ISIC_0030791,nv,0.9145892,0.22824117978918207,False
ISIC_0031463,nv,0.902082,0.25278264170396064,False
ISIC_0027944,nv,0.9096194,0.2355636238218733,False
ISIC_0029153,nv,0.9058145,0.2427111510814776,False
ISIC_0028480,nv,0.96799994,0.09724704067991652,False
ISIC_0030517,nv,0.954064,0.13687751324517183,False
ISIC_0031455,nv,0.85394907,0.32442872655551885,False
ISIC_0026768,nv,0.89179975,0.2739894128221292,False
ISIC_0029569,nv,0.92226136,0.20913642707477928,False
ISIC_0029351,nv,0.93197197,0.18555514659524386,False
ISIC_0030102,nv,0.9114461,0.23329276884455794,False
ISIC_0031486,nv,0.9372981,0.17527238052536268,False
ISIC_0029526,nv,0.9230005,0.20918016775457404,False
ISIC_0028446,nv,0.93936706,0.17090593959719258,False
ISIC_0024872,nv,0.90111876,0.24130313308535228,False
ISIC_0030820,nv,0.9381716,0.17485638460638997,False
ISIC_0026641,nv,0.94711435,0.15487920749288692,False
ISIC_0028185,nv,0.90952,0.2373818025832592,False
ISIC_0028090,nv,0.92001486,0.21482040282812664,False
ISIC_0030148,nv,0.92407423,0.20481922504210645,False
ISIC_0032048,nv,0.97728604,0.07615247757663474,False
ISIC_0026255,nv,0.94469106,0.16018706853530978,False
ISIC_0030013,nv,0.9503268,0.14682233049140042,False
ISIC_0031371,nv,0.94446546,0.15743413184304322,False
ISIC_0025585,nv,0.9334842,0.18656634350821685,False
ISIC_0030523,nv,0.93861216,0.17470365979584598,False
ISIC_0031100,nv,0.9177127,0.22117614108047928,False
ISIC_0031671,nv,0.9148795,0.22511888246154754,False
ISIC_0025079,nv,0.9235234,0.20836160749092136,False
ISIC_0024462,nv,0.9050386,0.24847161176300955,False
ISIC_0025415,nv,0.950538,0.1461547031406951,False
ISIC_0025143,nv,0.92464584,0.20561337261542548,False
ISIC_0030918,nv,0.8919474,0.23620083485952806,False
ISIC_0025161,nv,0.9430732,0.16433364209683632,False
ISIC_0027324,nv,0.86517555,0.27244877908848875,False
ISIC_0031652,nv,0.96007496,0.12054789684326056,False
ISIC_0030846,nv,0.931624,0.18962900280814798,False
ISIC_0029829,nv,0.95891196,0.12414578982916098,False
ISIC_0025407,nv,0.8537977,0.33887941580444547,False
ISIC_0031297,nv,0.9303123,0.19324855937653082,False
ISIC_0032391,nv,0.92062074,0.20590876004231698,False
ISIC_0032169,nv,0.9315693,0.18897558811530313,False
ISIC_0024584,nv,0.8940356,0.2686081758704287,False
ISIC_0029870,nv,0.9477142,0.152855174922985,False
ISIC_0027000,nv,0.93166333,0.18679705415262468,False
ISIC_0028289,nv,0.958772,0.12338565767944987,False
ISIC_0031164,nv,0.9525558,0.14040721457253363,False
ISIC_0029998,nv,0.92097986,0.21132811693519712,False
ISIC_0027810,nv,0.8870192,0.27444069533992793,False
ISIC_0026339,nv,0.9223429,0.2092115489355613,False
ISIC_0032317,nv,0.9528464,0.13732603899743728,False
ISIC_0029997,nv,0.9237966,0.2071235440899231,False
ISIC_0029685,nv,0.96064967,0.12102984071993507,False
ISIC_0030338,nv,0.9148275,0.22484092391897206,False
ISIC_0030907,nv,0.954988,0.13214505043100183,False
ISIC_0030428,nv,0.9708565,0.09406218774772256,False
ISIC_0026039,nv,0.9193694,0.2144579800526841,False
ISIC_0029373,nv,0.9497027,0.14760289333678597,False
ISIC_0025692,nv,0.9432367,0.16309155075508663,False
ISIC_0030421,nv,0.9342189,0.182905067888097,False
ISIC_0029911,nv,0.93376017,0.18389127012690154,False
ISIC_0027634,nv,0.94819206,0.15208940671929472,False
ISIC_0026755,nv,0.93979454,0.1701600966821623,False
ISIC_0031966,nv,0.9317106,0.19079148488744205,False
ISIC_0027268,nv,0.8752836,0.30114413530882117,False
ISIC_0026948,nv,0.9246348,0.20525675436296692,False
ISIC_0028889,nv,0.92172176,0.21180379682796546,False
ISIC_0032501,nv,0.95657045,0.12786518725594095,False
ISIC_0028779,nv,0.9135859,0.22009573403725674,False
ISIC_0025095,nv,0.94993746,0.14767271608159846,False
ISIC_0028302,nv,0.9105261,0.23355195075077895,False
ISIC_0028917,nv,0.9212586,0.21170219470269983,False
ISIC_0029888,nv,0.96248704,0.11509989256188034,False
ISIC_0024861,nv,0.8726447,0.3120757520930532,False
ISIC_0032087,nv,0.9422872,0.16559627134180901,False
ISIC_0032387,nv,0.9073167,0.24028441632861905,False
ISIC_0026172,nv,0.9332612,0.18271730152455212,False
ISIC_0025487,nv,0.9573664,0.1292785656294921,False
ISIC_0029273,nv,0.93416405,0.18311041628959857,False
ISIC_0027752,nv,0.952262,0.1398834903826658,False
ISIC_0030617,nv,0.9465551,0.1560897951307368,False
ISIC_0029496,nv,0.9433251,0.1637560537715209,False
ISIC_0025287,nv,0.8631193,0.2959113654964522,False
ISIC_0024327,nv,0.9270083,0.2004019983666676,False
ISIC_0027339,nv,0.8546657,0.3388931077399274,False
ISIC_0028339,nv,0.91924995,0.21731147742545925,False
ISIC_0031331,nv,0.9285758,0.19666066933853393,False
ISIC_0025432,nv,0.9423868,0.1576103197913483,False
ISIC_0026557,nv,0.8993776,0.2538777208659659,False
ISIC_0027170,nv,0.928228,0.19415945597018447,False
ISIC_0031997,nv,0.9349051,0.18285567583895895,False
ISIC_0030669,nv,0.88019365,0.2963860498905557,False
ISIC_0032490,nv,0.9399393,0.17169955113276902,False
ISIC_0030642,nv,0.93016195,0.19031416625071781,False
ISIC_0025364,nv,0.8776258,0.3013413971980918,False
ISIC_0027703,nv,0.92306143,0.20695979221724595,False
ISIC_0030050,nv,0.8989401,0.2609605100816302,False
ISIC_0024365,nv,0.97272724,0.08760088069080918,False
ISIC_0025934,nv,0.89429843,0.2655469715300846,False
ISIC_0025675,nv,0.94387436,0.161295839632797,False
ISIC_0030573,nv,0.8617606,0.32957775195713224,False
ISIC_0025325,nv,0.92420983,0.20703434740955723,False
ISIC_0027717,nv,0.9158548,0.22070571435758826,False
ISIC_0027411,nv,0.93812144,0.17513083593059256,False
ISIC_0025636,nv,0.939698,0.1698378307913213,False
ISIC_0026036,nv,0.95168525,0.14310446460102783,False
ISIC_0028932,nv,0.9302159,0.19241655222322132,False
ISIC_0031106,nv,0.94450915,0.1595254907534136,False
ISIC_0026214,nv,0.94023746,0.1701764688063572,False
ISIC_0025676,nv,0.94622,0.15619276032340498,False
ISIC_0025142,nv,0.94071347,0.16942927813928846,False
ISIC_0032434,nv,0.85477823,0.3389608322798618,False
ISIC_0030016,nv,0.9282478,0.19109500477265673,False
ISIC_0026806,nv,0.9534226,0.13906908058267708,False
ISIC_0028395,nv,0.9633182,0.11287868999489226,False
ISIC_0028515,nv,0.9176823,0.21746924099078352,False
ISIC_0030287,nv,0.9157189,0.22408798999037563,False
ISIC_0026621,nv,0.8325423,0.3441521893477752,True
ISIC_0027426,nv,0.93737435,0.17699142293509884,False
ISIC_0025914,nv,0.9519447,0.14143887281190926,False
ISIC_0030888,nv,0.93737423,0.1766139757874999,False
ISIC_0025501,nv,0.96227926,0.11532144461857201,False
ISIC_0030599,nv,0.9550843,0.13391383714324973,False
ISIC_0032153,nv,0.9781612,0.07376724746041619,False
ISIC_0025201,nv,0.9490565,0.14816685098807572,False
ISIC_0029523,nv,0.91100216,0.23043717326690466,False
ISIC_0030541,nv,0.878552,0.2984234221425659,False
ISIC_0032211,nv,0.93074447,0.1660221609859734,False
ISIC_0027836,nv,0.90392166,0.24987445316607793,False
ISIC_0026565,nv,0.92421246,0.20705823937751236,False
ISIC_0027195,nv,0.8411535,0.357361384554151,True
ISIC_0029112,nv,0.91654867,0.2158253663879216,False
ISIC_0026399,nv,0.8529086,0.34785363716786066,False
ISIC_0029290,nv,0.957783,0.12749562752084004,False
ISIC_0025749,nv,0.9290679,0.19453619861103602,False
ISIC_0029258,nv,0.9231941,0.20697924272961968,False
ISIC_0025224,nv,0.9508619,0.14302459497738293,False
ISIC_0031388,nv,0.90523744,0.24681067584456942,False
ISIC_0026098,nv,0.88313735,0.28198090853438457,False
ISIC_0028034,nv,0.9040877,0.24786331613272616,False
ISIC_0029336,nv,0.9005231,0.25509019229359686,False
ISIC_0028690,nv,0.96975213,0.09696918934488954,False
ISIC_0026585,nv,0.92827964,0.19514829245160972,False
ISIC_0025353,nv,0.9439038,0.15741373177809692,False
ISIC_0031653,nv,0.9699388,0.09503105299439556,False
ISIC_0028353,nv,0.9126243,0.2214092256063185,False
ISIC_0030128,nv,0.8964614,0.26477657808644406,False
ISIC_0032100,nv,0.93809104,0.1700850207674725,False
ISIC_0026169,nv,0.92442113,0.2067052508663393,False
ISIC_0031632,nv,0.939179,0.17161125805888353,False
ISIC_0025813,nv,0.9364559,0.17648410150015403,False
ISIC_0026242,nv,0.935815,0.17923126430016473,False
ISIC_0030214,nv,0.9289887,0.19649993459257936,False
ISIC_0027422,nv,0.9609196,0.1189630093651289,False
ISIC_0031099,nv,0.9343971,0.1818851412176019,False
ISIC_0028282,nv,0.93354046,0.17990253670751963,False
ISIC_0028639,nv,0.9777669,0.0746306357947129,False
ISIC_0028136,nv,0.93266064,0.18505741257820926,False
ISIC_0031773,nv,0.91890043,0.21711066237172352,False
ISIC_0031881,nv,0.9270178,0.19973368182457896,False
ISIC_0026283,nv,0.92722434,0.19465066564212363,False
ISIC_0029892,nv,0.9378109,0.17537834752938933,False
ISIC_0027912,nv,0.914374,0.22854708887119224,False
ISIC_0029943,nv,0.93772566,0.17510394215127897,False
ISIC_0029561,nv,0.91228545,0.22968293753236196,False
ISIC_0026682,nv,0.9501872,0.1448407980568033,False
ISIC_0028848,nv,0.94218737,0.1649617711235953,False
ISIC_0028862,nv,0.9525732,0.13967203115089874,False
ISIC_0024746,nv,0.8939026,0.27070166361640535,False
ISIC_0028054,nv,0.8802058,0.2977580614657435,False
ISIC_0030550,nv,0.88522834,0.2872580929025676,False
ISIC_0031704,nv,0.9520047,0.14095914966302545,False
ISIC_0030235,nv,0.9699103,0.09565873787559641,False
ISIC_0024580,nv,0.91793925,0.2193475325561591,False
ISIC_0028594,nv,0.91226345,0.2276648473237207,False
ISIC_0031185,nv,0.9191188,0.21564708023473844,False
ISIC_0024369,nv,0.8485412,0.332266823581211,True
ISIC_0029463,nv,0.9016932,0.25085702566359697,False
ISIC_0030968,nv,0.952817,0.13616828936564204,False
ISIC_0029008,nv,0.86866486,0.31397136533519626,False
ISIC_0032025,nv,0.97258437,0.08694506914348679,False
ISIC_0031157,nv,0.95995754,0.12289800882965786,False
ISIC_0031907,nv,0.8872443,0.27549736356883603,False
ISIC_0027834,nv,0.94210696,0.1661178054346143,False
ISIC_0032254,nv,0.9287143,0.19584059285383795,False
ISIC_0024544,nv,0.91428244,0.2249595873598159,False
ISIC_0030903,nv,0.8850593,0.28642649926408814,False
ISIC_0028962,nv,0.9187388,0.21883719399449175,False
ISIC_0030292,nv,0.9038036,0.24979877995218924,False
ISIC_0029015,nv,0.9317136,0.18541223893307118,False
ISIC_0025205,nv,0.9601754,0.11974418482507743,False
ISIC_0028668,nv,0.9411009,0.16782134869590776,False
ISIC_0031730,nv,0.9217063,0.21168815051384415,False
ISIC_0030469,nv,0.9267205,0.19799362673533352,False
ISIC_0030170,nv,0.89687383,0.26192730775415324,False
ISIC_0026232,nv,0.9418701,0.1663685792059588,False
ISIC_0030322,nv,0.84264064,0.36179411037803255,True
ISIC_0031638,nv,0.90726787,0.2418854691735306,False
ISIC_0026562,nv,0.94941884,0.14897522653461934,False
ISIC_0027389,nv,0.9494794,0.14679062768776763,False
ISIC_0032011,nv,0.92169553,0.21133467191102073,False
ISIC_0030540,nv,0.94108933,0.16764133190658426,False
ISIC_0024593,nv,0.9156671,0.22393169670000243,False
ISIC_0029184,nv,0.9393401,0.17229175031541086,False
ISIC_0030470,nv,0.908584,0.23956307799610688,False
ISIC_0025221,nv,0.86491704,0.3209513731425613,False
ISIC_0027124,nv,0.9049551,0.24518132020684946,False
ISIC_0032366,nv,0.9011922,0.23539717644511918,False
ISIC_0027816,nv,0.9486098,0.14991215924719845,False
ISIC_0025366,bkl,0.76560026,0.4143309857442425,True
ISIC_0028539,nv,0.88615125,0.27004105070244583,False
ISIC_0030936,nv,0.88229185,0.29034227028902243,False
ISIC_0030168,nv,0.8926431,0.2568940205588456,False
ISIC_0031777,nv,0.93725294,0.17790591863930982,False
ISIC_0025558,nv,0.9496901,0.1478482148385202,False
ISIC_0028007,nv,0.8990285,0.25970510968850036,False
ISIC_0024692,nv,0.91462976,0.22730443086097182,False
ISIC_0030729,nv,0.95333475,0.1383807928058362,False
ISIC_0028768,nv,0.9374942,0.17728365539699112,False
ISIC_0026383,nv,0.92884856,0.19608109001588891,False
ISIC_0025794,nv,0.93448776,0.18184680686132518,False
ISIC_0028888,nv,0.9520298,0.1410635238691884,False
ISIC_0027691,nv,0.90748817,0.2407575538709511,False
ISIC_0028805,nv,0.95877445,0.12436724999366822,False
ISIC_0032442,nv,0.95285213,0.14013438667692285,False
ISIC_0025255,nv,0.94588035,0.15596388752268606,False
ISIC_0026778,nv,0.95779294,0.12797626959156827,False
ISIC_0025052,nv,0.95067114,0.1441711643934043,False
ISIC_0030302,nv,0.91809434,0.21835157443043954,False
ISIC_0028812,nv,0.93204063,0.18876226040911911,False
ISIC_0031606,nv,0.9122279,0.2301626453658817,False
ISIC_0029784,nv,0.9246975,0.2032430596638148,False
ISIC_0029633,nv,0.9175859,0.19735005982158815,False
ISIC_0027136,nv,0.90612596,0.23690394790879238,False
ISIC_0028111,nv,0.86425376,0.3163805639961903,False
ISIC_0030880,nv,0.967673,0.10232076043637904,False
ISIC_0025041,nv,0.9167003,0.22146359514878053,False
ISIC_0026700,nv,0.9629615,0.11363831673758892,False
ISIC_0031319,nv,0.94095063,0.1692136378131293,False
ISIC_0028025,nv,0.93345654,0.18242851501957646,False
ISIC_0027572,nv,0.92285675,0.207696461229196,False
ISIC_0027212,nv,0.90198135,0.2444533196909652,False
ISIC_0030376,nv,0.9556033,0.13254887063553586,False
ISIC_0029822,nv,0.9050781,0.24368909833904637,False
ISIC_0031776,nv,0.6767011,0.49170203026340953,True
ISIC_0027932,nv,0.92526215,0.19889075481668483,False
ISIC_0029385,nv,0.90964794,0.23470521298090058,False
ISIC_0026986,nv,0.9402709,0.16887850701646626,False
ISIC_0024464,nv,0.903644,0.2506079978437569,False
ISIC_0026836,nv,0.9007053,0.25211813868752636,False
ISIC_0028694,nv,0.9063195,0.2371613226020527,False
ISIC_0025044,nv,0.9061284,0.24189151874233975,False
ISIC_0025635,nv,0.929954,0.19336687056400095,False
ISIC_0031237,nv,0.8988586,0.26049752662567904,False
ISIC_0025508,nv,0.92398596,0.20766218544439882,False
ISIC_0029876,nv,0.9389589,0.17331423465170626,False
ISIC_0029701,nv,0.8891564,0.27947007711739674,False
ISIC_0027843,nv,0.9563503,0.1295125078157195,False
ISIC_0029118,nv,0.9690122,0.09897134391721203,False
ISIC_0026185,nv,0.9185931,0.218776024430381,False
ISIC_0026137,nv,0.8959688,0.2628680386770227,False
ISIC_0030536,nv,0.93513554,0.17565168083201455,False
ISIC_0024493,nv,0.8733596,0.26907606024288344,False
ISIC_0026891,nv,0.95722014,0.12678131894043773,False
ISIC_0028260,nv,0.9308702,0.19203616452572023,False
ISIC_0031837,nv,0.9501422,0.14500926706161515,False
ISIC_0030774,nv,0.9642073,0.11030067007571263,False
ISIC_0025615,nv,0.9610678,0.11849697049404503,False
ISIC_0029317,nv,0.91217345,0.23193170775468291,False
ISIC_0025900,nv,0.92558783,0.2014941216634066,False
ISIC_0030797,nv,0.89561874,0.26623996112369613,False
ISIC_0026594,nv,0.9355472,0.18012396624129873,False
ISIC_0026075,nv,0.9435457,0.1621136800743382,False
ISIC_0024512,nv,0.92198545,0.2097157613515991,False
ISIC_0027164,nv,0.9580561,0.1257468579894366,False
ISIC_0024637,nv,0.93145055,0.19056539948298454,False
ISIC_0027276,nv,0.9157727,0.22497873156490816,False
ISIC_0030906,nv,0.9188946,0.21695031050987076,False
ISIC_0025120,nv,0.896512,0.26471136526621775,False
ISIC_0031291,nv,0.90701056,0.2404146428693386,False
ISIC_0031947,nv,0.94145995,0.16631227992762349,False
ISIC_0030904,nv,0.91420966,0.22796294557005323,False
ISIC_0031938,nv,0.9583468,0.1258872769049473,False
ISIC_0027290,nv,0.9547556,0.13592103812803452,False
ISIC_0029386,nv,0.8947598,0.2615831102619586,False
ISIC_0027220,nv,0.9117759,0.2330140139030506,False
ISIC_0029675,nv,0.87675685,0.298345007478508,False
ISIC_0029751,nv,0.916373,0.21498686552024485,False
ISIC_0026175,nv,0.9180868,0.22043032879617716,False
ISIC_0030293,nv,0.9190981,0.21658407420877387,False
ISIC_0031035,nv,0.8676956,0.3135188575882716,False
ISIC_0028044,nv,0.9487226,0.15048097186889958,False
ISIC_0031572,nv,0.93253404,0.1862005972987703,False
ISIC_0030411,nv,0.9170007,0.2204782965164563,False
ISIC_0030269,nv,0.9623826,0.11535774203142693,False
ISIC_0028597,nv,0.9342304,0.18372584887954038,False
ISIC_0031571,nv,0.9326779,0.1837455291223752,False
ISIC_0024348,nv,0.877617,0.29666690303694115,False
ISIC_0028356,nv,0.92119765,0.21045054657376808,False
ISIC_0027919,nv,0.94270915,0.16310075528889498,False
ISIC_0031219,nv,0.89269364,0.270763016964885,False
ISIC_0031781,nv,0.9351861,0.18139697930311344,False
ISIC_0025175,nv,0.8991979,0.2485233317474868,False
ISIC_0028175,nv,0.88597465,0.27010148512908105,False
ISIC_0030120,nv,0.92286026,0.2032185857120249,False
ISIC_0025878,nv,0.9048742,0.24135669091351838,False
ISIC_0027375,nv,0.9401481,0.16981908478569496,False
ISIC_0027564,nv,0.91047156,0.23498651027284415,False
ISIC_0027145,nv,0.9337553,0.1827978297088522,False
ISIC_0025256,nv,0.93167555,0.18885216159623233,False
ISIC_0026465,nv,0.9439429,0.16194930027173407,False
ISIC_0028365,nv,0.9299903,0.19214381621979498,False
ISIC_0031477,nv,0.94759893,0.15343196684936858,False
ISIC_0030483,nv,0.89206994,0.27281683791791045,False
ISIC_0024421,nv,0.9132177,0.23038393706138413,False
ISIC_0027661,nv,0.9247272,0.20647077264236935,False
ISIC_0025192,nv,0.92186993,0.21121012737037254,False
ISIC_0027251,nv,0.91341114,0.22971471691281511,False
ISIC_0031995,nv,0.9618557,0.11813951755424446,False
ISIC_0028572,nv,0.910988,0.23313139085331225,False
ISIC_0029469,nv,0.904931,0.24604725089158244,False
ISIC_0028933,nv,0.9071336,0.24319355441907434,False
ISIC_0027356,nv,0.93504006,0.1800626282081831,False
ISIC_0030836,nv,0.7866843,0.4074000789940981,True
ISIC_0029618,nv,0.90784425,0.23773065594613232,False
ISIC_0030204,nv,0.95306975,0.13869056135959298,False
ISIC_0028242,nv,0.84643394,0.3534414783809168,True
ISIC_0028699,nv,0.91370803,0.23015654985098033,False
ISIC_0030003,nv,0.9488453,0.1501668690671099,False
ISIC_0032321,nv,0.9160402,0.22328223337108863,False
ISIC_0030658,nv,0.95412123,0.13522216743461862,False
ISIC_0032193,nv,0.9503544,0.14696024534488503,False
ISIC_0030566,nv,0.909125,0.23887275327584417,False
ISIC_0028613,nv,0.8751105,0.300678241933696,False
ISIC_0027121,nv,0.943756,0.16064178169466106,False
ISIC_0027591,nv,0.852738,0.34401961955635235,False
ISIC_0030400,nv,0.94390804,0.1613408514878099,False
ISIC_0028935,nv,0.9739415,0.08349049733458903,False
ISIC_0024985,nv,0.9401975,0.17033530444716666,False
ISIC_0026136,nv,0.92169815,0.2118233545478877,False
ISIC_0024856,nv,0.91075635,0.234305849547312,False
ISIC_0028921,nv,0.9288671,0.19643680466186714,False
ISIC_0024598,nv,0.93901324,0.17152997942174386,False
ISIC_0025054,nv,0.93924034,0.17301177152661268,False
ISIC_0029703,nv,0.9267616,0.19908813922886806,False
ISIC_0031699,nv,0.94087034,0.16851054007922903,False
ISIC_0031213,nv,0.9470257,0.15448639903512196,False
ISIC_0032337,nv,0.9359242,0.17601780992556293,False
ISIC_0027467,nv,0.94338906,0.16383385582101584,False
ISIC_0031102,nv,0.9507636,0.14124715508443336,False
ISIC_0026659,nv,0.87551856,0.304010221910865,False
ISIC_0032231,nv,0.9448152,0.15856687148530596,False
ISIC_0028869,nv,0.9568428,0.13061282483223796,False
ISIC_0028705,nv,0.9175824,0.219724550873564,False
ISIC_0029950,nv,0.96467084,0.11019128774549752,False
ISIC_0025910,nv,0.93113756,0.19041570711452716,False
ISIC_0030761,nv,0.8946199,0.26645143567082724,False
ISIC_0031402,nv,0.90491515,0.2430196331446522,False
ISIC_0030862,nv,0.89416385,0.26829516045948826,False
ISIC_0030049,nv,0.939505,0.17210980379021407,False
ISIC_0027318,nv,0.9123176,0.2320582892387529,False
ISIC_0032162,nv,0.9352152,0.18213014109669057,False
ISIC_0025979,nv,0.8753244,0.29888836596511853,False
ISIC_0025375,nv,0.9477939,0.15153780856681254,False
ISIC_0026079,nv,0.92526233,0.20363040053660544,False
ISIC_0025833,nv,0.88364357,0.28672545517080883,False
ISIC_0030547,nv,0.8844538,0.2881015406328402,False
ISIC_0031392,nv,0.95951337,0.11994552060119167,False
ISIC_0025947,nv,0.89412457,0.26783110492805196,False
ISIC_0031909,nv,0.951104,0.1444780689740793,False
ISIC_0026822,nv,0.91191125,0.23187831839552162,False
ISIC_0025559,nv,0.93760765,0.1748292917273434,False
ISIC_0030787,nv,0.9015827,0.2531410518540158,False
ISIC_0030000,nv,0.92546284,0.20172608816766846,False
ISIC_0026460,nv,0.9135906,0.2174365733192141,False
ISIC_0031199,nv,0.8516895,0.33625402546418554,False
ISIC_0029274,nv,0.92557555,0.19807124500045958,False
ISIC_0027165,nv,0.95583755,0.1317760267336435,False
ISIC_0031250,nv,0.8434188,0.35050414470520164,True
ISIC_0025084,nv,0.9359621,0.1724542769589621,False
ISIC_0028337,nv,0.9143698,0.2286206791955669,False
ISIC_0024429,nv,0.94625175,0.1570026520909919,False
ISIC_0029972,nv,0.9182496,0.21977702131088084,False
ISIC_0030519,nv,0.9209817,0.21359457640302332,False
ISIC_0028428,nv,0.9362738,0.1687345885402647,False
ISIC_0026225,nv,0.913548,0.2299861357949311,False
ISIC_0029142,nv,0.93230563,0.18842559807604872,False
ISIC_0028861,nv,0.9236538,0.20623675387932158,False
ISIC_0027373,nv,0.92468184,0.20442660036871038,False
ISIC_0031021,nv,0.8686785,0.31309027244003024,False
ISIC_0028319,nv,0.9552043,0.1339714382275313,False
ISIC_0024309,nv,0.92546445,0.20329343189625357,False
ISIC_0027554,nv,0.8475724,0.3154832674458342,True
ISIC_0026733,nv,0.88245684,0.2824547965295563,False
ISIC_0031582,nv,0.9011819,0.24260714444405237,False
ISIC_0024901,nv,0.9408028,0.16940526364842073,False
ISIC_0025544,nv,0.86118674,0.32594706111906774,False
ISIC_0028836,nv,0.96495503,0.11017488499057447,False
ISIC_0029699,nv,0.93534166,0.18128779607263126,False
ISIC_0032228,nv,0.9200612,0.21618298013904497,False
ISIC_0027157,nv,0.9594327,0.12373178490751788,False
ISIC_0028660,nv,0.9380992,0.17483921608326322,False
ISIC_0025116,nv,0.9347555,0.18355819158902442,False
ISIC_0028443,nv,0.92285335,0.20868068778603505,False
ISIC_0030955,nv,0.9377805,0.1755902509067145,False
ISIC_0024738,nv,0.92964625,0.19432213576737642,False
ISIC_0030804,nv,0.94297814,0.16197970126942057,False
ISIC_0027472,nv,0.9564198,0.13200620134030872,False
ISIC_0025952,nv,0.9512329,0.14390622391029154,False
ISIC_0031051,nv,0.93019056,0.19261346185911823,False
ISIC_0027485,nv,0.96005225,0.12235121204381283,False
ISIC_0031437,nv,0.9374311,0.17419986089463815,False
ISIC_0027333,nv,0.9504615,0.14102128409507286,False
ISIC_0026620,nv,0.9426972,0.16440608376890542,False
ISIC_0024944,nv,0.89356816,0.2594627899981246,False
ISIC_0025482,nv,0.9046021,0.24738638038010377,False
ISIC_0027227,nv,0.9219058,0.21198797939631706,False
ISIC_0024534,nv,0.9578638,0.12692772616330128,False
ISIC_0031313,nv,0.9025968,0.2481265566104267,False
ISIC_0030569,nv,0.9587043,0.12553688434798474,False
ISIC_0024374,nv,0.889781,0.2720525093584431,False
ISIC_0027482,nv,0.95287484,0.14086566468071893,False
ISIC_0026051,nv,0.9319238,0.18613849349745104,False
ISIC_0028184,nv,0.9224005,0.21089101644453073,False
ISIC_0028299,nv,0.73943496,0.5198900803641612,True
ISIC_0032419,nv,0.90667385,0.24439247174949996,False
ISIC_0031797,nv,0.9352424,0.17811192560146658,False
ISIC_0025057,nv,0.9170946,0.22081396335086192,False
ISIC_0030943,nv,0.8678386,0.3202744034197709,False
ISIC_0029848,nv,0.9295279,0.19373387263330155,False
ISIC_0024803,nv,0.91899717,0.21836705826351815,False
ISIC_0028985,nv,0.93561697,0.18080406029836013,False
ISIC_0025024,nv,0.9545979,0.13314866623875832,False
ISIC_0030736,nv,0.9399067,0.16960485347303056,False
ISIC_0026792,nv,0.93400633,0.18358009255964997,False
ISIC_0026114,nv,0.93145126,0.19055066610274551,False
ISIC_0029426,nv,0.93762624,0.17679014842044088,False
ISIC_0025664,nv,0.90633404,0.24001851097756963,False
ISIC_0028833,nv,0.9417568,0.16680529681252335,False
ISIC_0029335,nv,0.94532436,0.15750625189246678,False
ISIC_0024964,nv,0.8804542,0.2911166457273222,False
ISIC_0031647,nv,0.93492466,0.17924866255375257,False
ISIC_0025104,nv,0.82206696,0.37223450217496135,True
ISIC_0025634,nv,0.9240813,0.20355363993186754,False
ISIC_0029883,nv,0.9546625,0.1362695239221699,False
ISIC_0026994,nv,0.94228995,0.16538884005079338,False
ISIC_0029266,nv,0.9658243,0.10581397290883501,False
ISIC_0024523,nv,0.91087,0.23160395896350347,False
ISIC_0028789,nv,0.92008984,0.21217583765204634,False
ISIC_0029111,nv,0.94007134,0.17129089127318767,False
ISIC_0026540,nv,0.9340943,0.1847565575663434,False
ISIC_0030206,nv,0.9220817,0.21115474701388165,False
ISIC_0029381,nv,0.9326015,0.18803978873966548,False
ISIC_0030274,nv,0.9194034,0.21804139236185274,False
ISIC_0025678,nv,0.8930192,0.26546141990636835,False
ISIC_0028349,nv,0.96394897,0.11265843208646481,False
ISIC_0032133,nv,0.9127244,0.2288395051174534,False
ISIC_0031256,nv,0.88975126,0.2774938437987692,False
ISIC_0032071,nv,0.9052142,0.23978634537357482,False
ISIC_0024976,nv,0.93454015,0.18111850003815944,False
ISIC_0031114,nv,0.95106345,0.14454490522289737,False
ISIC_0028939,nv,0.9483857,0.15133065295235024,False
ISIC_0032484,nv,0.9311684,0.19141353371466371,False
ISIC_0025146,nv,0.90361446,0.24498540606961736,False
ISIC_0027156,nv,0.9490786,0.14281756188583322,False
ISIC_0026361,nv,0.9404857,0.16913836279870653,False
ISIC_0024838,nv,0.8593969,0.33438316185038575,False
ISIC_0032367,nv,0.87395847,0.3053856334968772,False
ISIC_0026980,nv,0.9258652,0.20280980332953094,False
ISIC_0028721,nv,0.8855111,0.27492273110878684,False
ISIC_0025461,nv,0.9428436,0.16283408416964187,False
ISIC_0028160,nv,0.94889164,0.14991102591025698,False
ISIC_0028821,nv,0.94030106,0.16964433648161284,False
ISIC_0024804,nv,0.9089564,0.2390520502430562,False
ISIC_0027868,nv,0.84267634,0.35631608032538564,True
ISIC_0030332,nv,0.97443277,0.08340890473248583,False
ISIC_0026651,nv,0.96857786,0.09812570608987686,False
ISIC_0031364,nv,0.9260222,0.20335455551427212,False
ISIC_0027440,nv,0.86699104,0.32117249636905887,False
ISIC_0027456,nv,0.94140893,0.1685511257940246,False
ISIC_0027869,nv,0.9069099,0.24231769937842154,False
ISIC_0026910,nv,0.9068844,0.242077707623385,False
ISIC_0029300,nv,0.9367149,0.1687409137856272,False
ISIC_0032002,nv,0.9431994,0.16226657335388703,False
ISIC_0031800,nv,0.9098589,0.23777104256119497,False
ISIC_0024548,nv,0.9307322,0.18977079244874326,False
ISIC_0030374,nv,0.90346855,0.24800790848494694,False
ISIC_0027575,nv,0.92626745,0.19801286283261024,False
ISIC_0024465,nv,0.9388925,0.17316864680082067,False
ISIC_0029984,nv,0.95600957,0.13180834215183923,False
ISIC_0032039,nv,0.9190981,0.20494545427280275,False
ISIC_0025849,nv,0.83663625,0.3762154860201219,True
ISIC_0025028,nv,0.8655113,0.3198142992522657,False
ISIC_0027881,nv,0.90824026,0.23708031964146634,False
ISIC_0032266,nv,0.95031434,0.1430791023581216,False
ISIC_0031734,nv,0.9090307,0.23846974478560604,False
ISIC_0029471,nv,0.9014952,0.2544893705609815,False
ISIC_0024501,nv,0.9119178,0.23374584325995332,False
ISIC_0030285,nv,0.9307427,0.19161353705410356,False
ISIC_0026415,nv,0.9358861,0.1808034783145253,False
ISIC_0026201,nv,0.91026956,0.23715156671513768,False
ISIC_0030570,nv,0.9368876,0.178119276976222,False
ISIC_0026243,nv,0.9047775,0.2427819540095908,False
ISIC_0026470,nv,0.921734,0.21137132157724933,False
ISIC_0025359,nv,0.929635,0.19530167582280888,False
ISIC_0025246,nv,0.9463443,0.15645809900598368,False
ISIC_0028377,nv,0.9266609,0.20111557180959436,False
ISIC_0027910,nv,0.86894715,0.3064039214234164,False
ISIC_0025090,nv,0.8618924,0.32777540928219867,False
ISIC_0030524,nv,0.9146335,0.2255708541707296,False
ISIC_0031018,nv,0.9654615,0.10701376321501287,False
ISIC_0029708,nv,0.9723508,0.09005754166506795,False
ISIC_0030538,nv,0.92328143,0.20808104533645333,False
ISIC_0031637,nv,0.89626086,0.26435378214582256,False
ISIC_0027111,nv,0.9553143,0.13448710653589632,False
ISIC_0030092,nv,0.8984673,0.2599034742839843,False
ISIC_0031190,nv,0.8854996,0.283166287082969,False
ISIC_0031544,nv,0.95887583,0.12387372004407186,False
ISIC_0030814,nv,0.9177172,0.2145225343122552,False
ISIC_0030193,nv,0.92219746,0.2055955914777358,False
ISIC_0031504,nv,0.9574515,0.12802883192106956,False
ISIC_0025318,nv,0.8912021,0.269166849721113,False
ISIC_0026710,nv,0.8662091,0.31884753221047074,False
ISIC_0024322,nv,0.9107259,0.23274216619074053,False
ISIC_0026128,nv,0.9551741,0.13342970316951264,False
ISIC_0031523,nv,0.9645351,0.11107640858141496,False
ISIC_0026112,nv,0.9217418,0.20639574267377175,False
ISIC_0026830,nv,0.95606446,0.1319002649670102,False
ISIC_0032336,nv,0.89598197,0.2633385879228263,False
ISIC_0027384,nv,0.9202786,0.21440001139966475,False
ISIC_0024379,nv,0.9146298,0.2230436965756391,False
ISIC_0031882,nv,0.9692239,0.09777761083752537,False
ISIC_0026302,nv,0.95335555,0.13844563805732468,False
ISIC_0026812,nv,0.9628822,0.1134650387084579,False
ISIC_0026129,nv,0.8675311,0.3214138358761339,False
ISIC_0027605,nv,0.89272714,0.27129384748368307,False
ISIC_0031390,nv,0.93264246,0.1869665339714654,False
ISIC_0027215,nv,0.908759,0.24017063848891473,False
ISIC_0027307,nv,0.9666244,0.1044310031906524,False
ISIC_0025390,nv,0.8930091,0.25190693981694856,False
ISIC_0029490,nv,0.95525175,0.13425210758954786,False
ISIC_0032005,nv,0.9485339,0.15051907649471521,False
ISIC_0026241,nv,0.91336787,0.23091452253435704,False
ISIC_0026731,nv,0.87673634,0.3014503200673847,False
ISIC_0029346,nv,0.88990504,0.27478581175396705,False
ISIC_0030660,nv,0.92183214,0.20675082938982295,False
ISIC_0030461,nv,0.9019324,0.2544112162581128,False
ISIC_0025931,nv,0.9411513,0.16817116692671755,False
ISIC_0030239,nv,0.9051341,0.24787645671510147,False
ISIC_0028058,nv,0.9181626,0.22039472057470558,False
ISIC_0025974,nv,0.95684224,0.12971960216872547,False
ISIC_0026915,nv,0.9167598,0.22281537512802682,False
ISIC_0031774,nv,0.93722963,0.17433999647591347,False
ISIC_0025981,nv,0.91393936,0.22947702246238966,False
ISIC_0031176,nv,0.92281145,0.20882067021366962,False
ISIC_0031865,nv,0.9615319,0.11776509519105009,False
ISIC_0030237,nv,0.8820641,0.2910011066207494,False
ISIC_0032091,nv,0.9053454,0.239462256954409,False
ISIC_0025213,nv,0.92792827,0.1985066454857138,False
ISIC_0030099,nv,0.89121896,0.2719611378963788,False
ISIC_0024776,nv,0.93239325,0.1860281769300274,False
ISIC_0032263,nv,0.9317976,0.18700175930883517,False
ISIC_0027055,nv,0.93793017,0.17292157934758204,False
ISIC_0027108,nv,0.93828964,0.17200979446281212,False
ISIC_0032241,nv,0.94305074,0.16356344775292872,False
ISIC_0029388,nv,0.8792764,0.2923807758779741,False
ISIC_0031367,nv,0.9241974,0.2009445298236181,False
ISIC_0026208,nv,0.9261555,0.20242864986382614,False
ISIC_0024835,nv,0.95257014,0.14150995141657577,False
ISIC_0030974,nv,0.95627415,0.13232759425539753,False
ISIC_0031231,nv,0.9129328,0.22826721590810753,False
ISIC_0027765,nv,0.94454247,0.16002686982709777,False
ISIC_0030337,nv,0.95260555,0.1297936060079301,False
ISIC_0030668,nv,0.9514672,0.1431035916252756,False
ISIC_0028105,nv,0.90715003,0.2421533655219096,False
ISIC_0031636,nv,0.7359247,0.5198440730104835,True
ISIC_0031714,nv,0.91144717,0.21387449531220026,False
ISIC_0024510,nv,0.9187368,0.21103107544898567,False
ISIC_0030481,nv,0.90981996,0.237475348827022,False
ISIC_0025397,nv,0.92585003,0.20303178421641668,False
ISIC_0025756,nv,0.9286842,0.19474200647345982,False
ISIC_0032223,nv,0.9227739,0.20930843392869217,False
ISIC_0026449,nv,0.92221946,0.20461686313659924,False
ISIC_0028609,nv,0.931534,0.19021732720367915,False
ISIC_0031355,nv,0.86956954,0.3171427790354155,False
ISIC_0025866,nv,0.91823596,0.21944800134448328,False
ISIC_0030509,nv,0.908519,0.23645049060929516,False
ISIC_0024641,nv,0.932516,0.18891039061044096,False
ISIC_0026854,nv,0.9482503,0.15065126340203625,False
ISIC_0024860,nv,0.9620261,0.11766950434618344,False
ISIC_0025806,nv,0.914082,0.22938575820787385,False
ISIC_0026267,nv,0.9133074,0.2292440451440989,False
ISIC_0030407,nv,0.94585764,0.1571357885508855,False
ISIC_0032188,nv,0.85452247,0.34662405847855926,False
ISIC_0030490,nv,0.92826045,0.19707802832490923,False
ISIC_0027736,nv,0.9548538,0.1355986037681887,False
ISIC_0027610,nv,0.95191467,0.14250878883074122,False
ISIC_0031172,nv,0.9025906,0.2533958841968399,False
ISIC_0028403,nv,0.8759064,0.27541597772414783,False
ISIC_0030748,nv,0.93420637,0.1841973783086447,False
ISIC_0027405,nv,0.9733287,0.0868582080561422,False
ISIC_0029599,nv,0.93647766,0.17854994501397742,False
ISIC_0024346,nv,0.89022744,0.27612216916159105,False
ISIC_0029436,nv,0.9380948,0.17555191655043778,False
ISIC_0028770,nv,0.9172933,0.2197157139084934,False
ISIC_0029150,nv,0.93735594,0.17385051744011465,False
ISIC_0026920,nv,0.9473946,0.1512167219590052,False
ISIC_0026929,nv,0.9512857,0.14456481519619332,False
ISIC_0032411,nv,0.94461954,0.1608910698756904,False
ISIC_0025929,nv,0.9448263,0.1599648119718707,False
ISIC_0029999,nv,0.95109034,0.14410886149235205,False
ISIC_0032108,nv,0.9137238,0.22958040116988784,False
ISIC_0030971,nv,0.915247,0.2192245195519183,False
ISIC_0027541,nv,0.9120338,0.23274392745760902,False
ISIC_0031898,nv,0.91465753,0.22814555065590522,False
ISIC_0029330,nv,0.9126249,0.23180161905224,False
ISIC_0027557,nv,0.87811446,0.29857449289378996,False
ISIC_0024744,nv,0.9359876,0.17871211940415496,False
ISIC_0024563,nv,0.9365534,0.17955668515600495,False
ISIC_0027892,nv,0.9415517,0.15984561249328427,False
ISIC_0026173,nv,0.9324502,0.18738464341068028,False
ISIC_0026227,nv,0.936233,0.17700791758220633,False
ISIC_0026696,nv,0.9343583,0.1831501596593701,False
ISIC_0032487,nv,0.91827184,0.21934520462081988,False
ISIC_0027400,nv,0.85464513,0.34272228569638846,False
ISIC_0031357,nv,0.9488642,0.149790463364268,False
ISIC_0026715,nv,0.8864722,0.2792184456856641,False
ISIC_0026773,nv,0.95261526,0.13998262673431552,False
ISIC_0025551,nv,0.8936073,0.26826618379066064,False
ISIC_0024585,nv,0.9228161,0.21045930696201828,False
ISIC_0026533,nv,0.94263554,0.16368684364127137,False
ISIC_0032507,nv,0.93686515,0.17660137124286715,False
ISIC_0024404,nv,0.90004563,0.2578822137949797,False
ISIC_0031156,nv,0.8799702,0.2924043921693759,False
ISIC_0025740,nv,0.90385306,0.24458622642039768,False
ISIC_0029189,nv,0.8825505,0.29316859820593066,False
ISIC_0032234,nv,0.88168293,0.2925453547803112,False
ISIC_0026355,nv,0.93096715,0.18967929846376635,False
ISIC_0026928,nv,0.9477143,0.15326207351569787,False
ISIC_0027971,nv,0.94546074,0.157079244226725,False
ISIC_0027309,nv,0.9226808,0.21046941510230702,False
ISIC_0029940,nv,0.95125854,0.14293910461512294,False
ISIC_0028786,nv,0.9484887,0.14991255744666437,False
ISIC_0031097,nv,0.943823,0.15980743129064828,False
ISIC_0026814,nv,0.87858075,0.29884817844978884,False
ISIC_0032056,nv,0.89088047,0.27286587771367476,False
ISIC_0024392,nv,0.94392556,0.1620953935296341,False
ISIC_0028906,nv,0.9347084,0.18331274756437763,False
ISIC_0029004,nv,0.919508,0.21673341432385754,False
ISIC_0030518,nv,0.9528334,0.13929982185781306,False
ISIC_0031715,nv,0.9507185,0.14383816243234754,False
ISIC_0026145,nv,0.95004666,0.14636401822149178,False
ISIC_0028936,nv,0.92610735,0.20292652171913741,False
ISIC_0029508,nv,0.92882556,0.19569840501377675,False
ISIC_0024474,nv,0.93578595,0.17807714440965497,False
ISIC_0032454,nv,0.9318551,0.1896131514063316,False
ISIC_0030484,nv,0.9201577,0.21305682333966386,False
ISIC_0024989,nv,0.9220665,0.2087995043805196,False
ISIC_0025082,nv,0.9528012,0.14050605993226598,False
ISIC_0030418,nv,0.9289672,0.19367908957600954,False
ISIC_0026515,nv,0.94732314,0.15324588517587184,False
ISIC_0027539,nv,0.9068679,0.24413313668963824,False
ISIC_0031581,nv,0.93110394,0.19156420626642182,False
ISIC_0030262,nv,0.94984883,0.14787683925397413,False
ISIC_0029181,nv,0.94346046,0.161903430756333,False
ISIC_0032399,nv,0.92113584,0.21090320747433347,False
ISIC_0029706,nv,0.89386106,0.26915606770480505,False
ISIC_0029550,nv,0.89369154,0.26614371937585635,False
ISIC_0029639,nv,0.95790195,0.12796421640004219,False
ISIC_0026368,nv,0.9435094,0.16350017998393984,False
ISIC_0026591,nv,0.92744476,0.1977622268995424,False
ISIC_0026308,nv,0.9220798,0.21185392401457903,False
ISIC_0027712,nv,0.88841873,0.27920558077984214,False
ISIC_0029798,nv,0.866556,0.29440139312168756,False
ISIC_0026000,nv,0.9204935,0.21043852401297014,False
ISIC_0026397,nv,0.95229363,0.14106626531935765,False
ISIC_0030414,nv,0.8905211,0.26872720688001034,False
ISIC_0030972,nv,0.9144936,0.226462392144194,False
ISIC_0027453,nv,0.93762183,0.17439703089172431,False
ISIC_0026448,nv,0.95012265,0.14661499109256923,False
ISIC_0032143,nv,0.9602905,0.12190651513256581,False
ISIC_0029167,nv,0.9437337,0.1626894918174211,False
ISIC_0030141,nv,0.94799227,0.148470079881373,False
ISIC_0027813,nv,0.9276922,0.1976093948814499,False
ISIC_0029536,nv,0.94926596,0.1473102626754278,False
ISIC_0028208,nv,0.953782,0.13847695797685564,False
ISIC_0024559,nv,0.9520119,0.13926306498403593,False
ISIC_0025087,nv,0.94643474,0.15347197058032938,False
ISIC_0030815,nv,0.95313954,0.1394248564901116,False
ISIC_0026385,nv,0.8861524,0.266457194247719,False
ISIC_0027317,nv,0.9218391,0.2107035870189955,False
ISIC_0027593,nv,0.91903645,0.21837777901836983,False
ISIC_0029218,nv,0.955747,0.13334088937324864,False
ISIC_0028397,nv,0.9536302,0.13827243660501404,False
ISIC_0028021,nv,0.9284058,0.19509041569077482,False
ISIC_0029312,nv,0.93370837,0.1839209972485688,False
ISIC_0030545,nv,0.9228143,0.2084414464838381,False
ISIC_0027730,nv,0.9092669,0.23679116556775287,False
ISIC_0026570,nv,0.916515,0.222588600532186,False
ISIC_0030307,nv,0.9539681,0.13461624568576666,False
ISIC_0030921,nv,0.9108335,0.22875862467977964,False
ISIC_0030657,nv,0.9514732,0.13946236381672836,False
ISIC_0026220,nv,0.92357975,0.20868816168370305,False
ISIC_0027553,nv,0.94096005,0.1686787027767594,False
ISIC_0026884,nv,0.95134133,0.14160579496494966,False
ISIC_0029772,nv,0.9450649,0.1567300232951141,False
ISIC_0029287,nv,0.90408,0.2478404196634358,False
ISIC_0031792,nv,0.94553363,0.15719879595868513,False
ISIC_0024619,nv,0.8955788,0.25868746500725226,False
ISIC_0027723,nv,0.9119776,0.22915154034509314,False
ISIC_0031656,nv,0.94134134,0.167677797788444,False
ISIC_0026093,nv,0.93360543,0.1848706876594214,False
ISIC_0025072,nv,0.9201801,0.21568804883363588,False
ISIC_0027951,nv,0.9589943,0.12433350258893158,False
ISIC_0025164,nv,0.94371957,0.1627549037373803,False
ISIC_0031532,nv,0.893603,0.2698955241130165,False
ISIC_0030913,nv,0.93756557,0.17687242255624536,False
ISIC_0025017,nv,0.9554072,0.13427071575689753,False
ISIC_0027080,nv,0.95730174,0.12883423628698285,False
ISIC_0026478,nv,0.49112797,0.6816838531137258,True
ISIC_0031434,nv,0.89648247,0.2609126648842636,False
ISIC_0027438,nv,0.94598764,0.15667467356935136,False
ISIC_0027775,nv,0.95591444,0.13258555093249264,False
ISIC_0024656,nv,0.9431961,0.16382301254325157,False
ISIC_0024807,nv,0.9660922,0.10682715316145558,False
ISIC_0032505,nv,0.94963086,0.14721299479819505,False
ISIC_0032080,nv,0.94915265,0.14774315144097389,False
ISIC_0025894,nv,0.9520479,0.14203713687872432,False
ISIC_0028279,nv,0.937886,0.17179997397500096,False
ISIC_0030692,nv,0.8842246,0.28859328634252196,False
ISIC_0026688,nv,0.9453737,0.15856435976559785,False
ISIC_0028908,nv,0.9184421,0.21885773189771474,False
ISIC_0031055,nv,0.8976219,0.2547040613345681,False
ISIC_0029088,nv,0.84897006,0.3477788981911805,True
ISIC_0026572,nv,0.9311936,0.19100815134299418,False
ISIC_0026317,nv,0.8927586,0.2701066004606817,False
ISIC_0031273,nv,0.94190395,0.16477640927221004,False
ISIC_0027299,nv,0.8999934,0.25649101206860747,False
ISIC_0024736,nv,0.8997883,0.2573317796101672,False
ISIC_0028979,nv,0.8906294,0.26878301606669525,False
ISIC_0029148,nv,0.8577193,0.3332472519277598,False
ISIC_0027206,nv,0.940265,0.17084539796300882,False
ISIC_0028474,nv,0.9114757,0.23354070927354878,False
ISIC_0031508,nv,0.9244238,0.20665803359889975,False
ISIC_0026953,nv,0.9182642,0.21532303776166486,False
ISIC_0031490,nv,0.91096306,0.23199666021371992,False
ISIC_0031675,nv,0.90473,0.22694226844671853,False
ISIC_0028318,nv,0.9079155,0.2409810816096083,False
ISIC_0027901,nv,0.9239476,0.2076515565817316,False
ISIC_0025036,nv,0.9403978,0.16877918688044763,False
ISIC_0030866,nv,0.93261015,0.18724562585098237,False
ISIC_0028133,nv,0.86752325,0.29633575423493735,False
ISIC_0027477,nv,0.9541593,0.13695847025966595,False
ISIC_0027637,nv,0.9236666,0.20682690080317753,False
ISIC_0026436,nv,0.93490136,0.1821547988328494,False
ISIC_0025919,nv,0.91891384,0.21557820704249853,False
ISIC_0026240,nv,0.9206124,0.2133745711981031,False
ISIC_0031693,nv,0.9251541,0.2029825453209194,False
ISIC_0031540,nv,0.92934054,0.1949965937704587,False
ISIC_0027617,nv,0.944757,0.1590179395880077,False
ISIC_0027653,nv,0.8717589,0.3103804331822674,False
ISIC_0027457,nv,0.9366598,0.17595420521856442,False
ISIC_0029980,nv,0.9251118,0.20435146319256428,False
ISIC_0026624,nv,0.9428001,0.16380653321150818,False
ISIC_0031033,nv,0.8960949,0.2635497561626759,False
ISIC_0029087,nv,0.94089586,0.1695712821949808,False
ISIC_0029711,nv,0.9296931,0.1952358810187478,False
ISIC_0025126,nv,0.9334596,0.18472831603499132,False
ISIC_0025449,nv,0.9336131,0.1849200950239235,False
ISIC_0026649,nv,0.9357936,0.17808201469543045,False
ISIC_0025162,nv,0.9338616,0.181077531439262,False
ISIC_0025639,nv,0.88939035,0.2739434360991796,False
ISIC_0026407,nv,0.9218689,0.21010578241310265,False
ISIC_0026235,nv,0.95398843,0.1363919549425759,False
ISIC_0026064,nv,0.9466784,0.15546117601232745,False
ISIC_0029695,nv,0.9304006,0.19148082942440403,False
ISIC_0031165,nv,0.6041183,0.4619916329737216,True
ISIC_0030291,nv,0.8620185,0.3238857662683743,False
ISIC_0027638,nv,0.9441128,0.16160663431594674,False
ISIC_0026503,nv,0.9377017,0.17602634058335204,False
ISIC_0028459,nv,0.933658,0.18519074813783581,False
ISIC_0031785,nv,0.90685564,0.24415989263067517,False
ISIC_0024796,nv,0.95285386,0.14067970553013479,False
ISIC_0032075,nv,0.940451,0.16630085466602443,False
ISIC_0027056,nv,0.92794335,0.19834376658878888,False
ISIC_0027636,nv,0.90456045,0.2386561787124765,False
ISIC_0027994,nv,0.7359485,0.519274770297132,True
ISIC_0030402,nv,0.9450443,0.15774394634289224,False
ISIC_0025720,nv,0.80838376,0.4159614594035398,True
ISIC_0030265,nv,0.89008623,0.27275095122166493,False
ISIC_0026900,nv,0.9154253,0.225901497565719,False
ISIC_0027936,nv,0.90316564,0.25190128844760534,False
ISIC_0032500,nv,0.91912144,0.2125193612682218,False
ISIC_0025976,nv,0.8982434,0.2617503540376445,False
ISIC_0026474,nv,0.9047792,0.2473910975122385,False
ISIC_0028182,nv,0.9452456,0.1587350648135645,False
ISIC_0027230,nv,0.82222956,0.39297603847865986,True
ISIC_0030248,nv,0.9250242,0.20568906114467822,False
ISIC_0031144,nv,0.9484837,0.15128746362566212,False
ISIC_0028535,nv,0.92405444,0.20632504695320708,False
ISIC_0024574,nv,0.92352355,0.20807461288354234,False
ISIC_0025293,nv,0.92347765,0.20275515811051562,False
ISIC_0025580,nv,0.93614686,0.17947793355393746,False
ISIC_0030578,nv,0.9658618,0.10475123213807161,False
ISIC_0028392,nv,0.927834,0.19914917095470216,False
ISIC_0025965,nv,0.9341094,0.18392139544803474,False
ISIC_0024570,nv,0.93601996,0.176358347045744,False
ISIC_0024965,nv,0.9385224,0.17459907117458595,False
ISIC_0026322,nv,0.9342107,0.18164076926844028,False
ISIC_0032084,nv,0.9522172,0.13999507812530754,False
ISIC_0029226,nv,0.8811137,0.28974653325727956,False
ISIC_0024859,nv,0.91298515,0.22910534920704653,False
ISIC_0029440,nv,0.9077359,0.23730764559041384,False
ISIC_0025968,nv,0.9350952,0.182280047880245,False
ISIC_0025614,nv,0.9521943,0.14204663240445006,False
ISIC_0026727,nv,0.8497893,0.3532689661199894,True
ISIC_0028934,nv,0.9442475,0.1597860816731294,False
ISIC_0026945,nv,0.94001055,0.1716975295047113,False
ISIC_0029387,nv,0.90479326,0.24698372414323935,False
ISIC_0024393,nv,0.92318314,0.20839704724338814,False
ISIC_0024960,nv,0.92748564,0.187936762285541,False
ISIC_0025404,nv,0.946848,0.15490369676004093,False
ISIC_0024321,nv,0.95171845,0.1427674653299478,False
ISIC_0029322,nv,0.9606832,0.1204671619015455,False
ISIC_0030468,nv,0.91383165,0.2252141593414507,False
ISIC_0025296,nv,0.93105435,0.19222305791351288,False
ISIC_0027807,nv,0.9252981,0.2047641050468048,False
ISIC_0024308,nv,0.8241531,0.38342595942606955,True
ISIC_0030037,nv,0.90653086,0.23840741125382567,False
ISIC_0029449,nv,0.94626284,0.15669323579060881,False
ISIC_0026906,nv,0.9266646,0.2020260089423258,False
ISIC_0032320,nv,0.8658673,0.31594303467532986,False
ISIC_0026200,nv,0.95112103,0.14166307442658568,False
ISIC_0028221,nv,0.91892207,0.19550921432137303,False
ISIC_0026252,nv,0.9720551,0.09077467593014187,False
ISIC_0028427,nv,0.9502519,0.14613215892477843,False
ISIC_0025236,nv,0.9374834,0.17717297126082973,False
ISIC_0024543,nv,0.919884,0.215514801435233,False
ISIC_0026224,nv,0.92314696,0.20813288784384315,False
ISIC_0025714,nv,0.9510159,0.14347056306384806,False
ISIC_0032239,nv,0.9173622,0.22149862138641732,False
ISIC_0025925,nv,0.91888773,0.21554065376978956,False
ISIC_0026859,nv,0.9269494,0.19322684219027417,False
ISIC_0028683,nv,0.9048233,0.24839393223642722,False
ISIC_0028143,nv,0.92567915,0.20175036301972543,False
ISIC_0027214,nv,0.9134761,0.22993412481853645,False
ISIC_0025997,nv,0.92595,0.20082211411857617,False
ISIC_0028422,nv,0.93168277,0.18926207731566774,False
ISIC_0030450,nv,0.9223858,0.21031544974727304,False
ISIC_0028612,nv,0.91515666,0.2268010914206862,False
ISIC_0031969,nv,0.94888914,0.15033907502075577,False
ISIC_0026109,nv,0.98050576,0.06663495898806532,False
ISIC_0029795,nv,0.93590987,0.18079871523629837,False
ISIC_0031383,nv,0.94975483,0.14806512633989752,False
ISIC_0029721,nv,0.8890222,0.2789982720117391,False
ISIC_0028383,nv,0.89712083,0.26243960668242206,False
ISIC_0027927,nv,0.9334879,0.18543276152093008,False
ISIC_0024362,nv,0.92257273,0.20994644136527876,False
ISIC_0025377,nv,0.93468416,0.17812463735364784,False
ISIC_0030614,nv,0.94172317,0.16245409467160668,False
ISIC_0029992,nv,0.9350607,0.1809124777606386,False
ISIC_0031116,nv,0.8471177,0.34756338038793394,True
ISIC_0031535,nv,0.94847876,0.15090732097398618,False
ISIC_0028902,nv,0.93040884,0.1926489169269491,False
ISIC_0026244,nv,0.9244126,0.20626035485535932,False
ISIC_0024307,nv,0.9195979,0.216416432233622,False
ISIC_0027153,nv,0.9336023,0.1840067173412899,False
ISIC_0030357,nv,0.8741346,0.3057549788168811,False
ISIC_0027393,nv,0.89139545,0.27528689983573384,False
ISIC_0030513,nv,0.9510131,0.14516952703128347,False
ISIC_0030562,nv,0.93135095,0.19120827720534658,False
ISIC_0027119,nv,0.9135437,0.2288063014081414,False
ISIC_0032198,nv,0.91854274,0.214589937229544,False
ISIC_0026678,nv,0.9373734,0.17704386274168754,False
ISIC_0026527,nv,0.9229732,0.20544372432757993,False
ISIC_0025183,nv,0.97275126,0.08855969905864977,False
ISIC_0028731,nv,0.9487581,0.14948884258419848,False
ISIC_0030643,nv,0.9408145,0.16559519926632385,False
ISIC_0030684,nv,0.9657363,0.10713280188227652,False
ISIC_0027353,nv,0.9230698,0.20910820085879125,False
ISIC_0026701,nv,0.769624,0.4068811638285494,True
ISIC_0031162,nv,0.92700845,0.1996099336828626,False
ISIC_0030916,nv,0.90062356,0.25662175933170556,False
ISIC_0032004,nv,0.945512,0.15830500939037204,False
ISIC_0028301,nv,0.92145705,0.21253388023336378,False
ISIC_0028616,nv,0.95689714,0.12882376057795636,False
ISIC_0026828,nv,0.9474971,0.15039252564137337,False
ISIC_0027589,nv,0.9369366,0.17804073978925153,False
ISIC_0024611,nv,0.969865,0.0961715728416078,False
ISIC_0028275,nv,0.93130565,0.19166464442401784,False
ISIC_0032180,nv,0.8995912,0.2593882654365415,False
ISIC_0024794,nv,0.9150335,0.22593258775478883,False
ISIC_0032083,nv,0.9275154,0.19914446913793152,False
ISIC_0024660,nv,0.92776877,0.19738381488400683,False
ISIC_0028772,nv,0.9195984,0.2131982913576136,False
ISIC_0028284,nv,0.9017867,0.25303702990122656,False
ISIC_0026708,nv,0.94562244,0.15449013598395597,False
ISIC_0027304,nv,0.88428867,0.28989019137229183,False
ISIC_0029168,nv,0.9154592,0.2254319591339443,False
ISIC_0027257,nv,0.77062845,0.4376104922900676,True
ISIC_0024820,nv,0.8806912,0.29294915966948115,False
ISIC_0027491,nv,0.954534,0.13592042551347155,False
ISIC_0028603,nv,0.95702976,0.1298360601971427,False
ISIC_0025701,nv,0.8725613,0.3097239554166078,False
ISIC_0025685,nv,0.9222232,0.20820917367229477,False
ISIC_0026537,nv,0.8895353,0.271624598086221,False
ISIC_0031343,nv,0.9510761,0.14483061333969421,False
ISIC_0031964,nv,0.93017423,0.19389875784292016,False
ISIC_0030989,nv,0.66133964,0.5386730266486452,True
ISIC_0027962,nv,0.86188793,0.3282124178806806,False
ISIC_0026965,nv,0.93161285,0.19093174299162996,False
ISIC_0026734,nv,0.93343693,0.18561118551238992,False
ISIC_0025167,nv,0.90928364,0.23796931526449444,False
ISIC_0029307,nv,0.93439585,0.18413207359623399,False
ISIC_0026983,nv,0.9171749,0.22062370058297304,False
ISIC_0029423,nv,0.9468643,0.1536577612619087,False
ISIC_0027417,nv,0.9170135,0.22307817146016926,False
ISIC_0028514,nv,0.93027246,0.1932948117760337,False
ISIC_0030385,nv,0.892791,0.25681647887053993,False
ISIC_0030166,nv,0.9585252,0.1230555579798851,False
ISIC_0031296,nv,0.93994284,0.16875993546780688,False
ISIC_0024456,nv,0.91245437,0.22914570519138103,False
ISIC_0025890,nv,0.9255691,0.20392514471820583,False
ISIC_0024488,nv,0.9165762,0.2230884327540987,False
ISIC_0027217,nv,0.91666675,0.2237306366004415,False
ISIC_0027048,nv,0.9461251,0.15652393975613696,False
ISIC_0028193,nv,0.87672514,0.30311411995890664,False
ISIC_0027895,nv,0.91398644,0.22723163693552903,False
ISIC_0024306,nv,0.927687,0.1974300825988738,False
ISIC_0027148,nv,0.9450416,0.15814151787888417,False
ISIC_0027534,nv,0.9342386,0.1824953818991227,False
ISIC_0027259,nv,0.94745827,0.15375999131710136,False
ISIC_0027409,nv,0.95122826,0.1415839705711445,False
ISIC_0029377,nv,0.94163275,0.16473799833911293,False
ISIC_0031775,nv,0.9068532,0.24386366285875963,False
ISIC_0031120,nv,0.9218229,0.20948057862088176,False
ISIC_0026683,nv,0.8906927,0.2755180393103357,False
ISIC_0031089,nv,0.93922657,0.17337615466865666,False
ISIC_0029009,nv,0.87268984,0.31192434440381955,False
ISIC_0029267,nv,0.96802497,0.10064223482230014,False
ISIC_0026062,nv,0.9387881,0.16983628393954983,False
ISIC_0030613,nv,0.9157639,0.2225623346827994,False
ISIC_0025698,nv,0.9436425,0.16159891537245355,False
ISIC_0026896,nv,0.94735694,0.15195427926207153,False
ISIC_0029864,nv,0.93278134,0.188074340201016,False
ISIC_0031141,nv,0.89417166,0.2702458171201126,False
ISIC_0025448,nv,0.85074186,0.342092609817858,False
ISIC_0028071,nv,0.88544095,0.28184803243568024,False
ISIC_0029246,nv,0.9321822,0.18910599844039158,False
ISIC_0031230,nv,0.9452009,0.15653649835467748,False
ISIC_0026300,nv,0.9179335,0.22043679187981632,False
ISIC_0031032,nv,0.93177325,0.19015664773121874,False
ISIC_0027378,nv,0.93388563,0.18473027640159276,False
ISIC_0031679,nv,0.9466354,0.15556829166865965,False
ISIC_0025135,nv,0.9624238,0.11632250276052816,False
ISIC_0026119,nv,0.91459453,0.22709289505238442,False
ISIC_0028674,nv,0.92805344,0.19758014253606893,False
ISIC_0029714,nv,0.943988,0.16220189657140333,False
ISIC_0030073,nv,0.97903836,0.07076140816119889,False
ISIC_0025290,nv,0.92945075,0.194197744380369,False
ISIC_0027474,nv,0.78204936,0.4164507240242416,True
ISIC_0024920,nv,0.93623036,0.18002265510795049,False
ISIC_0024469,nv,0.96548104,0.1085178851207013,False
ISIC_0024720,nv,0.895219,0.2585874250491222,False
ISIC_0028741,nv,0.93216753,0.1896895138116036,False
ISIC_0028911,nv,0.90147305,0.25353839365954667,False
ISIC_0025430,nv,0.90027833,0.24886587518036155,False
ISIC_0025917,nv,0.9128305,0.22999155743381322,False
ISIC_0027740,nv,0.9098766,0.23523244438914132,False
ISIC_0032499,nv,0.9412367,0.1659345724188353,False
ISIC_0027570,nv,0.91706496,0.2217771159667354,False
ISIC_0025951,nv,0.89038056,0.2773129080876013,False
ISIC_0031635,nv,0.9557759,0.13299462430690398,False
ISIC_0030042,nv,0.93046737,0.1932244223627505,False
ISIC_0030718,nv,0.9019529,0.24320874726023553,False
ISIC_0031260,nv,0.9219235,0.20926481577180997,False
ISIC_0030897,nv,0.9166541,0.22231188253410047,False
ISIC_0030837,nv,0.9497001,0.14425320879874767,False
ISIC_0030068,nv,0.95544744,0.13307329933215112,False
ISIC_0026972,nv,0.9731724,0.08720368438123707,False
ISIC_0030947,nv,0.89624417,0.2659714521607542,False
ISIC_0030220,nv,0.9521021,0.1413344220289259,False
ISIC_0028192,nv,0.9439638,0.16092857720230713,False
ISIC_0026653,nv,0.9575318,0.12795488934332125,False
ISIC_0029364,nv,0.90786016,0.24185362853162115,False
ISIC_0025241,nv,0.9526321,0.13864545761239563,False
ISIC_0025125,nv,0.88845724,0.25925229563429425,False
ISIC_0026699,nv,0.90652883,0.23891010744882019,False
ISIC_0026747,nv,0.9193116,0.21256377582403585,False
ISIC_0029006,nv,0.95308036,0.13908274188743094,False
ISIC_0024568,nv,0.9568591,0.130967467402731,False
ISIC_0025561,nv,0.94563,0.15279938105166413,False
ISIC_0024588,nv,0.9434666,0.16357458202261038,False
ISIC_0030857,nv,0.9447534,0.15820729736758116,False
ISIC_0025658,nv,0.90518016,0.24643950799624076,False
ISIC_0029806,nv,0.86620605,0.32383828863974545,False
ISIC_0030863,nv,0.90323937,0.251567750448806,False
ISIC_0029324,nv,0.8908273,0.264760803261448,False
ISIC_0028277,nv,0.80969805,0.33751754300027453,True
ISIC_0031864,nv,0.8987447,0.25614981638777123,False
ISIC_0029106,nv,0.8762878,0.30564342170496744,False
ISIC_0025817,nv,0.9013875,0.2544057486731385,False
ISIC_0031423,nv,0.9123042,0.23149695051471977,False
ISIC_0025361,nv,0.9394221,0.17056247724247342,False
ISIC_0029050,nv,0.9342781,0.1824249771704754,False
ISIC_0031816,nv,0.8875302,0.27901340359144405,False
ISIC_0029722,nv,0.93090206,0.19012264762297487,False
ISIC_0027682,nv,0.8830417,0.2912601813194219,False
ISIC_0024671,nv,0.92102814,0.2120343696340966,False
ISIC_0030975,nv,0.9623137,0.11593710693897492,False
ISIC_0032054,nv,0.8435731,0.3586437093573226,True
ISIC_0030101,nv,0.92554504,0.20292472982154078,False
ISIC_0029171,nv,0.95624524,0.13154594401916272,False
ISIC_0031763,nv,0.91257685,0.23090462880916535,False
ISIC_0024427,nv,0.9366385,0.17760818796171504,False
ISIC_0027247,nv,0.87893045,0.2896726519409875,False
ISIC_0027116,nv,0.9318073,0.18815722695138343,False
ISIC_0029485,nv,0.940944,0.16780006033984518,False
ISIC_0026966,nv,0.96351355,0.11322709921220725,False
ISIC_0028752,nv,0.9410574,0.1690108623927921,False
ISIC_0025884,nv,0.9514107,0.14435289650350408,False
ISIC_0029788,nv,0.91612226,0.22435665210695832,False
ISIC_0031471,nv,0.91866493,0.21806039872866834,False
ISIC_0031030,nv,0.9646247,0.11053967398976641,False
ISIC_0030480,nv,0.946969,0.15484666234423008,False
ISIC_0028667,nv,0.9336661,0.1849450131212716,False
ISIC_0027191,nv,0.93351585,0.18545767961827817,False
ISIC_0027032,nv,0.903797,0.250371666460734,False
ISIC_0026191,nv,0.9139725,0.2284272002012225,False
ISIC_0029595,nv,0.93958455,0.16983495150287542,False
ISIC_0024990,nv,0.94309515,0.16427363650039517,False
ISIC_0030867,nv,0.8998185,0.25267001251656185,False
ISIC_0030928,nv,0.9408962,0.1684581002726403,False
ISIC_0025704,nv,0.9628029,0.11438166324827516,False
ISIC_0026536,nv,0.92135394,0.21290622736472614,False
ISIC_0031954,nv,0.87548727,0.3048874859650126,False
ISIC_0031764,nv,0.93730676,0.17581469756721613,False
ISIC_0029419,nv,0.9829717,0.05926862877962059,False
ISIC_0024849,nv,0.9159066,0.22451015800107008,False
ISIC_0026065,nv,0.9592463,0.12118881419902117,False
ISIC_0025754,nv,0.95787185,0.1280627248217649,False
ISIC_0028595,nv,0.8943143,0.26839293374373546,False
ISIC_0026413,nv,0.9460954,0.1563756410858103,False
ISIC_0028157,nv,0.8399015,0.37079911562323614,True
ISIC_0026377,nv,0.927643,0.1954068464279037,False
ISIC_0026597,nv,0.9490183,0.14771696216840768,False
ISIC_0026838,nv,0.94299066,0.162764797462572,False
ISIC_0029074,nv,0.9281299,0.19852531491451977,False
ISIC_0025717,nv,0.9123984,0.22830976198950456,False
ISIC_0031128,nv,0.9187384,0.21829800128690938,False
ISIC_0028387,nv,0.96765286,0.10255636433960842,False
ISIC_0029968,nv,0.94686145,0.1541734448856378,False
ISIC_0024826,nv,0.90039176,0.25498329105236167,False
ISIC_0029084,nv,0.9135697,0.22601074205765748,False
ISIC_0030529,nv,0.856062,0.3338477673530937,False
ISIC_0030984,nv,0.9078802,0.23768918194022048,False
ISIC_0029874,nv,0.8720204,0.3113748904023077,False
ISIC_0030221,nv,0.94889635,0.14762160871168417,False
ISIC_0032268,nv,0.9285274,0.19258843655422164,False
ISIC_0028250,nv,0.9294632,0.19463020431572103,False
ISIC_0029378,nv,0.95133656,0.14364698074261423,False
ISIC_0025200,nv,0.92297035,0.20600271980090978,False
ISIC_0027439,nv,0.924406,0.20268706600184347,False
ISIC_0029225,nv,0.9506099,0.1448703260787376,False
ISIC_0029903,nv,0.9198173,0.21620527930913644,False
ISIC_0031870,nv,0.91501164,0.21557079440628682,False
ISIC_0025281,nv,0.9545011,0.13629785734570643,False
ISIC_0024455,nv,0.89315134,0.27214097090133343,False
ISIC_0024874,nv,0.9066116,0.24310872261746952,False
ISIC_0031427,nv,0.8978256,0.25570923930946005,False
ISIC_0025259,nv,0.9432939,0.16207039885546565,False
ISIC_0031782,nv,0.9397954,0.17024053297427794,False
ISIC_0026975,nv,0.95026666,0.14519911631467405,False
ISIC_0027720,nv,0.9412687,0.1656038218162974,False
ISIC_0029408,nv,0.9405159,0.1696892564444413,False
ISIC_0026564,nv,0.9396364,0.1710824338527791,False
ISIC_0029684,nv,0.92170423,0.20902658528364193,False
ISIC_0025343,nv,0.9379744,0.17623677368572613,False
ISIC_0024780,nv,0.9133066,0.227343270624263,False
ISIC_0026412,nv,0.8831032,0.2873651166667154,False
ISIC_0026299,nv,0.92997026,0.19369137249799676,False
ISIC_0031391,nv,0.92014056,0.21270496816543225,False
ISIC_0027500,nv,0.966089,0.10625233691703752,False
ISIC_0026762,nv,0.9532403,0.13971335200316987,False
ISIC_0024414,nv,0.9394838,0.17265530642779486,False
ISIC_0028976,nv,0.9013219,0.2517062013400332,False
ISIC_0027228,nv,0.9016609,0.25408798549933514,False
ISIC_0024749,nv,0.85537136,0.33027567309797556,False
ISIC_0025560,nv,0.9026727,0.251745577141067,False
ISIC_0028248,nv,0.897107,0.25861165395508695,False
ISIC_0031505,nv,0.92327815,0.19208070160444685,False
ISIC_0030855,nv,0.92941684,0.1926940513048746,False
ISIC_0027785,nv,0.9093081,0.23628574323795323,False
ISIC_0024342,nv,0.9796243,0.06867744657167617,False
ISIC_0028081,nv,0.9632763,0.11387987831744303,False
ISIC_0024950,nv,0.89665484,0.26436291010281054,False
ISIC_0028991,nv,0.9192273,0.21621350365964406,False
ISIC_0030495,nv,0.9217507,0.21215494749544966,False
ISIC_0027496,nv,0.94289196,0.16432612225307608,False
ISIC_0031787,nv,0.9110632,0.2278940417470852,False
ISIC_0029758,nv,0.9374153,0.17687184057241057,False
ISIC_0025632,nv,0.9217063,0.21236507429054227,False
ISIC_0027434,nv,0.90214646,0.25115821761347246,False
ISIC_0026550,nv,0.9337532,0.18593233338165355,False
ISIC_0031244,nv,0.90851027,0.2281839156429101,False
ISIC_0029103,nv,0.9427296,0.1634844051589438,False
ISIC_0027476,nv,0.93406093,0.18400183174015036,False
ISIC_0025768,nv,0.85911065,0.33689720949382906,False
ISIC_0030884,nv,0.8492074,0.34676808416230936,True
ISIC_0026143,nv,0.87637866,0.3040728311191987,False
ISIC_0024583,nv,0.8909067,0.273934185619279,False
ISIC_0031891,nv,0.9224525,0.2089212921556345,False
ISIC_0028729,nv,0.89233285,0.26807749850527135,False
ISIC_0029483,nv,0.9257421,0.20340485116989052,False
ISIC_0024601,nv,0.94100416,0.16677962826233567,False
ISIC_0027696,nv,0.94914854,0.14797975850055012,False
ISIC_0027660,nv,0.93767655,0.174261045774113,False
ISIC_0024589,nv,0.9429899,0.1638148800849284,False
ISIC_0031655,nv,0.90947014,0.23770474235011946,False
ISIC_0030368,nv,0.9239077,0.20420223028502912,False
ISIC_0032370,nv,0.91604483,0.2235462396169929,False
ISIC_0032502,nv,0.87858653,0.2897839946378041,False
ISIC_0027349,nv,0.86784214,0.3085648274020459,False
ISIC_0024779,nv,0.894594,0.2651470261126612,False
ISIC_0028313,nv,0.9303089,0.19023670113923252,False
ISIC_0029383,nv,0.8812563,0.293019058991114,False
ISIC_0031793,nv,0.9033748,0.24844753601068553,False
ISIC_0028324,nv,0.9213496,0.21357946013868248,False
ISIC_0027366,nv,0.959757,0.12289091015840965,False
ISIC_0025629,nv,0.89262056,0.2729621194615146,False
ISIC_0025591,nv,0.8894676,0.2766895727697974,False
ISIC_0029532,nv,0.9415772,0.16692463412938646,False
ISIC_0029723,nv,0.9413837,0.16563106784898468,False
ISIC_0024500,nv,0.9370312,0.17869576259532413,False
ISIC_0029621,nv,0.8636622,0.3252175903282324,False
ISIC_0032121,nv,0.95339066,0.13943033939045002,False
ISIC_0029090,nv,0.8999559,0.257441100678926,False
ISIC_0029866,nv,0.9436393,0.1596402181456905,False
ISIC_0032469,nv,0.9239709,0.20632095775099937,False
ISIC_0030087,nv,0.9331407,0.18572658678068604,False
ISIC_0026638,nv,0.7061553,0.5293384960300296,True
ISIC_0026499,nv,0.92346525,0.20620256998670886,False
ISIC_0024866,nv,0.9512429,0.14101502011116668,False
ISIC_0029858,nv,0.92906356,0.19558217671582062,False
ISIC_0029925,nv,0.94782066,0.14971975232833923,False
ISIC_0025773,nv,0.93439776,0.18335112786674657,False
ISIC_0032137,nv,0.95667666,0.1306916223803977,False
ISIC_0027273,nv,0.9602762,0.12179984362179175,False
ISIC_0027035,nv,0.95664537,0.1310886272479189,False
ISIC_0031939,nv,0.96146876,0.11776236139856291,False
ISIC_0027943,nv,0.91264224,0.22983232359353786,False
ISIC_0028778,nv,0.93339264,0.18587773410873043,False
ISIC_0029156,nv,0.92760444,0.19862970443604683,False
ISIC_0030584,nv,0.9227756,0.20304662480420418,False
ISIC_0029399,nv,0.9263135,0.20091305675044643,False
ISIC_0030294,nv,0.941307,0.165662464345336,False
ISIC_0031861,nv,0.9281575,0.19788412188220583,False
ISIC_0030701,nv,0.9178159,0.22088695637603767,False
ISIC_0028839,nv,0.93306553,0.18758884315987634,False
ISIC_0028907,nv,0.8904655,0.27489295804102737,False
ISIC_0026748,nv,0.8865849,0.27323461041911573,False
ISIC_0029663,nv,0.9401371,0.16941086907167174,False
ISIC_0027518,nv,0.9299123,0.19119303841809315,False
ISIC_0031747,nv,0.7991478,0.4230950803125651,True
ISIC_0032117,nv,0.9232742,0.20753803910321655,False
ISIC_0032377,nv,0.94535846,0.1575359943294981,False
ISIC_0030510,nv,0.9342073,0.17011686140938195,False
ISIC_0026648,nv,0.9438921,0.15933191986688477,False
ISIC_0025107,nv,0.9290097,0.19356486759074712,False
ISIC_0027686,nv,0.6807684,0.48805608532272754,True
ISIC_0030163,nv,0.9258693,0.20173129539145354,False
ISIC_0028954,nv,0.9140029,0.22721633688681928,False
ISIC_0030999,nv,0.91167974,0.2321962194076016,False
ISIC_0027592,nv,0.83207095,0.3298973836053526,True
ISIC_0025408,nv,0.9524662,0.14087338362421212,False
ISIC_0031884,nv,0.9227076,0.19549546112443475,False
ISIC_0028492,nv,0.9239546,0.20467031375721684,False
ISIC_0027460,nv,0.91009986,0.23729611312126625,False
ISIC_0030799,nv,0.90473735,0.24517180936575964,False
ISIC_0030286,nv,0.92491794,0.20522714976421225,False
ISIC_0031634,nv,0.92997843,0.1906434618936687,False
ISIC_0031664,nv,0.9245765,0.2061384598726959,False
ISIC_0028796,nv,0.91089135,0.2360188577036031,False
ISIC_0026860,nv,0.8538267,0.3440549674166347,False
ISIC_0028340,nv,0.943523,0.1628669356255802,False
ISIC_0031669,nv,0.9396302,0.16943430157870468,False
ISIC_0026507,nv,0.9553404,0.13425783553571147,False
ISIC_0030861,nv,0.9138036,0.22977187385153855,False
ISIC_0029073,nv,0.94733286,0.15293757158170207,False
ISIC_0024659,nv,0.972695,0.08945964516699066,False
ISIC_0025949,nv,0.8794527,0.2967491771727456,False
ISIC_0029521,nv,0.9198136,0.21661747701781883,False
ISIC_0026025,nv,0.9463092,0.15602691024584975,False
ISIC_0032237,nv,0.9174224,0.2211817311883662,False
ISIC_0027092,nv,0.96052605,0.1195572148604644,False
ISIC_0032053,nv,0.96362865,0.11279243386442858,False
ISIC_0025307,nv,0.91233337,0.23249926451653,False
ISIC_0024434,nv,0.93156666,0.18940801741992705,False
ISIC_0025369,nv,0.8519345,0.349629361740034,False
ISIC_0024542,nv,0.93201536,0.18911765343245177,False
ISIC_0030256,nv,0.7059664,0.5003873732296646,True
ISIC_0029767,nv,0.92096484,0.210958725669101,False
ISIC_0026221,nv,0.9404426,0.16956220018408502,False
ISIC_0029414,nv,0.9116046,0.2336396771561937,False
ISIC_0032216,nv,0.9190469,0.21702629003104093,False
ISIC_0028782,nv,0.941139,0.1687766292146473,False
ISIC_0025733,nv,0.89687735,0.26358874907960783,False
ISIC_0026357,nv,0.9225594,0.2061840230808155,False
ISIC_0025827,nv,0.96933347,0.09792524328951481,False
ISIC_0031729,nv,0.9454261,0.1584779198507653,False
ISIC_0027185,nv,0.923715,0.20461453520126002,False
ISIC_0026686,nv,0.9257689,0.19802920432607699,False
ISIC_0026155,nv,0.9191043,0.21645877921528606,False
ISIC_0024737,nv,0.8806356,0.29506546730792776,False
ISIC_0025923,nv,0.9060064,0.24532883779360837,False
ISIC_0032449,nv,0.92823356,0.19692458369225377,False
ISIC_0031665,nv,0.9531395,0.14014133985221236,False
ISIC_0025058,nv,0.9121546,0.2312377073470425,False
ISIC_0024616,nv,0.8264198,0.38264242540005367,True
ISIC_0031135,nv,0.9219607,0.20669600038643873,False
ISIC_0025011,nv,0.94807893,0.14968841709344424,False
ISIC_0027193,nv,0.90345436,0.2514846033372493,False
ISIC_0029137,nv,0.777915,0.4307882327326628,True
ISIC_0025935,nv,0.91438186,0.2275976588215289,False
ISIC_0029299,nv,0.9669116,0.10129010535335026,False
ISIC_0025174,nv,0.97160566,0.0909217263982965,False
ISIC_0025348,nv,0.96318287,0.1123335932144594,False
ISIC_0024956,nv,0.9403603,0.1657217960657579,False
ISIC_0027274,nv,0.9499909,0.1462587557242125,False
ISIC_0029467,nv,0.89860463,0.25994859334654574,False
ISIC_0031110,nv,0.95155305,0.14217858958131,False
ISIC_0026257,nv,0.9140847,0.21461955714366276,False
ISIC_0031587,nv,0.9295999,0.19351391337447357,False
ISIC_0029782,nv,0.865341,0.30692844201221603,False
ISIC_0030103,nv,0.95688903,0.12989075136225026,False
ISIC_0031370,nv,0.92397916,0.20555201926694583,False
ISIC_0025067,nv,0.89814615,0.2605993737967699,False
ISIC_0029649,nv,0.91988075,0.21182269598723252,False
ISIC_0032255,nv,0.9081272,0.2383312632636507,False
ISIC_0028661,nv,0.86405855,0.3276469746390757,False
ISIC_0031990,nv,0.9535618,0.13918183229298844,False
ISIC_0027245,nv,0.9246632,0.2064843114242106,False
ISIC_0031382,nv,0.947986,0.15269908073234478,False
ISIC_0027272,nv,0.9385809,0.1740435369735368,False
ISIC_0032252,nv,0.9565446,0.13115086888751482,False
ISIC_0031739,nv,0.9422942,0.16558354427426367,False
ISIC_0024532,nv,0.9389564,0.1723765055401953,False
ISIC_0026162,nv,0.9439186,0.16062272938175326,False
ISIC_0026344,nv,0.90275335,0.2492037167964656,False
ISIC_0028855,nv,0.9206255,0.21451336040917499,False
ISIC_0026380,nv,0.95000887,0.14710390345989732,False
ISIC_0029497,nv,0.9164057,0.2215792567782659,False
ISIC_0027602,nv,0.88799876,0.2794090300761986,False
ISIC_0029710,nv,0.91084844,0.2359420817835011,False
ISIC_0026864,nv,0.9297503,0.1925301156478286,False
ISIC_0028074,nv,0.9426291,0.16444219739739147,False
ISIC_0029398,nv,0.88850224,0.27110871536275893,False
ISIC_0028986,nv,0.9170813,0.22114770044939422,False
ISIC_0028187,nv,0.9596079,0.1194575884171643,False
ISIC_0024398,nv,0.95274717,0.13963401841726755,False
ISIC_0032171,nv,0.9423867,0.1651384032174585,False
ISIC_0030250,nv,0.9154276,0.22298877568007044,False
ISIC_0027655,nv,0.8751203,0.2851956340842045,False
ISIC_0024895,nv,0.94708014,0.1526904734977353,False
ISIC_0027372,nv,0.89619774,0.26276539510700003,False
ISIC_0026750,nv,0.8894882,0.27580287445138035,False
ISIC_0030869,nv,0.951248,0.14476569151138535,False
ISIC_0030395,nv,0.9401318,0.16528834063174108,False
ISIC_0025852,nv,0.88419944,0.28973798728412636,False
ISIC_0032403,nv,0.9283752,0.19792394182879772,False
ISIC_0029949,nv,0.9630524,0.11311574120002661,False
ISIC_0025190,nv,0.9141286,0.22761358680016566,False
ISIC_0030222,nv,0.94459915,0.1598329160564671,False
ISIC_0031553,nv,0.9228783,0.20997561713383936,False
ISIC_0028748,nv,0.9493818,0.14768349809790643,False
ISIC_0025920,nv,0.93232423,0.18934692443263662,False
ISIC_0027321,nv,0.9402248,0.1692495829726105,False
ISIC_0028391,nv,0.9242865,0.2059082086892103,False
ISIC_0029768,nv,0.9306952,0.19003588608549676,False
ISIC_0029261,nv,0.94537973,0.1583669600380506,False
ISIC_0028036,nv,0.88670015,0.24394244509155527,False
ISIC_0031878,nv,0.9248957,0.20468984084641093,False
ISIC_0029047,nv,0.9414288,0.16816223806946254,False
ISIC_0030494,nv,0.9478712,0.15217590789558358,False
ISIC_0029086,nv,0.8849685,0.28755766142385125,False
ISIC_0027182,nv,0.893597,0.2658721779708278,False
ISIC_0027543,nv,0.87680215,0.30459251205295107,False
ISIC_0030527,nv,0.91966254,0.2170386954759407,False
ISIC_0028055,nv,0.87615263,0.30572079492426835,False
ISIC_0024460,nv,0.9299769,0.1945438103469807,False
ISIC_0026535,nv,0.91261935,0.23087899088970582,False
ISIC_0024399,nv,0.80581754,0.4045467041442355,True
ISIC_0026602,nv,0.9054256,0.24396989022397553,False
ISIC_0029338,nv,0.9160617,0.22506543184092997,False
ISIC_0025608,nv,0.89706844,0.26300312018815364,False
ISIC_0029122,nv,0.91416574,0.22833046836173235,False
ISIC_0029732,nv,0.92181545,0.21100934294736495,False
ISIC_0024603,nv,0.92094934,0.21430513271922752,False
ISIC_0026387,nv,0.9647391,0.11002775028791742,False
ISIC_0027296,nv,0.9022495,0.25341790769037803,False
ISIC_0027641,nv,0.95288384,0.13773486732602344,False
ISIC_0029868,nv,0.89058936,0.2733194269053565,False
ISIC_0025429,nv,0.92545426,0.20465801551986557,False
ISIC_0027134,nv,0.90833783,0.23846885649448976,False
ISIC_0026635,nv,0.94952196,0.1485459062489024,False
ISIC_0027647,nv,0.8788933,0.296993273445354,False
ISIC_0031992,nv,0.939879,0.171231819913955,False
ISIC_0031810,nv,0.90061855,0.25756105061035206,False
ISIC_0028895,nv,0.9333774,0.17301944452401366,False
ISIC_0032416,nv,0.936224,0.1766408083053572,False
ISIC_0029175,nv,0.9277205,0.1974221186095554,False
ISIC_0029622,nv,0.94401693,0.16185949097680527,False
ISIC_0027879,nv,0.91596,0.22417735513974626,False
ISIC_0030763,nv,0.9111855,0.22513880775020756,False
ISIC_0031846,nv,0.8965312,0.26360078695576983,False
ISIC_0031022,nv,0.9193691,0.21610047627277937,False
ISIC_0029019,nv,0.9053523,0.2476257288898492,False
ISIC_0028204,nv,0.9267227,0.20016166967362145,False
ISIC_0026724,nv,0.9250382,0.2050168698154789,False
ISIC_0032386,nv,0.93528116,0.18137890717350635,False
ISIC_0030199,nv,0.9322759,0.18909218398199704,False
ISIC_0028398,nv,0.88749313,0.276553786751919,False
ISIC_0032264,nv,0.90338194,0.24159074030729427,False
ISIC_0029365,nv,0.9478998,0.15220785574504153,False
ISIC_0029691,nv,0.9124644,0.23228074490192493,False
ISIC_0028394,nv,0.9355846,0.18194260446360683,False
ISIC_0029882,nv,0.94896126,0.1504848926021025,False
ISIC_0026066,nv,0.9011563,0.2559194120506449,False
ISIC_0024769,nv,0.9094881,0.23795962063903572,False
ISIC_0031862,nv,0.9702234,0.09541206096414166,False
ISIC_0025494,nv,0.9425045,0.16497817387851835,False
ISIC_0029611,nv,0.93114096,0.19172504821992492,False
ISIC_0027289,nv,0.95933276,0.12447237465267082,False
ISIC_0030178,nv,0.8743447,0.30442787188915765,False
ISIC_0028742,nv,0.96035415,0.12097028692673407,False
ISIC_0029058,nv,0.93810016,0.17565653580242593,False
ISIC_0026918,nv,0.9249948,0.2050856358001703,False
ISIC_0031608,nv,0.94722974,0.154225363969848,False
ISIC_0025913,nv,0.9277791,0.19822965181107496,False
ISIC_0026642,nv,0.8894661,0.27872152338292544,False
ISIC_0031590,nv,0.88202155,0.29292575779317637,False
ISIC_0032064,nv,0.92641336,0.20228096380806243,False
ISIC_0027362,nv,0.9393933,0.1713493959639496,False
ISIC_0030475,nv,0.9289346,0.19402948979065415,False
ISIC_0032464,nv,0.95904493,0.1239876280643708,False
ISIC_0028382,nv,0.88702434,0.28135726690929924,False
ISIC_0025333,nv,0.8999171,0.25736728062409026,False
ISIC_0028691,nv,0.94198,0.16652079860948835,False
ISIC_0026082,nv,0.91182095,0.23437512093901783,False
ISIC_0032483,nv,0.8897886,0.2767821694609876,False
ISIC_0027508,nv,0.94505024,0.1590443126449428,False
ISIC_0028161,nv,0.90725064,0.24039888335970666,False
ISIC_0024953,nv,0.94914395,0.14752149217673372,False
ISIC_0025023,nv,0.9254359,0.20250337352514225,False
ISIC_0027749,nv,0.929756,0.19396750851224748,False
ISIC_0029446,nv,0.9271183,0.20106732841276187,False
ISIC_0029593,nv,0.9473795,0.15408659145597525,False
ISIC_0027603,nv,0.9444274,0.1587530756817153,False
ISIC_0030703,nv,0.90435374,0.24829404543193787,False
ISIC_0030467,nv,0.93571526,0.18143460915264278,False
ISIC_0028432,nv,0.92565924,0.20378113434981984,False
ISIC_0028491,nv,0.92606544,0.20266104519828207,False
ISIC_0024320,nv,0.9455542,0.15704314591360305,False
ISIC_0025211,nv,0.90567106,0.228108564051667,False
ISIC_0029948,nv,0.88145506,0.28858078900543777,False
ISIC_0028824,nv,0.94529337,0.15822745238670227,False
ISIC_0030228,nv,0.85519475,0.33810966560609595,False
ISIC_0028521,nv,0.90996027,0.23213756156319892,False
ISIC_0029433,nv,0.90713483,0.24345419128488235,False
ISIC_0028470,nv,0.853028,0.34344235285368246,False
ISIC_0025114,nv,0.92609435,0.1994063618635936,False
ISIC_0029922,nv,0.9578456,0.12649458469424796,False
ISIC_0025721,nv,0.9540595,0.13690105295975327,False
ISIC_0029042,nv,0.9344077,0.18048709352348866,False
ISIC_0026418,nv,0.91739225,0.21967318314246045,False
ISIC_0032062,nv,0.909058,0.2395540572466674,False
ISIC_0032401,nv,0.88661623,0.28404857457653276,False
ISIC_0030252,nv,0.9153058,0.22484678970341232,False
ISIC_0024528,nv,0.95598036,0.13245737665055896,False
ISIC_0026102,nv,0.95025104,0.14718885778441473,False
ISIC_0024699,nv,0.91068065,0.2345789071733839,False
ISIC_0029240,nv,0.94891715,0.14998504506482568,False
ISIC_0025204,nv,0.97873926,0.07240087193920755,False
ISIC_0027934,nv,0.9366761,0.17821006645445153,False
ISIC_0030713,nv,0.908206,0.23893899222546336,False
ISIC_0028634,nv,0.9379295,0.1764114300976238,False
ISIC_0028506,nv,0.88193315,0.29057938275561307,False
ISIC_0028256,nv,0.96226317,0.11614872698206473,False
ISIC_0027824,nv,0.93069094,0.1928602842665317,False
ISIC_0031262,nv,0.8771196,0.2796992562253972,False
ISIC_0024551,nv,0.87815845,0.29876872234097396,False
ISIC_0027611,nv,0.8937054,0.26195221053613726,False
ISIC_0027993,nv,0.9322289,0.18301827905933055,False
ISIC_0027599,nv,0.90657616,0.23974588218169182,False
ISIC_0024613,nv,0.93728393,0.17695587597508353,False
ISIC_0031574,nv,0.97419184,0.08467748399640118,False
ISIC_0025624,nv,0.95846367,0.12619611887917762,False
ISIC_0026667,nv,0.8741006,0.3024919179780442,False
ISIC_0025882,nv,0.9270512,0.19678934902748205,False
ISIC_0030895,nv,0.75637144,0.48314919582712096,True
ISIC_0031336,nv,0.89347583,0.2516931526498423,False
ISIC_0032010,nv,0.93003994,0.19036625380393282,False
ISIC_0027391,nv,0.9144107,0.22355866037725675,False
ISIC_0025770,nv,0.9051754,0.24544946160105366,False
ISIC_0032224,nv,0.96877855,0.09906856584835255,False
ISIC_0031264,nv,0.9142482,0.22850919866047364,False
ISIC_0026917,nv,0.9141038,0.22417381729064523,False
ISIC_0025207,nv,0.95800596,0.12755445383424752,False
ISIC_0031627,nv,0.9089079,0.23995063328399452,False
ISIC_0031828,nv,0.92855424,0.19545026548505295,False
ISIC_0025395,nv,0.9263035,0.20267636056235588,False
ISIC_0030982,nv,0.92574716,0.2028746026349272,False
ISIC_0028996,nv,0.92218685,0.20921565345313306,False
ISIC_0029586,nv,0.9471185,0.15184635189144344,False
ISIC_0027059,nv,0.9353714,0.17851620526692283,False
ISIC_0028405,nv,0.888095,0.27487850033734174,False
ISIC_0031840,nv,0.9010454,0.25551176300509243,False
ISIC_0028740,nv,0.9257195,0.2006261080891596,False
ISIC_0024629,nv,0.9128363,0.23126573446329754,False
ISIC_0025189,nv,0.9660701,0.10347619744819915,False
ISIC_0024549,nv,0.9543711,0.1354242536635725,False
ISIC_0031491,nv,0.9335413,0.1829945861911084,False
ISIC_0032451,nv,0.94406784,0.15860457791165566,False
ISIC_0029625,nv,0.89086986,0.2713363016728957,False
ISIC_0030169,nv,0.9532909,0.13883483208916825,False
ISIC_0032452,nv,0.9393801,0.17110075102821137,False
ISIC_0028563,nv,0.9421171,0.1638384351148739,False
ISIC_0030779,nv,0.9370038,0.17662239923774048,False
ISIC_0029681,nv,0.8555558,0.31991780048267643,False
ISIC_0027656,nv,0.9433893,0.16089054915331188,False
ISIC_0027014,nv,0.9012821,0.24656402190616078,False
ISIC_0030113,nv,0.87810564,0.29207572445635205,False
ISIC_0027459,nv,0.9207411,0.21277926299655428,False
ISIC_0027913,nv,0.89220595,0.2527317946952356,False
ISIC_0028206,nv,0.9283642,0.19770476365353748,False
ISIC_0028374,nv,0.9373033,0.17574383337764662,False
ISIC_0024335,nv,0.9514802,0.14357283906513293,False
ISIC_0024785,nv,0.904233,0.2485805805783947,False
ISIC_0024614,nv,0.913669,0.22893355676823066,False
ISIC_0027705,nv,0.9274086,0.1994238366940018,False
ISIC_0025566,nv,0.9244484,0.20589425639253908,False
ISIC_0024783,nv,0.91878206,0.2177913690433479,False
ISIC_0028259,nv,0.9587306,0.12540367131127078,False
ISIC_0024347,nv,0.9095931,0.2378645734895937,False
ISIC_0029754,nv,0.92399687,0.20749269031019402,False
ISIC_0028176,nv,0.9181202,0.21781307091424046,False
ISIC_0031736,nv,0.8400524,0.3695792468747575,True
ISIC_0028806,nv,0.9012346,0.2502372435102582,False
ISIC_0024607,nv,0.9376072,0.17542844408527475,False
ISIC_0029692,nv,0.8808015,0.28924222894905727,False
ISIC_0030572,nv,0.9276907,0.19828141774164443,False
ISIC_0030931,nv,0.9534607,0.13801703759371925,False
ISIC_0028717,nv,0.9640795,0.11235678833334918,False
ISIC_0024499,nv,0.93685925,0.17735925203405942,False
ISIC_0028181,nv,0.91419774,0.22568611760074908,False
ISIC_0027131,nv,0.9051708,0.24054506850979113,False
ISIC_0026196,nv,0.901591,0.2553101209216967,False
ISIC_0028203,nv,0.9016581,0.2444986837993518,False
ISIC_0025853,nv,0.9015097,0.24117551015652527,False
ISIC_0032167,nv,0.895923,0.260553335812364,False
ISIC_0029428,nv,0.9200988,0.2164762846764224,False
ISIC_0031324,nv,0.9041632,0.2424856936069471,False
ISIC_0029158,nv,0.8759258,0.3036819217665789,False
ISIC_0024903,nv,0.93129605,0.19137120204836372,False
ISIC_0031514,nv,0.9299947,0.19207743943189912,False
ISIC_0031058,nv,0.9312951,0.19043629096384235,False
ISIC_0029114,nv,0.8450382,0.34401196187431543,True
ISIC_0030577,nv,0.90545404,0.24663940412813207,False
ISIC_0026356,nv,0.8924603,0.2666931121159119,False
ISIC_0027555,nv,0.9268161,0.2000297890735819,False
ISIC_0031538,nv,0.9432278,0.16410513686485514,False
ISIC_0025420,nv,0.9481544,0.15219636922198618,False
ISIC_0026204,nv,0.92876947,0.19424614093084222,False
ISIC_0030288,nv,0.92309356,0.20522195785579123,False
ISIC_0032351,nv,0.9580819,0.12434324316048252,False
ISIC_0025423,nv,0.88210857,0.28951441359937696,False
ISIC_0024993,nv,0.92231196,0.2088447153352655,False
ISIC_0029144,nv,0.9179328,0.21823186954483867,False
ISIC_0024442,nv,0.92287284,0.20690741367211354,False
ISIC_0027619,nv,0.9252732,0.2040682208493833,False
ISIC_0030438,nv,0.9152628,0.22109869128435805,False
ISIC_0031155,nv,0.9070506,0.24359042144831886,False
ISIC_0030939,nv,0.9066205,0.24450343156221468,False
ISIC_0030212,nv,0.90709776,0.24189695569658595,False
ISIC_0026612,nv,0.916715,0.22197990670243667,False
ISIC_0029590,nv,0.86116487,0.3209570398272686,False
ISIC_0029451,nv,0.931614,0.18792826225848003,False
ISIC_0029990,nv,0.91041464,0.23240205790075355,False
ISIC_0029648,nv,0.9532375,0.1397038105313519,False
ISIC_0026662,nv,0.934107,0.1817790823213908,False
ISIC_0026088,nv,0.92163193,0.21175273540414338,False
ISIC_0030667,nv,0.92336404,0.20832800558214346,False
ISIC_0024742,nv,0.95347756,0.13618778582410798,False
ISIC_0032127,nv,0.84000117,0.3492325712876098,True
ISIC_0029136,nv,0.9059748,0.24126561044337147,False
ISIC_0028013,nv,0.9585563,0.1259140251883022,False
ISIC_0024622,nv,0.92276496,0.2103470453433573,False
ISIC_0026627,nv,0.9061836,0.2427090375612354,False
ISIC_0030881,nv,0.93548006,0.1792098381058255,False
ISIC_0029375,nv,0.92841303,0.19758338939325257,False
ISIC_0029487,nv,0.955919,0.1316772579507315,False
ISIC_0025185,nv,0.9366356,0.17705841233755765,False
ISIC_0029935,nv,0.90090585,0.25206412139843803,False
ISIC_0025750,nv,0.924148,0.20487938379218837,False
ISIC_0026509,nv,0.9301759,0.19066511781846907,False
ISIC_0029131,nv,0.933059,0.18717548148352434,False
ISIC_0031210,nv,0.94411284,0.160544866070802,False
ISIC_0027618,nv,0.9364511,0.17850430522903749,False
ISIC_0029304,nv,0.92535955,0.20373812880750058,False
ISIC_0024591,nv,0.9126384,0.2320570027481707,False
ISIC_0030392,nv,0.9211938,0.21285613080884072,False
ISIC_0029228,nv,0.9203224,0.215652593765805,False
ISIC_0025821,nv,0.93283385,0.18281528922389634,False
ISIC_0028274,nv,0.955544,0.1334061787702953,False
ISIC_0027449,nv,0.8894081,0.27800461119063063,False
ISIC_0025886,nv,0.9362455,0.17301621298219408,False
ISIC_0028269,nv,0.9130952,0.23101912647098113,False
ISIC_0031075,nv,0.9431139,0.16292280607372145,False
ISIC_0030631,nv,0.9507773,0.14431814594242062,False
ISIC_0026160,nv,0.9251302,0.20550229027979816,False
ISIC_0024764,nv,0.96763337,0.10288701539227986,False
ISIC_0028072,nv,0.90870094,0.24026954511010337,False
ISIC_0031067,nv,0.94952726,0.1484675069002086,False
ISIC_0027743,nv,0.9480721,0.151601397958447,False
ISIC_0024558,nv,0.9186355,0.2194965204178691,False
ISIC_0026985,nv,0.89204204,0.2734504345296438,False
ISIC_0028096,nv,0.8693743,0.316012382643856,False
ISIC_0031214,nv,0.93927735,0.17208690732092372,False
ISIC_0025111,nv,0.8961094,0.22011239715336903,False
ISIC_0030482,nv,0.93454814,0.17961100875237473,False
ISIC_0024670,nv,0.92541546,0.20356930754931504,False
ISIC_0025829,nv,0.78823483,0.45572574996238996,True
ISIC_0031902,nv,0.9269363,0.19895160275815008,False
ISIC_0031073,nv,0.93599397,0.17982133464720032,False
ISIC_0029325,nv,0.9162118,0.2246213475442459,False
ISIC_0024633,nv,0.90861833,0.24002312090215586,False
ISIC_0029853,nv,0.9215727,0.21224647211115474,False
ISIC_0030834,nv,0.9091576,0.23641514274901282,False
ISIC_0026463,nv,0.89282256,0.27140724243928555,False
ISIC_0031856,nv,0.8972428,0.26260887208616573,False
ISIC_0031684,nv,0.93917805,0.17295842811354362,False
ISIC_0027923,nv,0.9567486,0.1300203499730428,False
ISIC_0029283,nv,0.9408886,0.16562406872760296,False
ISIC_0026721,nv,0.94825274,0.15146535157937938,False
ISIC_0024889,nv,0.9410671,0.16876109943547649,False
ISIC_0028672,nv,0.89627475,0.2650921358478207,False
ISIC_0026078,nv,0.9393087,0.1720810109057553,False
ISIC_0030071,nv,0.8992416,0.24982357552662474,False
ISIC_0026997,nv,0.90530795,0.24726751783952697,False
ISIC_0025280,nv,0.8838902,0.2815378350517294,False
ISIC_0026164,nv,0.9201626,0.21632431031871804,False
ISIC_0030471,nv,0.894041,0.2628216024931509,False
ISIC_0030132,nv,0.93512803,0.1825509154092543,False
ISIC_0029321,nv,0.9537025,0.1372925902423001,False
ISIC_0024921,nv,0.95370346,0.13599605278126803,False
ISIC_0029709,nv,0.9097498,0.23703576724737563,False
ISIC_0032105,nv,0.9494501,0.14912396935050412,False
ISIC_0026508,nv,0.8953861,0.26330082023502027,False
ISIC_0032259,nv,0.92966294,0.19300068020899627,False
ISIC_0025666,nv,0.91575754,0.22496013871292256,False
ISIC_0027794,nv,0.9278694,0.19605961787545745,False
ISIC_0024438,nv,0.97061175,0.09377179312951912,False
ISIC_0026077,nv,0.8864897,0.2840959603129771,False
ISIC_0031274,nv,0.95688075,0.12923464116532843,False
ISIC_0025796,nv,0.9478047,0.15101772943359426,False
ISIC_0030745,nv,0.91983145,0.2127027780683697,False
ISIC_0031300,nv,0.91455305,0.22274765058809246,False
ISIC_0031780,nv,0.9204047,0.21278120804779166,False
ISIC_0025110,nv,0.93706566,0.17829699646093444,False
ISIC_0027694,nv,0.94812423,0.15216167992235902,False
ISIC_0029616,nv,0.9173272,0.22059967077674122,False
ISIC_0031028,nv,0.94096744,0.16604404664123484,False
ISIC_0030454,nv,0.89825165,0.26049161489514655,False
ISIC_0026899,nv,0.9556458,0.13051203442126824,False
ISIC_0027692,nv,0.90947837,0.23644986267936813,False
ISIC_0029494,nv,0.9302883,0.19182916206489867,False
ISIC_0025537,nv,0.86937106,0.3028370037613552,False
ISIC_0026504,nv,0.9696404,0.09631211428003106,False
ISIC_0029421,nv,0.931425,0.19005418794556497,False
ISIC_0025496,nv,0.9316392,0.19077646051528563,False
ISIC_0030149,nv,0.91709477,0.22221487501805698,False
ISIC_0026284,nv,0.94230527,0.16009944933744352,False
ISIC_0028892,nv,0.9209816,0.21186380242440664,False
ISIC_0028725,nv,0.91901773,0.2093273024572311,False
ISIC_0025216,nv,0.94157845,0.1673061092177368,False
ISIC_0027050,nv,0.8775394,0.30083978839394654,False
ISIC_0027777,nv,0.90101254,0.25641993346394093,False
ISIC_0028469,nv,0.92832714,0.19780533964941016,False
ISIC_0030750,nv,0.92873585,0.19348381868406853,False
ISIC_0031516,nv,0.92497075,0.20428577559605174,False
ISIC_0025570,nv,0.8746241,0.3036217017550407,False
ISIC_0029934,nv,0.9369928,0.17834542364213582,False
ISIC_0025270,nv,0.928729,0.1943969360055129,False
ISIC_0029506,nv,0.92401505,0.2055155533850861,False
ISIC_0030788,nv,0.9680817,0.10100795805870058,False
ISIC_0028189,nv,0.9503388,0.14353372362528843,False
ISIC_0030046,nv,0.94274074,0.16484175993071298,False
ISIC_0028606,nv,0.936094,0.18036524448691746,False
ISIC_0026309,nv,0.86596215,0.31253931753283914,False
ISIC_0026680,nv,0.9108801,0.23185948049771085,False
ISIC_0028708,nv,0.945772,0.15730162331307668,False
ISIC_0031847,nv,0.9509603,0.1438564949231439,False
ISIC_0031003,nv,0.93550104,0.18044460870354792,False
ISIC_0027399,nv,0.94328266,0.16365278227157123,False
ISIC_0028794,nv,0.93941176,0.17279994472610788,False
ISIC_0026278,nv,0.913365,0.2304921707392937,False
ISIC_0027511,nv,0.889773,0.2782465326815404,False
ISIC_0029690,nv,0.9370041,0.17706891867731228,False
ISIC_0029981,nv,0.89612097,0.25873622912646327,False
ISIC_0026198,nv,0.9189666,0.21771849854108472,False
ISIC_0028811,nv,0.9502321,0.14638065070687592,False
ISIC_0025015,nv,0.87670785,0.3017698291926924,False
ISIC_0031616,nv,0.97836655,0.07294708674121779,False
ISIC_0027342,nv,0.87897456,0.2940854065301168,False
ISIC_0025304,nv,0.9428629,0.1646254763592627,False
ISIC_0030864,nv,0.9648327,0.11053601361775277,False
ISIC_0027594,nv,0.9443104,0.16100006932180366,False
ISIC_0030012,nv,0.95852554,0.1255914912785899,False
ISIC_0027761,nv,0.96158886,0.11816746043599712,False
ISIC_0029969,nv,0.92298204,0.20852405755765221,False
ISIC_0029361,nv,0.82575786,0.39236746717182314,True
ISIC_0027450,nv,0.96133274,0.11864569033688373,False
ISIC_0024810,nv,0.9499719,0.14486449092502549,False
ISIC_0024339,nv,0.9548171,0.13464932687216608,False
ISIC_0024627,nv,0.95009786,0.14491653253214828,False
ISIC_0024513,nv,0.9310529,0.1873678577716554,False
ISIC_0030152,nv,0.91532916,0.22427420950214902,False
ISIC_0029207,nv,0.9050377,0.24308156847696666,False
ISIC_0029284,nv,0.93456036,0.18162471876689093,False
ISIC_0028867,nv,0.9554814,0.13239265392198304,False
ISIC_0030381,nv,0.90494436,0.24696753580341335,False
ISIC_0031607,nv,0.9175583,0.2217845439183112,False
ISIC_0026183,nv,0.93901837,0.17258415124630797,False
ISIC_0031180,nv,0.9025023,0.2516069884115631,False
ISIC_0031124,nv,0.9074198,0.2411748975419623,False
ISIC_0024384,nv,0.90927577,0.23835412910221287,False
ISIC_0031683,nv,0.9048237,0.24707382443008555,False
ISIC_0025282,nv,0.95371085,0.13712347799219715,False
ISIC_0029275,nv,0.9016185,0.2524533766917379,False
ISIC_0026287,nv,0.94261086,0.15953552231688195,False
ISIC_0026483,nv,0.90195394,0.25332721010433296,False
ISIC_0027748,nv,0.9403908,0.16826428434028629,False
ISIC_0027481,nv,0.9189444,0.21365634326633298,False
ISIC_0027880,nv,0.8944723,0.26473685003203656,False
ISIC_0027906,nv,0.92057896,0.20833249298381706,False
ISIC_0025857,nv,0.9593775,0.12393769231980815,False
ISIC_0027489,nv,0.89935195,0.2591146411419989,False
ISIC_0029076,nv,0.9209262,0.20973430825749248,False
ISIC_0028697,nv,0.92149496,0.2081046769432192,False
ISIC_0030017,nv,0.9463751,0.1561196141445885,False
ISIC_0027484,nv,0.93104297,0.1908414436050508,False
ISIC_0025202,nv,0.95632035,0.13045259549329782,False
ISIC_0030216,nv,0.9505328,0.1465319205578329,False
ISIC_0028893,nv,0.930359,0.19298380267778695,False
ISIC_0024954,nv,0.91392064,0.2275600596027277,False
ISIC_0030808,nv,0.9281147,0.19586702717222934,False
ISIC_0026332,nv,0.91118044,0.23376420638147782,False
ISIC_0026944,nv,0.9368307,0.17618877533471883,False
ISIC_0024326,nv,0.9613851,0.11809428362645247,False
ISIC_0024600,nv,0.8605973,0.31866454424051693,False
ISIC_0025283,nv,0.9541719,0.1372760955951926,False
ISIC_0030078,nv,0.9629836,0.11502077339107505,False
ISIC_0026063,nv,0.9407268,0.16635306474215203,False
ISIC_0028321,nv,0.93781793,0.17612115800233297,False
ISIC_0024316,nv,0.77810794,0.42679606867172837,True
ISIC_0026386,nv,0.9353135,0.1818042301492,False
ISIC_0028434,nv,0.95572126,0.1336015721851489,False
ISIC_0032085,nv,0.92265534,0.20916863528542648,False
ISIC_0028703,nv,0.9165917,0.21600594984571586,False
ISIC_0024966,nv,0.91474664,0.22451208773694337,False
ISIC_0031873,nv,0.89433336,0.2693636521494614,False
ISIC_0027441,nv,0.93217504,0.18858190668178598,False
ISIC_0030254,nv,0.92153794,0.21181228153966236,False
ISIC_0024722,nv,0.94891256,0.1499509683797615,False
ISIC_0027699,nv,0.93048316,0.19055487782786582,False
ISIC_0028273,nv,0.8990373,0.25708967433488844,False
ISIC_0032438,nv,0.9269002,0.20099242096707687,False
ISIC_0030153,nv,0.90264904,0.2500519582356933,False
ISIC_0030551,nv,0.8260336,0.37778619912880324,True
ISIC_0029765,nv,0.9378254,0.17448927532954084,False
ISIC_0027864,nv,0.93285054,0.1820111407178371,False
ISIC_0029552,nv,0.93634707,0.17723584083035268,False
ISIC_0027292,nv,0.9397583,0.16917761607682769,False
ISIC_0025010,nv,0.8944992,0.2696342440019174,False
ISIC_0025468,nv,0.95151097,0.14374974683554947,False
ISIC_0028657,nv,0.95191026,0.14236846946509701,False
ISIC_0031788,nv,0.9257407,0.19878739142455074,False
ISIC_0026354,nv,0.962865,0.11450412489940931,False
ISIC_0025848,nv,0.9569492,0.12967892456174546,False
ISIC_0031342,nv,0.920311,0.20834102364160617,False
ISIC_0030325,nv,0.94858825,0.14970857211256536,False
ISIC_0028268,nv,0.88779724,0.282439174858201,False
ISIC_0031548,nv,0.91436577,0.22662226922976045,False
ISIC_0028171,nv,0.94645053,0.15566143971295654,False
ISIC_0031628,nv,0.9256487,0.20200994312541237,False
ISIC_0026898,nv,0.93631697,0.17916433615916222,False
ISIC_0031859,nv,0.9219369,0.21197603341233948,False
ISIC_0027078,nv,0.95769954,0.12758779538183618,False
ISIC_0027792,nv,0.8977834,0.25936045273538344,False
ISIC_0029535,nv,0.93670803,0.17568609445508837,False
ISIC_0032000,nv,0.94551224,0.15543832548912934,False
ISIC_0026410,nv,0.937342,0.174980270586383,False
ISIC_0024485,nv,0.9181226,0.21143160285024384,False
ISIC_0031066,nv,0.9357194,0.18122256793704095,False
ISIC_0025582,nv,0.9602775,0.1210283321565738,False
ISIC_0029078,nv,0.8874437,0.26482181967191804,False
ISIC_0027841,nv,0.93256795,0.18534477475432606,False
ISIC_0027443,nv,0.90711427,0.2434078623085591,False
ISIC_0025176,nv,0.925401,0.20348147393635174,False
ISIC_0031983,nv,0.90069884,0.2508666743429635,False
ISIC_0027830,nv,0.92918587,0.1952285755900846,False
ISIC_0027396,nv,0.9446732,0.1606348591500997,False
ISIC_0027980,nv,0.9184482,0.21887875989258807,False
ISIC_0029901,nv,0.9240186,0.20659308113986274,False
ISIC_0027430,nv,0.8611429,0.31410221980584285,False
ISIC_0031425,nv,0.89069414,0.27571744535057663,False
ISIC_0029734,nv,0.9239107,0.20617100502135274,False
ISIC_0030217,nv,0.95627904,0.13124141331991918,False
ISIC_0027039,nv,0.93555653,0.18136363775552475,False
ISIC_0031109,nv,0.8911419,0.27485592549069693,False
ISIC_0026938,nv,0.9138774,0.22742398259293195,False
ISIC_0028119,nv,0.89405704,0.27087944436257405,False
ISIC_0024802,nv,0.94875973,0.14900803204446542,False
ISIC_0030638,nv,0.95997083,0.12231762545039897,False
ISIC_0025686,nv,0.9435943,0.1627806335490243,False
ISIC_0026598,nv,0.95651686,0.12909260647890794,False
ISIC_0030983,nv,0.9529421,0.13746632773235334,False
ISIC_0026482,nv,0.93543357,0.18149046428541993,False
ISIC_0026379,nv,0.90274847,0.251933175035607,False
ISIC_0024912,nv,0.9183796,0.211306920471319,False
ISIC_0032431,nv,0.9189615,0.21867388626737277,False
ISIC_0029173,nv,0.9174871,0.2214313409920411,False
ISIC_0030647,nv,0.93302274,0.18586790164499503,False
ISIC_0026146,nv,0.9338971,0.1846039705940761,False
ISIC_0025014,nv,0.88370454,0.26686792168145035,False
ISIC_0026563,nv,0.90617925,0.24490758870475834,False
ISIC_0029964,nv,0.90983474,0.22546320247665486,False
ISIC_0029151,nv,0.9009899,0.25435415121157384,False
ISIC_0024691,nv,0.96768624,0.10198876928935116,False
ISIC_0027666,nv,0.90651274,0.24094452383556414,False
ISIC_0029444,nv,0.89574623,0.2675077669617258,False
ISIC_0030415,nv,0.932488,0.18743539852722088,False
ISIC_0029178,nv,0.927361,0.19737831666830433,False
ISIC_0031020,nv,0.9072472,0.2352090118821084,False
ISIC_0025572,nv,0.9564092,0.12942266789006254,False
ISIC_0025535,nv,0.909789,0.2370956503209042,False
ISIC_0031512,nv,0.95617574,0.131557415226854,False
ISIC_0031439,nv,0.939111,0.17181634609919585,False
ISIC_0024541,nv,0.87772274,0.3010441566121474,False
ISIC_0025371,nv,0.80851465,0.41984270959785175,True
ISIC_0031255,nv,0.9649649,0.10944052859859957,False
ISIC_0027823,nv,0.94439167,0.15996233088289075,False
ISIC_0030516,nv,0.9163977,0.22009925657099372,False
ISIC_0031696,nv,0.8990669,0.25048455600932207,False
ISIC_0031205,nv,0.95138663,0.14288752246892236,False
ISIC_0027835,nv,0.91739154,0.22211645848851871,False
ISIC_0032488,nv,0.83807635,0.3726860297385853,True
ISIC_0028138,nv,0.9249079,0.2051092061454799,False
ISIC_0027977,nv,0.9471318,0.15433076430540393,False
ISIC_0030634,nv,0.94642514,0.15468531498371255,False
ISIC_0029165,nv,0.95403385,0.1362903987634025,False
ISIC_0030185,nv,0.960857,0.11844143698391342,False
ISIC_0025538,nv,0.952266,0.14200809894844038,False
ISIC_0026193,nv,0.91896504,0.21734918385180896,False
ISIC_0027809,nv,0.9167532,0.2237814529784384,False
ISIC_0030200,nv,0.88472617,0.2845717780440221,False
ISIC_0028312,nv,0.93755704,0.17735723040600168,False
ISIC_0025233,nv,0.917082,0.21448442968643958,False
ISIC_0029607,nv,0.9436185,0.1629635755728859,False
ISIC_0029863,nv,0.9346025,0.18270584563222492,False
ISIC_0027095,nv,0.8606104,0.3337771328939853,False
ISIC_0024353,nv,0.94533366,0.15805003920927133,False
ISIC_0030727,nv,0.88401973,0.28665592341791374,False
ISIC_0030719,nv,0.9098861,0.2367722051470295,False
ISIC_0025026,nv,0.9528707,0.13855996725013564,False
ISIC_0026472,nv,0.9070304,0.2432937781615733,False
ISIC_0028153,nv,0.941561,0.16368347426117513,False
ISIC_0025933,nv,0.9274379,0.19993108155212624,False
ISIC_0027965,nv,0.92703164,0.20054974568388761,False
ISIC_0032493,nv,0.72317386,0.4818837179244306,True
ISIC_0026197,nv,0.8390882,0.36442415658897087,True
ISIC_0032012,nv,0.8787413,0.2977151171848806,False
ISIC_0030751,nv,0.8828063,0.29031911345854283,False
ISIC_0029442,nv,0.9338573,0.18447349900753135,False
ISIC_0026004,nv,0.85052997,0.3475388145439595,False
ISIC_0027972,nv,0.9452158,0.15917841397277302,False
ISIC_0025694,nv,0.9376159,0.17492564068273173,False
ISIC_0024391,nv,0.8348978,0.3376318568777214,True
ISIC_0027741,nv,0.94263035,0.16424881029523153,False
ISIC_0029923,nv,0.9534399,0.13674472903865192,False
ISIC_0032208,nv,0.9696335,0.09747312608437404,False
ISIC_0024750,nv,0.943681,0.16093291145034003,False
ISIC_0026306,nv,0.93805087,0.17381910562839928,False
ISIC_0031480,nv,0.9157053,0.22408697917634676,False
ISIC_0024557,nv,0.94104457,0.16858489617180733,False
ISIC_0031717,nv,0.94669557,0.15529920072188289,False
ISIC_0025232,nv,0.92830104,0.1958086296890159,False
ISIC_0025012,nv,0.8498682,0.3347203449058347,True
ISIC_0026307,nv,0.8945546,0.26917723353795503,False
ISIC_0031858,nv,0.849147,0.3489314099684625,True
ISIC_0025772,nv,0.941471,0.1670238164271284,False
ISIC_0025401,nv,0.9403176,0.16997591411381072,False
ISIC_0026579,nv,0.89037675,0.2783309815990434,False
ISIC_0031568,nv,0.91896284,0.217359981183481,False
ISIC_0029551,nv,0.89553577,0.26234719377560073,False
ISIC_0029620,nv,0.89898205,0.25652119865119694,False
ISIC_0031879,nv,0.9408542,0.1669631982161243,False
ISIC_0030637,nv,0.96904683,0.09877616491745546,False
ISIC_0025999,nv,0.9467689,0.15344438760963244,False
ISIC_0032297,nv,0.9465815,0.153297589844985,False
ISIC_0027313,nv,0.9285578,0.1969004773092016,False
ISIC_0024978,nv,0.93263894,0.184315306612013,False
ISIC_0031830,nv,0.97041017,0.09435296525002783,False
ISIC_0025889,nv,0.9578617,0.12783886780278012,False
ISIC_0031098,nv,0.8535824,0.3454244979028425,False
ISIC_0028251,nv,0.91427165,0.2217772844357402,False
ISIC_0026462,nv,0.95573115,0.13167016693716535,False
ISIC_0030887,nv,0.93527836,0.18013578970236369,False
ISIC_0028940,nv,0.9340197,0.17075505263033744,False
ISIC_0030708,nv,0.9031402,0.2522244732602908,False
ISIC_0027075,nv,0.91893375,0.21837192854929363,False
ISIC_0032390,nv,0.97159857,0.09139089726133347,False
ISIC_0028799,nv,0.9087761,0.2394490551105774,False
ISIC_0028601,nv,0.8763968,0.30120530487293196,False
ISIC_0032435,nv,0.9159679,0.22376636734482572,False
ISIC_0031246,nv,0.88989633,0.26149489376489343,False
ISIC_0026542,nv,0.9384759,0.17473355538651805,False
ISIC_0029282,nv,0.9195363,0.2172447483841897,False
ISIC_0025490,nv,0.9378544,0.17625172148106216,False
ISIC_0031530,nv,0.91976076,0.21604560132330294,False
ISIC_0026881,nv,0.9549516,0.13450628137171675,False
ISIC_0031818,nv,0.8727366,0.2999026718969985,False
ISIC_0030098,nv,0.8354072,0.3684835857289175,True
ISIC_0024325,nv,0.92110944,0.2137995878665153,False
ISIC_0028458,nv,0.87291306,0.3076924642644019,False
ISIC_0026381,nv,0.9326037,0.1882563939337613,False
ISIC_0031283,nv,0.94910663,0.14881804495312986,False
ISIC_0025715,nv,0.9556878,0.1329416331472086,False
ISIC_0029987,nv,0.9265406,0.20033372247362657,False
ISIC_0029256,nv,0.9161811,0.2215728243253549,False
ISIC_0030331,nv,0.91881406,0.21583991598379174,False
ISIC_0024527,nv,0.9203306,0.2137109425392561,False
ISIC_0027762,nv,0.90856767,0.23839834455829395,False
ISIC_0029910,nv,0.93106955,0.19063964836801434,False
ISIC_0025464,nv,0.9102006,0.23179708570447416,False
ISIC_0024651,nv,0.93307215,0.18709908844752418,False
ISIC_0029124,nv,0.9533677,0.1382621753110846,False
ISIC_0031265,nv,0.9450081,0.15970105077179164,False
ISIC_0030500,nv,0.94274646,0.1624789974535907,False
ISIC_0030009,nv,0.88701975,0.2804190170754098,False
ISIC_0027499,nv,0.93234366,0.18789844324462832,False
ISIC_0025344,nv,0.92323637,0.20830463433656682,False
ISIC_0026951,nv,0.89320654,0.2721771151605476,False
ISIC_0024914,nv,0.9384091,0.17434883344098406,False
ISIC_0031047,nv,0.95467454,0.13615401544632524,False
ISIC_0027701,nv,0.9216709,0.21179888059609778,False
ISIC_0029244,nv,0.89975727,0.2438716881095343,False
ISIC_0027448,nv,0.88685375,0.26109096635281087,False
ISIC_0025595,nv,0.9182695,0.21777320502155634,False
ISIC_0027424,nv,0.9291104,0.1941872074098862,False
ISIC_0031101,nv,0.87362,0.3061485224121216,False
ISIC_0030040,nv,0.8706155,0.3032728790228957,False
ISIC_0025660,nv,0.8825778,0.293488444269248,False
ISIC_0027532,nv,0.9014066,0.24557068270769783,False
ISIC_0027070,nv,0.93512887,0.1816967622394941,False
ISIC_0026732,nv,0.93808687,0.17504652485136626,False
ISIC_0027979,nv,0.9720538,0.08912058597944272,False
ISIC_0032147,nv,0.8953709,0.2636305906542575,False
ISIC_0030290,nv,0.9407554,0.16900219389672633,False
ISIC_0030234,nv,0.93036664,0.19364591649742569,False
ISIC_0029285,nv,0.9173205,0.21951638444507282,False
ISIC_0026495,nv,0.9490375,0.14672673198885172,False
ISIC_0031312,nv,0.9447134,0.1604828388463031,False
ISIC_0032323,nv,0.9119834,0.2311450800251241,False
ISIC_0025574,nv,0.89280504,0.26855665498568443,False
ISIC_0026304,nv,0.9568932,0.12291035301310135,False
ISIC_0027635,nv,0.9200584,0.2129914267350687,False
ISIC_0026464,nv,0.9625869,0.115780660494961,False
ISIC_0029280,nv,0.9365869,0.17841820225221455,False
ISIC_0024521,nv,0.9740961,0.08490700770009327,False
ISIC_0028883,nv,0.8889563,0.25906710225191376,False
ISIC_0031849,nv,0.91024166,0.23605683980650613,False
ISIC_0032472,nv,0.9279676,0.19759420204028869,False
ISIC_0025460,nv,0.8918771,0.27392398558680586,False
ISIC_0024334,nv,0.91751194,0.2192938062589882,False
ISIC_0026939,nv,0.94512373,0.15869689892629257,False
ISIC_0028564,nv,0.9571785,0.1286633627700114,False
ISIC_0027340,nv,0.93416506,0.18459259127856925,False
ISIC_0026937,nv,0.9587786,0.1256379351201437,False
ISIC_0025921,nv,0.88078505,0.291282817427523,False
ISIC_0030811,nv,0.9449213,0.1597776582228888,False
ISIC_0028553,nv,0.95019346,0.14581450295852363,False
ISIC_0030062,nv,0.91436726,0.2243423935030056,False
ISIC_0029942,nv,0.8969957,0.25960111836643923,False
ISIC_0028433,nv,0.9128567,0.22662301968260007,False
ISIC_0026073,nv,0.8990299,0.2561941237360367,False
ISIC_0030680,nv,0.9491417,0.14970082253834402,False
ISIC_0032229,nv,0.90550077,0.2381379067922189,False
ISIC_0027446,nv,0.9435942,0.1626894305559648,False
ISIC_0032406,nv,0.8641464,0.31729241014241655,False
ISIC_0026793,nv,0.88467866,0.279562673808587,False
ISIC_0030236,nv,0.8996326,0.2523933710952967,False
ISIC_0025841,nv,0.8416181,0.36241762948020534,True
ISIC_0025797,nv,0.9457524,0.15723569067073892,False
ISIC_0025590,nv,0.920927,0.2136851055200636,False
ISIC_0028949,nv,0.87327564,0.31026838597870343,False
ISIC_0027891,nv,0.92127997,0.21141051359391422,False
ISIC_0029896,nv,0.8991388,0.2498564576132912,False
ISIC_0026863,nv,0.8084208,0.4235269429487183,True
ISIC_0026703,nv,0.95501596,0.1351607834554108,False
ISIC_0025098,nv,0.95546806,0.1309221645558007,False
ISIC_0024811,nv,0.917812,0.2187836208509616,False
ISIC_0026850,nv,0.9163272,0.21597678939251932,False
ISIC_0030685,nv,0.9293824,0.1955706136159449,False
ISIC_0032293,nv,0.9331889,0.18591274503100313,False
ISIC_0029116,nv,0.95410985,0.13507020839227832,False
ISIC_0027329,nv,0.87219775,0.3107859533922136,False
ISIC_0026931,nv,0.89962006,0.2575888939422382,False
ISIC_0030433,nv,0.81635654,0.3992193466433467,True
ISIC_0028199,nv,0.92401874,0.20688785595219128,False
ISIC_0030678,nv,0.8302977,0.32004197745458685,True
ISIC_0030343,nv,0.8971632,0.2566269206093984,False
ISIC_0025679,nv,0.9538583,0.13325985578193414,False
ISIC_0026019,nv,0.91742426,0.21949217085447215,False
ISIC_0029097,nv,0.89735574,0.26363996365707065,False
ISIC_0029977,nv,0.9429033,0.1649458890910508,False
ISIC_0026851,nv,0.9109938,0.2356188203939953,False
ISIC_0031182,nv,0.9580512,0.12378889590014909,False
ISIC_0027818,nv,0.9568157,0.12568957087011856,False
ISIC_0026894,nv,0.8726882,0.30426255784934503,False
ISIC_0031737,nv,0.8741817,0.2766599222249505,False
ISIC_0029646,nv,0.9364751,0.17846615465712964,False
ISIC_0026617,nv,0.8408527,0.36188722779160126,True
ISIC_0027817,nv,0.9002649,0.25385773431584957,False
ISIC_0025315,nv,0.7901526,0.43254233201076386,True
ISIC_0031533,nv,0.93701583,0.17571352427214457,False
ISIC_0024727,nv,0.927533,0.1966529197643126,False
ISIC_0027115,nv,0.90869766,0.23955561941380293,False
ISIC_0028162,nv,0.9391406,0.16990315081909607,False
ISIC_0030749,nv,0.90028816,0.2488193624196694,False
ISIC_0025864,nv,0.9564849,0.13136923534847914,False
ISIC_0026903,nv,0.9288129,0.19386841810668995,False
ISIC_0026033,nv,0.8938574,0.2680155019115006,False
ISIC_0032037,nv,0.90425265,0.2494637869938029,False
ISIC_0032319,nv,0.9175375,0.2212304953075772,False
ISIC_0028663,nv,0.92936313,0.1952020340641447,False
ISIC_0029800,nv,0.9315191,0.19040771249448063,False
ISIC_0027381,nv,0.9342256,0.1843907960415328,False
ISIC_0026587,nv,0.95013374,0.14551568489007963,False
ISIC_0027413,nv,0.9304621,0.19291885021874994,False
ISIC_0026294,nv,0.90903294,0.23949034533212038,False
ISIC_0024992,nv,0.9086075,0.23768134047381467,False
ISIC_0025022,nv,0.91159683,0.23299318500791022,False
ISIC_0028018,nv,0.8858383,0.281912510118431,False
ISIC_0029327,nv,0.9633853,0.11385182057045981,False
ISIC_0024819,nv,0.9405337,0.16674921194928508,False
ISIC_0028617,nv,0.92931294,0.19456025904799595,False
ISIC_0028019,nv,0.933761,0.18415236645363178,False
ISIC_0025645,nv,0.89144355,0.2722701406819319,False
ISIC_0030691,nv,0.9376467,0.172528342059623,False
ISIC_0029796,nv,0.9280016,0.1969398224795072,False
ISIC_0026640,nv,0.9608697,0.11981516387987748,False
ISIC_0031768,nv,0.86914295,0.291988978234238,False
ISIC_0025004,nv,0.9272729,0.20014662998610097,False
ISIC_0028522,nv,0.91802925,0.2189090843134542,False
ISIC_0024430,nv,0.8876266,0.2833939040238339,False
ISIC_0030097,nv,0.9421386,0.16504981915165562,False
ISIC_0030393,nv,0.90681714,0.24394723880051036,False
ISIC_0025880,nv,0.93884814,0.1711491016325924,False
ISIC_0028620,nv,0.93208236,0.18647881620253506,False
ISIC_0028144,nv,0.86974823,0.31594116620091284,False
ISIC_0026181,nv,0.9362506,0.18024653509998137,False
ISIC_0026808,nv,0.91951466,0.215955347882816,False
ISIC_0025705,nv,0.78801566,0.43969053314638745,True
ISIC_0027985,nv,0.92529213,0.20281729254256303,False
ISIC_0026609,nv,0.9320232,0.188749793702763,False
ISIC_0030028,nv,0.8504542,0.3264896538374745,False
ISIC_0025441,nv,0.96347016,0.11373765218897164,False
ISIC_0026130,nv,0.899529,0.2576360652635855,False
ISIC_0024487,nv,0.94107175,0.16854120143810478,False
ISIC_0030004,nv,0.93660605,0.17683800893317153,False
ISIC_0025788,nv,0.95329565,0.13975422870988286,False
ISIC_0026189,nv,0.9631083,0.11326944619387132,False
ISIC_0027551,nv,0.9040326,0.24777422665990884,False
ISIC_0027128,nv,0.92780375,0.19803517731806577,False
ISIC_0029887,nv,0.9475698,0.1526919284573223,False
ISIC_0031316,nv,0.94177306,0.1669153683341218,False
ISIC_0031445,nv,0.9060011,0.24360256653202939,False
ISIC_0025273,nv,0.8997876,0.2552266215567663,False
ISIC_0031458,nv,0.9116392,0.2317973001195712,False
ISIC_0030633,nv,0.9671002,0.10354284225496632,False
ISIC_0029623,nv,0.8718995,0.3127409596162349,False
ISIC_0028112,nv,0.77000976,0.43066301431599535,True
ISIC_0025690,nv,0.956386,0.12725618711891015,False
ISIC_0031962,nv,0.9676835,0.102788269582414,False
ISIC_0032299,nv,0.94215584,0.1643890837147835,False
ISIC_0026815,nv,0.91478884,0.21294276982340624,False
ISIC_0028627,nv,0.92389613,0.20743583967875204,False
ISIC_0024638,nv,0.95115525,0.1448685801272332,False
ISIC_0029005,nv,0.92026424,0.21310710367991817,False
ISIC_0028733,nv,0.9110755,0.23198708811117377,False
ISIC_0025050,nv,0.9133177,0.22941188621898376,False
ISIC_0024840,nv,0.94025785,0.17064449101708865,False
ISIC_0031305,nv,0.9169729,0.21874862524405295,False
ISIC_0031414,nv,0.87575716,0.30564256404457935,False
ISIC_0029292,nv,0.9080343,0.23623105207284567,False
ISIC_0027914,nv,0.9137165,0.2283518332946153,False
ISIC_0031605,nv,0.9567191,0.13064997990548102,False
ISIC_0032130,nv,0.9082906,0.24094130760910865,False
ISIC_0028676,nv,0.9097123,0.238210761979118,False
ISIC_0029407,nv,0.967476,0.10296759718035418,False
ISIC_0029890,nv,0.9512348,0.14432794777542785,False
ISIC_0032393,nv,0.93186957,0.18435632115700265,False
ISIC_0026636,nv,0.94177043,0.16619576063774996,False
ISIC_0026521,nv,0.87268656,0.30976962583227585,False
ISIC_0026801,nv,0.96362245,0.11188331385300748,False
ISIC_0028837,nv,0.9430957,0.16093914480351806,False
ISIC_0030259,nv,0.93514514,0.1799904315819392,False
ISIC_0031356,nv,0.78355986,0.42360027291190366,True
ISIC_0025556,nv,0.93647116,0.17955576623416053,False
ISIC_0031850,nv,0.93412656,0.18416075927314424,False
ISIC_0032033,nv,0.8963428,0.26605571729388827,False
ISIC_0031137,nv,0.90688604,0.23661438032024895,False
ISIC_0025995,nv,0.93303937,0.18590988105792133,False
ISIC_0030720,nv,0.94088066,0.16801756914042137,False
ISIC_0029716,nv,0.91713846,0.2221230747257986,False
ISIC_0026345,nv,0.91130596,0.2244078819997852,False
ISIC_0031232,nv,0.9331913,0.18672689446980256,False
ISIC_0029753,nv,0.9037722,0.2507189729718357,False
ISIC_0024444,nv,0.9456088,0.15845750447045492,False
ISIC_0029707,nv,0.8936016,0.26933724846179813,False
ISIC_0031027,nv,0.91132104,0.22924488748912297,False
ISIC_0030363,nv,0.9166273,0.2159483334460702,False
ISIC_0025602,nv,0.9145065,0.22598292935649944,False
ISIC_0027369,nv,0.9355985,0.17921685254257128,False
ISIC_0031500,nv,0.91209835,0.23292029919028298,False
ISIC_0030949,nv,0.93094826,0.19156172517744188,False
ISIC_0028296,nv,0.9554901,0.13155154944241373,False
ISIC_0028922,nv,0.97065383,0.0921127486585421,False
ISIC_0028240,nv,0.9358272,0.17936306832338392,False
ISIC_0030498,nv,0.9473514,0.15223697025214583,False
ISIC_0026325,nv,0.9253285,0.1966884667243279,False
ISIC_0028784,nv,0.87107056,0.2985222368715701,False
ISIC_0027465,nv,0.9006648,0.2522738346787007,False
ISIC_0030938,nv,0.89908457,0.2607588373675063,False
ISIC_0030559,nv,0.93627024,0.17971186042480075,False
ISIC_0025977,nv,0.9558444,0.1324845920525181,False
ISIC_0026880,nv,0.93785566,0.17610549038488546,False
ISIC_0029584,nv,0.8969847,0.2648022772673599,False
ISIC_0032440,nv,0.948324,0.1502619468472801,False
ISIC_0029817,nv,0.90983945,0.23550165785883068,False
ISIC_0031826,nv,0.91013473,0.23789544926356648,False
ISIC_0024341,nv,0.92839074,0.19671715240123813,False
ISIC_0027079,nv,0.9333663,0.18459608318157808,False
ISIC_0029946,nv,0.9425375,0.1651139752117608,False
ISIC_0030530,nv,0.876177,0.30592105862489744,False
ISIC_0029965,nv,0.89700466,0.2636880539002624,False
ISIC_0030364,nv,0.94879407,0.14917103346430294,False
ISIC_0028402,nv,0.91000086,0.23746796682153842,False
ISIC_0028838,nv,0.94145256,0.16375413935101168,False
ISIC_0024606,nv,0.9244181,0.20527422919337512,False
ISIC_0029245,nv,0.9737656,0.08512648452495293,False
ISIC_0031912,nv,0.94021744,0.17032885667889158,False
ISIC_0030946,nv,0.9437227,0.16152475837960817,False
ISIC_0031722,nv,0.9267613,0.2005778800076912,False
ISIC_0028028,nv,0.95371616,0.1384676768662269,False
ISIC_0028038,nv,0.92408407,0.2046478767488487,False
ISIC_0029468,nv,0.8582541,0.3367446990983821,False
ISIC_0029445,nv,0.89037704,0.26882102880032643,False
ISIC_0030622,nv,0.94940764,0.14844713746599045,False
ISIC_0032432,nv,0.85837275,0.3265940739897297,False
ISIC_0029376,nv,0.936338,0.17877096103292653,False
ISIC_0029952,nv,0.92666787,0.2012307280320653,False
ISIC_0030641,nv,0.96009356,0.12232174528333482,False
ISIC_0025916,nv,0.9611228,0.11941429188292765,False
ISIC_0026396,nv,0.93008006,0.19187434238891637,False
ISIC_0031248,nv,0.9392175,0.17323758125451688,False
ISIC_0026161,nv,0.8900914,0.2752513988218107,False
ISIC_0025859,nv,0.90037864,0.25245147758659275,False
ISIC_0025497,nv,0.9069903,0.24441962589000282,False
ISIC_0029672,nv,0.9512783,0.14368485563796876,False
ISIC_0030515,nv,0.9211334,0.21433936255793248,False
ISIC_0030111,nv,0.9427289,0.1635194926580369,False
ISIC_0028626,nv,0.9301639,0.1925138507311822,False
ISIC_0024565,nv,0.79818374,0.4144726528619252,True
ISIC_0025403,nv,0.9313401,0.18720937438421967,False
ISIC_0029461,nv,0.9528703,0.13977570085031435,False
ISIC_0028311,nv,0.92811316,0.19570643026455142,False
ISIC_0027336,nv,0.91186696,0.23114290524342562,False
ISIC_0029971,nv,0.9599607,0.12257615645364685,False
ISIC_0026001,nv,0.8711929,0.3018997341107664,False
ISIC_0032097,nv,0.92342645,0.20798754503878275,False
ISIC_0028089,nv,0.9399243,0.1677225645976317,False
ISIC_0031562,nv,0.8978735,0.2613355220863414,False
ISIC_0025727,nv,0.94826424,0.1490343591553083,False
ISIC_0024467,nv,0.8666057,0.32398828731548435,False
ISIC_0026447,nv,0.9554577,0.13260458793003638,False
ISIC_0025006,nv,0.8971761,0.2590803959879298,False
ISIC_0026373,nv,0.94093996,0.1679037147238967,False
ISIC_0027280,nv,0.96347845,0.10812541360094596,False
ISIC_0030662,nv,0.9429422,0.16163470737829402,False
ISIC_0029643,nv,0.6959335,0.5277169665433514,True
ISIC_0030195,nv,0.9078919,0.24218574220156164,False
ISIC_0029429,nv,0.9150901,0.22288669877851855,False
ISIC_0029326,nv,0.89112103,0.27505827208084005,False
ISIC_0025151,nv,0.9204145,0.2139024152209068,False
ISIC_0026924,nv,0.936912,0.17886548745999004,False
ISIC_0025801,nv,0.93110293,0.1881815477495326,False
ISIC_0030735,nv,0.9632827,0.11386974720410821,False
ISIC_0028097,nv,0.9326566,0.18535157477597483,False
ISIC_0030353,nv,0.9101737,0.23726444094836163,False
ISIC_0031083,nv,0.9506805,0.14429782245429468,False
ISIC_0031478,nv,0.94172555,0.1583383509379607,False
ISIC_0031952,nv,0.94342345,0.1610938912421198,False
ISIC_0032381,nv,0.95719934,0.12955566651167946,False
ISIC_0030266,nv,0.92261153,0.20613340580255154,False
ISIC_0026195,nv,0.88983804,0.27514030117081933,False
ISIC_0032172,nv,0.9353614,0.18084597844983014,False
ISIC_0029673,nv,0.9478688,0.1524874070854807,False
ISIC_0031052,nv,0.9230767,0.20695291561877682,False
ISIC_0028974,nv,0.86392224,0.3178595687047977,False
ISIC_0030424,nv,0.9467582,0.15454439831886946,False
ISIC_0031441,nv,0.9477203,0.1514473253958645,False
ISIC_0031804,nv,0.7902869,0.43128699287909034,True
ISIC_0030860,nv,0.94880295,0.1494343964649161,False
ISIC_0030776,nv,0.8457665,0.3323484238409963,True
ISIC_0026264,nv,0.9154417,0.22304870469969126,False
ISIC_0025284,nv,0.89710855,0.248838368786485,False
ISIC_0032480,nv,0.7827768,0.4049777397507287,True
ISIC_0028841,nv,0.9026915,0.2520201816189103,False
ISIC_0025385,nv,0.9086186,0.2397979850502709,False
ISIC_0029250,nv,0.9024063,0.2534948673948489,False
ISIC_0032357,nv,0.9510568,0.14384909760229625,False
ISIC_0030724,nv,0.89260316,0.24603626977554152,False
ISIC_0030025,nv,0.85883576,0.33726903590281293,False
ISIC_0026050,nv,0.94367474,0.16267733141834648,False
ISIC_0029064,nv,0.92399037,0.20548645419334585,False
ISIC_0030997,nv,0.9488273,0.14917394338347695,False
ISIC_0029850,nv,0.91874474,0.21509491541378553,False
ISIC_0027322,nv,0.93135023,0.18678418924680268,False
ISIC_0027664,nv,0.93702936,0.1772236191698218,False
ISIC_0028379,nv,0.9472467,0.15316943087841542,False
ISIC_0025294,nv,0.9072258,0.2401209554478593,False
ISIC_0028762,nv,0.91891736,0.21841874761726726,False
ISIC_0026289,nv,0.9016259,0.25396368600451213,False
ISIC_0026971,nv,0.90496576,0.24475667110717506,False
ISIC_0030161,nv,0.8842264,0.29015533095513757,False
ISIC_0030218,nv,0.90333146,0.25162741910723757,False
ISIC_0026026,nv,0.923575,0.2088934181930202,False
ISIC_0031877,nv,0.9291353,0.19480057242567805,False
ISIC_0025042,nv,0.88768864,0.2807321243785346,False
ISIC_0032394,nv,0.96500677,0.10961308680561914,False
ISIC_0030958,nv,0.9433745,0.16057898870195847,False
ISIC_0030848,nv,0.91765225,0.20995201615780162,False
ISIC_0027803,nv,0.929561,0.19338979766401945,False
ISIC_0031860,nv,0.92732215,0.19798217084300632,False
ISIC_0028039,nv,0.9239306,0.20694283810921624,False
ISIC_0028852,nv,0.947959,0.1523596616337411,False
ISIC_0024703,nv,0.95686436,0.1306016446164641,False
ISIC_0028064,nv,0.92120004,0.2133991829881697,False
ISIC_0030702,nv,0.9336112,0.18612297903364428,False
ISIC_0026342,nv,0.90955603,0.2367829105865171,False
ISIC_0032104,nv,0.9173155,0.22086880766961023,False
ISIC_0028669,nv,0.92072,0.2139011440456887,False
ISIC_0031010,nv,0.93645954,0.17956758969522552,False
ISIC_0028835,nv,0.92021275,0.21166038375877835,False
ISIC_0030044,nv,0.8825286,0.29234901181288503,False
ISIC_0024768,nv,0.8536584,0.29703787178553687,False
ISIC_0025357,nv,0.9226725,0.21067125628543568,False
ISIC_0029424,nv,0.91070545,0.23604654788184853,False
ISIC_0024567,nv,0.9036339,0.2500083707095393,False
ISIC_0027196,nv,0.9355837,0.18092817600881425,False
ISIC_0028047,nv,0.94610107,0.15679110096704044,False
ISIC_0030298,nv,0.8964021,0.2637030323263266,False
ISIC_0029198,nv,0.92100304,0.2134091839209099,False
ISIC_0029253,nv,0.95743513,0.12910606868392882,False
ISIC_0028396,nv,0.90387887,0.24821143435812376,False
ISIC_0031946,nv,0.92569816,0.20347533247535815,False
ISIC_0029936,nv,0.9027541,0.2326120468575695,False
ISIC_0030854,nv,0.9340024,0.18545498411420117,False
ISIC_0027168,nv,0.89089644,0.2745895606787253,False
ISIC_0029797,nv,0.9441835,0.1599914760207232,False
ISIC_0028257,nv,0.86819744,0.3198570597487597,False
ISIC_0025329,nv,0.8823432,0.2465776832109146,False
ISIC_0029834,nv,0.92961615,0.18694201407358324,False
ISIC_0027877,nv,0.92005503,0.2146356689066684,False
ISIC_0030850,nv,0.9514688,0.14354435248795566,False
ISIC_0029954,nv,0.91751975,0.2196677615035783,False
ISIC_0027624,nv,0.9270301,0.20084706284665238,False
ISIC_0026547,nv,0.91380215,0.22713047895582153,False
ISIC_0025673,nv,0.9525262,0.13726100996157992,False
ISIC_0029737,nv,0.96309054,0.11397224527817215,False
ISIC_0026669,nv,0.9400524,0.1692453712474902,False
ISIC_0029110,nv,0.92001706,0.21398490377180832,False
ISIC_0026095,nv,0.9548729,0.13250323085059593,False
ISIC_0030628,nv,0.91236377,0.231129075469667,False
ISIC_0027445,nv,0.88890105,0.27484664438006823,False
ISIC_0026990,nv,0.94439125,0.15782672588571117,False
ISIC_0027395,nv,0.94770557,0.14998823066055306,False
ISIC_0025643,nv,0.9007683,0.2542579247790981,False
ISIC_0027377,nv,0.91385853,0.22850403738278077,False
ISIC_0025215,nv,0.9529921,0.13993147341830903,False
ISIC_0026250,nv,0.94866884,0.15037332017482483,False
ISIC_0028366,nv,0.918781,0.21887074995717748,False
ISIC_0029700,nv,0.9238494,0.20741386213130614,False
ISIC_0025279,nv,0.5975886,0.5465443886451057,True
ISIC_0030405,nv,0.959085,0.12368942261048974,False
ISIC_0029229,nv,0.9101988,0.23639311925547468,False
ISIC_0030595,nv,0.9366931,0.17797669093669488,False
ISIC_0025212,nv,0.93332964,0.18599874080027756,False
ISIC_0026310,nv,0.8930307,0.27075989263061395,False
ISIC_0029928,nv,0.92927283,0.19416205958207702,False
ISIC_0026767,nv,0.9197927,0.20861045152639257,False
ISIC_0027882,nv,0.90864146,0.2390087230780914,False
ISIC_0028536,nv,0.8959688,0.26354843904136555,False
ISIC_0027104,nv,0.92635995,0.20114575839218382,False
ISIC_0027404,nv,0.9363383,0.17542496749763,False
ISIC_0030651,nv,0.899146,0.25322056922428704,False
ISIC_0027516,nv,0.9291978,0.19572274112729002,False
ISIC_0024350,nv,0.89061755,0.27723063395179676,False
ISIC_0029908,nv,0.9437238,0.16188993792058398,False
ISIC_0029873,nv,0.95747805,0.12867197000462088,False
ISIC_0029743,nv,0.8648458,0.3061204952958665,False
ISIC_0031760,nv,0.94980377,0.14747954339453556,False
ISIC_0024605,nv,0.91754377,0.21917814462950283,False
ISIC_0029658,nv,0.95096284,0.14061005125432713,False
ISIC_0028664,nv,0.9210611,0.21035677059954416,False
ISIC_0031740,nv,0.90701115,0.24323277706646734,False
ISIC_0031375,nv,0.9495768,0.147073747508036,False
ISIC_0031751,nv,0.94231766,0.16598992214459804,False
ISIC_0026719,nv,0.9308191,0.19119466184668496,False
ISIC_0030590,nv,0.8887145,0.27915534638568007,False
ISIC_0032346,nv,0.93939465,0.17068533709307349,False
ISIC_0025609,nv,0.914233,0.22543989249253452,False
ISIC_0026353,nv,0.9006077,0.2531692321239116,False
ISIC_0029988,nv,0.9179557,0.21801106794098662,False
ISIC_0029635,nv,0.9344223,0.1835990682957374,False
ISIC_0028024,nv,0.9276555,0.19816134528730578,False
ISIC_0031910,nv,0.92780226,0.1980438151834034,False
ISIC_0030437,nv,0.9241719,0.2071352756588036,False
ISIC_0029037,nv,0.8934919,0.2720734607764961,False
ISIC_0025393,nv,0.9316419,0.19046330726606853,False
ISIC_0028475,nv,0.94803137,0.15090454889308882,False
ISIC_0031835,nv,0.89242846,0.2688705893184693,False
ISIC_0028629,nv,0.92634094,0.19771746009035468,False
ISIC_0031193,nv,0.9552418,0.1343135221994838,False
ISIC_0028351,nv,0.95067847,0.1426213567566837,False
ISIC_0026363,nv,0.9274297,0.19798050146832227,False
ISIC_0026723,nv,0.9412359,0.16827221769887651,False
ISIC_0031868,nv,0.8988937,0.2576242418025206,False
ISIC_0026776,nv,0.9256143,0.20218233286342713,False
ISIC_0032383,nv,0.93340826,0.1857222372172891,False
ISIC_0028078,nv,0.9148046,0.22496796486396425,False
ISIC_0030934,nv,0.9143642,0.22730205697954037,False
ISIC_0032289,nv,0.94352645,0.16253843638156115,False
ISIC_0027341,nv,0.9231889,0.2094171117521599,False
ISIC_0027177,nv,0.9394907,0.17161372383249943,False
ISIC_0025055,nv,0.95168906,0.1417888288809957,False
ISIC_0026799,nv,0.9416132,0.16445941186661042,False
ISIC_0028754,nv,0.9542657,0.13731086147164015,False
ISIC_0028267,nv,0.892013,0.2744593494533698,False
ISIC_0032353,nv,0.8789306,0.2974843759097446,False
ISIC_0030090,nv,0.917037,0.21575650851104577,False
ISIC_0027176,nv,0.9265265,0.20212888224280956,False
ISIC_0026116,nv,0.9343837,0.1821822745959978,False
ISIC_0029579,nv,0.9292836,0.1956886644422258,False
ISIC_0024812,nv,0.9437344,0.1597534599476522,False
ISIC_0027750,nv,0.9341113,0.18544715796315944,False
ISIC_0027773,nv,0.9161323,0.22484991403768337,False
ISIC_0032001,nv,0.8765796,0.3039624379749547,False
ISIC_0026059,nv,0.8994837,0.2581260037603066,False
ISIC_0031072,nv,0.96209186,0.11637762275582979,False
ISIC_0028037,nv,0.9459787,0.15483993889940167,False
ISIC_0026763,nv,0.89401907,0.26632808572857686,False
ISIC_0030805,nv,0.8856734,0.28567852751345163,False
ISIC_0031432,nv,0.9211706,0.21227791455359826,False
ISIC_0030832,nv,0.8823823,0.29196006282686665,False
ISIC_0028169,nv,0.9452513,0.15886173818981894,False
ISIC_0025787,nv,0.91398495,0.22731735702825012,False
ISIC_0030587,nv,0.95105463,0.14348969195357625,False
ISIC_0028844,nv,0.9209242,0.21337349912261794,False
ISIC_0025523,nv,0.9540545,0.13630626548058294,False
ISIC_0029096,nv,0.9037077,0.24741397866616477,False
ISIC_0028286,nv,0.93283945,0.18643916472494798,False
ISIC_0027975,nv,0.95666206,0.13087523828027856,False
ISIC_0030886,nv,0.86089754,0.308459641481587,False
ISIC_0024478,nv,0.95380735,0.13590344077471372,False
ISIC_0031911,nv,0.9423509,0.16404232855678846,False
ISIC_0025138,nv,0.96868414,0.09939632229721403,False
ISIC_0026882,nv,0.94489527,0.15839069885236498,False
ISIC_0031484,nv,0.8990874,0.25974578729548037,False
ISIC_0026797,nv,0.9379806,0.17557164273936485,False
ISIC_0024610,nv,0.91923773,0.2175335042584372,False
ISIC_0025354,nv,0.90427643,0.2495463368061607,False
ISIC_0027464,nv,0.9411696,0.16762734897918488,False
ISIC_0025478,nv,0.92188126,0.2125035251817695,False
ISIC_0026134,nv,0.9467681,0.1534254731350013,False
ISIC_0027241,nv,0.90886354,0.23633708033832862,False
ISIC_0029065,nv,0.91626316,0.22346200511458697,False
ISIC_0030224,nv,0.9380786,0.17614377879506998,False
ISIC_0031338,nv,0.91682434,0.22242291892363555,False
ISIC_0024894,nv,0.9548777,0.13404718801824034,False
ISIC_0028049,nv,0.91397583,0.22867509468412112,False
ISIC_0030136,nv,0.93206716,0.18883902101385702,False
ISIC_0030112,nv,0.9345343,0.18133049530766904,False
ISIC_0028783,nv,0.940269,0.1702067625964952,False
ISIC_0031610,nv,0.90124846,0.2548124941122106,False
ISIC_0025706,nv,0.84848654,0.3371246426503251,True
ISIC_0028547,nv,0.9439238,0.15967764889548686,False
ISIC_0031566,nv,0.885168,0.2847454542726191,False
ISIC_0031006,nv,0.9533845,0.13929659031599348,False
ISIC_0029727,nv,0.926013,0.2029443641182834,False
ISIC_0026408,nv,0.89771473,0.2562933060337787,False
ISIC_0029416,nv,0.9395822,0.17184892187858086,False
ISIC_0027842,nv,0.84260535,0.3662092235332292,True
ISIC_0028630,nv,0.9199885,0.21329137814045418,False
ISIC_0029159,nv,0.9422254,0.1637951692113654,False
ISIC_0026605,nv,0.9273852,0.19986429124940036,False
ISIC_0030889,nv,0.9408333,0.16073387297883684,False
ISIC_0029777,nv,0.68107754,0.6062642003926586,True
ISIC_0030496,nv,0.9336365,0.18516916878985581,False
ISIC_0031084,nv,0.92549396,0.1995916318227944,False
ISIC_0024423,nv,0.92705494,0.20055498353840084,False
ISIC_0026800,nv,0.9206337,0.2148259929360136,False
ISIC_0027733,nv,0.9265653,0.2013260814887888,False
ISIC_0027968,nv,0.9279291,0.198691164992075,False
ISIC_0028953,nv,0.91548824,0.2265537789216224,False
ISIC_0026833,nv,0.92421013,0.20378588211268273,False
ISIC_0030670,nv,0.9470592,0.15438038608500307,False
ISIC_0027011,nv,0.91888434,0.2185736012634175,False
ISIC_0031161,nv,0.92959976,0.18996604802532022,False
ISIC_0032089,nv,0.94266105,0.16391640563337365,False
ISIC_0027314,nv,0.9557981,0.1332032195655892,False
ISIC_0024486,nv,0.96806943,0.1013358676612028,False
ISIC_0028001,nv,0.9423522,0.16574072585575314,False
ISIC_0027716,nv,0.9270418,0.1968903538535488,False
ISIC_0031576,nv,0.93517995,0.1807265492407826,False
ISIC_0026856,nv,0.91457856,0.22767474104891236,False
ISIC_0029507,nv,0.91113347,0.23206259285605765,False
ISIC_0026725,nv,0.92452466,0.20383674443677183,False
ISIC_0030347,nv,0.93408644,0.18058590825249285,False
ISIC_0029400,nv,0.90858614,0.23969792977677673,False
ISIC_0028300,nv,0.9539242,0.13774217275468667,False
ISIC_0030571,nv,0.926824,0.19544296005638975,False
ISIC_0032418,nv,0.9600631,0.12119821017488044,False
ISIC_0027625,nv,0.9505237,0.14463960011896573,False
ISIC_0026873,nv,0.95431477,0.13584394058528698,False
ISIC_0025760,nv,0.95233256,0.1420550864854188,False
ISIC_0025901,nv,0.91129893,0.23159326883937995,False
ISIC_0024892,nv,0.9277599,0.1991133176874054,False
ISIC_0031139,nv,0.95309275,0.13663508634724755,False
ISIC_0026969,nv,0.90756106,0.2423374868288049,False
ISIC_0024576,nv,0.9395803,0.1723271594371495,False
ISIC_0025741,nv,0.8560276,0.33349912840531754,False
ISIC_0029813,nv,0.9247716,0.19710257885351953,False
ISIC_0026757,nv,0.9093397,0.23355389580201633,False
ISIC_0027587,nv,0.91845405,0.21969990845276924,False
ISIC_0028704,nv,0.91982955,0.21496023210212048,False
ISIC_0030503,nv,0.93621427,0.17825973418014288,False
ISIC_0029916,nv,0.93180686,0.18920196451167806,False
ISIC_0024639,nv,0.89310837,0.26569929814116267,False
ISIC_0024569,nv,0.9073322,0.23686426580047715,False
ISIC_0028348,nv,0.9238864,0.20737820796374232,False
ISIC_0025569,nv,0.9134854,0.22769275191706315,False
ISIC_0032261,nv,0.93339664,0.1858397366904633,False
ISIC_0024359,nv,0.94342494,0.1607181747306612,False
ISIC_0030051,nv,0.9153409,0.21740425790101836,False
ISIC_0031420,nv,0.8543598,0.3178283559928153,False
ISIC_0030656,nv,0.8945216,0.2688890596475423,False
ISIC_0028526,nv,0.9411581,0.16652157969305612,False
ISIC_0029907,nv,0.89867747,0.25928537682069364,False
ISIC_0026390,nv,0.8970834,0.2618343741249534,False
ISIC_0032142,nv,0.9183368,0.21996593632673123,False
ISIC_0028099,nv,0.925373,0.2012317694768223,False
ISIC_0032354,nv,0.93977904,0.16879460945206995,False
ISIC_0032465,nv,0.93406665,0.1839026953885006,False
ISIC_0025229,nv,0.9311711,0.18710103349876156,False
ISIC_0026288,nv,0.9031368,0.2435166013934831,False
ISIC_0026121,nv,0.92957765,0.1948449104046717,False
ISIC_0026756,nv,0.91367877,0.22849642564683612,False
ISIC_0026943,nv,0.9265561,0.20043279756382001,False
ISIC_0029077,nv,0.9456283,0.1571939716190019,False
ISIC_0028605,nv,0.9307586,0.19265934668988335,False
ISIC_0032077,nv,0.8882733,0.2747323917640776,False
ISIC_0030611,nv,0.920064,0.2154806481733484,False
ISIC_0027414,nv,0.9055202,0.24712228224201507,False
ISIC_0027778,nv,0.932366,0.1887266062415553,False
ISIC_0030619,nv,0.9534636,0.13803100520575456,False
ISIC_0030453,nv,0.88852066,0.28078263444925006,False
ISIC_0029677,nv,0.9138187,0.22817647237597022,False
ISIC_0029259,nv,0.9338623,0.18550123651370407,False
ISIC_0027860,nv,0.94679654,0.15470102854725226,False
ISIC_0028845,nv,0.8941483,0.2686156497680967,False
ISIC_0026199,nv,0.93826604,0.17519007575883006,False
ISIC_0029601,nv,0.9267994,0.20008451086941761,False
ISIC_0025002,nv,0.9206601,0.21162747104138374,False
ISIC_0032477,nv,0.95758843,0.12821590143554906,False
ISIC_0028654,nv,0.97534615,0.0805444339013518,False
ISIC_0031869,nv,0.9281789,0.1980839261219127,False
ISIC_0025380,nv,0.9329249,0.1876971993606985,False
ISIC_0027088,nv,0.93311346,0.18725976193202248,False
ISIC_0027158,nv,0.9378243,0.17645121941348757,False
ISIC_0032350,nv,0.9201408,0.21491920224176675,False
ISIC_0024502,nv,0.89379,0.27048822870267275,False
ISIC_0030996,nv,0.9270411,0.1996530770634585,False
ISIC_0027929,nv,0.9071838,0.2428816417143472,False
ISIC_0030753,nv,0.9438708,0.1603059157605225,False
ISIC_0027494,nv,0.9350344,0.1808962128439922,False
ISIC_0031920,nv,0.96901435,0.09888724725308276,False
ISIC_0027565,nv,0.9449958,0.15478843333002149,False
ISIC_0026315,nv,0.90395,0.23822967645374915,False
ISIC_0028700,nv,0.9410496,0.1678007954773207,False
ISIC_0027074,nv,0.91635054,0.22291726824520985,False
ISIC_0024873,nv,0.90322214,0.24888511127763824,False
ISIC_0029481,nv,0.9471011,0.1529557356034936,False
ISIC_0030952,nv,0.923867,0.20716524782629606,False
ISIC_0027805,nv,0.78853226,0.43466816580566436,True
ISIC_0025961,nv,0.9565233,0.13043141434478372,False
ISIC_0029356,nv,0.8669605,0.31738185186860757,False
ISIC_0030600,nv,0.9472861,0.1542067251717702,False
ISIC_0029763,nv,0.942054,0.16354336931062796,False
ISIC_0031841,nv,0.9472362,0.1533945973610285,False
ISIC_0025263,nv,0.91918457,0.21686140482142233,False
ISIC_0027844,nv,0.91120857,0.23465974166496545,False
ISIC_0029670,nv,0.86899054,0.3178443146021802,False
ISIC_0026646,nv,0.7592249,0.40586636780501906,True
ISIC_0025455,nv,0.8779167,0.3021921656723917,False
ISIC_0028129,nv,0.92496914,0.20341966112694987,False
ISIC_0031507,nv,0.95701253,0.1289168167300688,False
ISIC_0030157,nv,0.9278748,0.19851820858558952,False
ISIC_0028946,nv,0.8944426,0.2669513597849244,False
ISIC_0024609,nv,0.9587529,0.12473413719773827,False
ISIC_0026878,nv,0.93919563,0.17319408562054725,False
ISIC_0028292,nv,0.9292443,0.19573574387138867,False
ISIC_0029098,nv,0.95141757,0.14337346365562015,False
ISIC_0031673,nv,0.8999651,0.25734201027336845,False
ISIC_0028005,nv,0.9316901,0.18597677856819572,False
ISIC_0028031,nv,0.94721705,0.14669499855449078,False
ISIC_0025191,nv,0.9240924,0.20459502342743,False
ISIC_0027986,nv,0.9246315,0.2046686443825328,False
ISIC_0029069,nv,0.92429036,0.20580643809493987,False
ISIC_0024655,nv,0.9279214,0.19361546955364697,False
ISIC_0030020,nv,0.94683385,0.15479198649448658,False
ISIC_0027952,nv,0.9071298,0.23456457199261083,False
ISIC_0025625,nv,0.9326684,0.18761250539737037,False
ISIC_0031152,nv,0.9486526,0.14996067832058427,False
ISIC_0027054,nv,0.893604,0.27040068608162693,False
ISIC_0028574,nv,0.9341017,0.18487462370798838,False
ISIC_0030075,nv,0.92231965,0.20958677535536951,False
ISIC_0028328,nv,0.89046586,0.272165567376036,False
ISIC_0031347,nv,0.92971116,0.19392788766538852,False
ISIC_0024991,nv,0.91470283,0.2282326185006648,False
ISIC_0026684,nv,0.93288827,0.186242239773687,False
ISIC_0030725,nv,0.9099203,0.23540135753951133,False
ISIC_0028061,nv,0.92319655,0.20887741363756307,False
ISIC_0031805,nv,0.9400494,0.17049896442765933,False
ISIC_0029739,nv,0.9242544,0.206252191766308,False
ISIC_0024797,nv,0.9012843,0.25382857386265306,False
ISIC_0025347,nv,0.9489969,0.14514666119272127,False
ISIC_0030807,nv,0.87514156,0.30100531684885623,False
ISIC_0027946,nv,0.93499327,0.1825361360829231,False
ISIC_0032485,nv,0.9027961,0.24843822426932866,False
ISIC_0028342,nv,0.93407756,0.1820466417317602,False
ISIC_0032119,nv,0.9159868,0.22467424681175682,False
ISIC_0030301,nv,0.93824977,0.17476167439495754,False
ISIC_0029804,nv,0.9412293,0.16779352067938566,False
ISIC_0027493,nv,0.9073469,0.24127610146776202,False
ISIC_0031731,nv,0.9443103,0.15791825050141622,False
ISIC_0024531,nv,0.9341437,0.1852086977445303,False
ISIC_0024368,nv,0.9251035,0.20527925263279134,False
ISIC_0024397,nv,0.9426941,0.16304416501864227,False
ISIC_0031327,nv,0.9147943,0.22708148510614942,False
ISIC_0029415,nv,0.9084542,0.23943997309968162,False
ISIC_0026285,nv,0.9012275,0.2555191909566682,False
ISIC_0029200,nv,0.926371,0.19070285487554692,False
ISIC_0029224,nv,0.9167946,0.22234896103052315,False
ISIC_0032392,nv,0.94307756,0.1645153742069361,False
ISIC_0029509,nv,0.8332055,0.32730685103372464,True
ISIC_0029799,nv,0.9181628,0.2190519919756269,False
ISIC_0031815,nv,0.9474362,0.15355249876462945,False
ISIC_0025356,nv,0.92583287,0.20375578742227768,False
ISIC_0031744,nv,0.9582388,0.12363597198987215,False
ISIC_0030728,nv,0.96195847,0.11720662044009877,False
ISIC_0028828,nv,0.9485862,0.14995787560895876,False
ISIC_0028437,nv,0.9658657,0.1067198537207545,False
ISIC_0029785,nv,0.92312485,0.2079175231942373,False
ISIC_0026736,nv,0.92402893,0.20754565083916124,False
ISIC_0028444,nv,0.94704056,0.15089349120022755,False
ISIC_0026772,nv,0.95293945,0.13675963088789575,False
ISIC_0027633,nv,0.9289193,0.19497502973784275,False
ISIC_0029120,nv,0.9648081,0.1086359359469822,False
ISIC_0032161,nv,0.9276575,0.19832871158590432,False
ISIC_0028068,nv,0.9069752,0.24065876977267506,False
ISIC_0025139,nv,0.940203,0.16756103345274528,False
ISIC_0027628,nv,0.9328409,0.18758637738626047,False
ISIC_0026180,nv,0.91540307,0.22562811831700158,False
ISIC_0027947,nv,0.9420084,0.15751364921331443,False
ISIC_0026003,nv,0.9719766,0.09108772962949248,False
ISIC_0031195,nv,0.9344558,0.18332303948903522,False
ISIC_0030985,nv,0.9305972,0.19260427264067395,False
ISIC_0027222,nv,0.984646,0.054120602705512985,False
ISIC_0029333,nv,0.93683064,0.17839276343248797,False
ISIC_0031658,nv,0.92711514,0.19973519804562226,False
ISIC_0026274,nv,0.9018262,0.2514908060596992,False
ISIC_0025828,nv,0.94563746,0.15799245344035381,False
ISIC_0031921,nv,0.9342996,0.18370284520270153,False
ISIC_0031472,nv,0.91611034,0.22371253384010628,False
ISIC_0030726,nv,0.9241213,0.18614190882363948,False
ISIC_0032301,nv,0.96692634,0.10420370787243306,False
ISIC_0026619,nv,0.9307847,0.19258229509322805,False
ISIC_0030270,nv,0.9616497,0.11849211552363363,False
ISIC_0028452,nv,0.9497088,0.1463909579468976,False
ISIC_0031365,nv,0.8984634,0.2528601987076304,False
ISIC_0025349,nv,0.93112725,0.1864030817271901,False
ISIC_0027169,nv,0.9020534,0.25408493774188445,False
ISIC_0029155,nv,0.97396755,0.08279576178947307,False
ISIC_0025048,nv,0.935456,0.1811961029879214,False
ISIC_0031452,nv,0.9488233,0.1465972252702436,False
ISIC_0029511,nv,0.9493637,0.14859914245442296,False
ISIC_0029411,nv,0.95542055,0.1314656608806878,False
ISIC_0025888,nv,0.89776206,0.25933634635233127,False
ISIC_0025682,nv,0.9419483,0.16438537739667763,False
ISIC_0032068,nv,0.8945857,0.26561500237730046,False
ISIC_0028341,nv,0.8773522,0.3006028903424529,False
ISIC_0025893,nv,0.78675324,0.4071761377406109,True
ISIC_0026935,nv,0.9235213,0.2088259540142751,False
ISIC_0032296,nv,0.95332533,0.13745553040068131,False
ISIC_0025745,nv,0.9062699,0.24330137458215392,False
ISIC_0028456,nv,0.90559894,0.24523086540962824,False
ISIC_0028950,nv,0.9472626,0.15329588983957282,False
ISIC_0031807,nv,0.8749828,0.3068239299677764,False
ISIC_0027515,nv,0.9577824,0.12338790138028669,False
ISIC_0029350,nv,0.9025982,0.24674803600550757,False
ISIC_0028315,nv,0.92380375,0.20736197367782408,False
ISIC_0030449,nv,0.91936845,0.21427594163530286,False
ISIC_0027223,nv,0.8896673,0.27932075231767717,False
ISIC_0024942,nv,0.95240283,0.13925631090847937,False
ISIC_0026840,nv,0.92214966,0.21148912735770506,False
ISIC_0029520,nv,0.9369361,0.170790859951542,False
ISIC_0030738,nv,0.9584195,0.12197853563212288,False
ISIC_0025761,nv,0.9437466,0.16129504323386515,False
ISIC_0032262,nv,0.96482396,0.10885347537828653,False
ISIC_0026517,nv,0.9605743,0.11705970015253875,False
ISIC_0026426,nv,0.97719735,0.07578757371221224,False
ISIC_0026110,nv,0.9270696,0.19779124951446228,False
ISIC_0026707,nv,0.9338801,0.18269875461865875,False
ISIC_0030831,nv,0.91037285,0.23699995992617107,False
ISIC_0029294,nv,0.87849873,0.2955597859987739,False
ISIC_0028910,nv,0.9048031,0.24572276427295073,False
ISIC_0031416,nv,0.8910612,0.27567183619636487,False
ISIC_0026582,nv,0.9759719,0.08003510615371331,False
ISIC_0031689,nv,0.93649864,0.17548311993501825,False
ISIC_0029821,nv,0.9465066,0.15565229644060447,False
ISIC_0031906,nv,0.92526054,0.20359087158193095,False
ISIC_0029686,nv,0.93538946,0.1816332187939519,False
ISIC_0026334,nv,0.9230973,0.20794521337248276,False
ISIC_0027632,nv,0.95102865,0.14276031305492534,False
ISIC_0027674,nv,0.9330868,0.18754981961221628,False
ISIC_0031752,nv,0.9459644,0.15367532798450137,False
ISIC_0030865,nv,0.92857146,0.19386069916319673,False
ISIC_0025034,nv,0.90639544,0.24515676967823916,False
ISIC_0028152,nv,0.87024593,0.2997390731779621,False
ISIC_0025697,nv,0.93692195,0.17630786760575673,False
ISIC_0031254,nv,0.92500496,0.20427148636137088,False
ISIC_0026630,nv,0.9451519,0.15698261959478338,False
ISIC_0031136,nv,0.938531,0.17474308154297197,False
ISIC_0025092,nv,0.9044332,0.24590313331564792,False
ISIC_0028439,nv,0.94150954,0.16577466470254068,False
ISIC_0025360,nv,0.9290097,0.1953618345728908,False
ISIC_0028012,nv,0.9249518,0.20302077246964761,False
ISIC_0030108,nv,0.9257818,0.20222602759712968,False
ISIC_0030673,nv,0.9275734,0.19861281158947341,False
ISIC_0028253,nv,0.82674557,0.341555775676343,True
ISIC_0025194,nv,0.96189934,0.11624041240909257,False
ISIC_0024917,nv,0.94851285,0.14933380515367933,False
ISIC_0028566,nv,0.9187029,0.21872911347022292,False
ISIC_0025604,nv,0.97132945,0.09143600100853082,False
ISIC_0032457,nv,0.945102,0.15800957601738833,False
ISIC_0028213,nv,0.95966,0.1211365275460732,False
ISIC_0030618,nv,0.8924616,0.272493438690128,False
ISIC_0024484,nv,0.9409725,0.16851548694182486,False
ISIC_0029774,nv,0.92398924,0.20552025520185674,False
ISIC_0027791,nv,0.90655094,0.23554974810202242,False
ISIC_0027368,nv,0.92273986,0.20902125553694426,False
ISIC_0028004,nv,0.87882334,0.29925774191585053,False
ISIC_0029875,nv,0.93239886,0.18600342730168415,False
ISIC_0029204,nv,0.94205916,0.16626751311843574,False
ISIC_0029886,nv,0.94221884,0.16489698713356313,False
ISIC_0031892,nv,0.92665786,0.2013899925030688,False
ISIC_0028904,nv,0.9240168,0.20650870879918015,False
ISIC_0028732,nv,0.91852593,0.21729173592116813,False
ISIC_0024491,nv,0.92100626,0.21270959340538254,False
ISIC_0030478,nv,0.9255918,0.203976435872489,False
ISIC_0032217,nv,0.93204653,0.1893399865727112,False
ISIC_0028724,nv,0.93006545,0.18301997906474277,False
ISIC_0032155,nv,0.903067,0.25074467215275154,False
ISIC_0030891,nv,0.919428,0.2180361545073395,False
ISIC_0027186,nv,0.9264726,0.20237293256932565,False
ISIC_0032205,nv,0.94141316,0.16589887230517925,False
ISIC_0030838,nv,0.9262788,0.2008066609162257,False
ISIC_0029869,nv,0.8641477,0.3266332813217587,False
ISIC_0026589,nv,0.9457136,0.1559773497277069,False
ISIC_0026632,nv,0.9060182,0.24595733438910514,False
ISIC_0032267,nv,0.91666645,0.2206468114673604,False
ISIC_0030164,nv,0.94741225,0.15358963852250843,False
ISIC_0029007,nv,0.9121336,0.2303030259929822,False
ISIC_0029657,nv,0.93280685,0.18601054894597846,False
ISIC_0025774,nv,0.9218336,0.21163688999028912,False
ISIC_0028914,nv,0.931145,0.19055268773080328,False
ISIC_0030646,nv,0.8829978,0.28650834456969854,False
ISIC_0025177,nv,0.8792639,0.29298052553510434,False
ISIC_0027530,nv,0.9680817,0.10009351595826384,False
ISIC_0029049,nv,0.9572212,0.1293730461104634,False
ISIC_0029018,nv,0.9684511,0.09380286034554285,False
ISIC_0026934,nv,0.9309902,0.19134580917472935,False
ISIC_0026346,nv,0.8918234,0.2725541181625884,False
ISIC_0032475,nv,0.7598566,0.42533798475044576,True
ISIC_0032294,nv,0.9515053,0.14219542116642708,False
ISIC_0029214,nv,0.9522357,0.14192018875865672,False
ISIC_0027112,nv,0.92373556,0.2040947776906873,False
ISIC_0028247,nv,0.9048354,0.24543705615615388,False
ISIC_0028988,nv,0.91381425,0.22859145748091406,False
ISIC_0027757,nv,0.8990934,0.2579915042330104,False
ISIC_0026819,nv,0.8720934,0.3117921421811345,False
ISIC_0029190,nv,0.9091995,0.23441801927378858,False
ISIC_0027855,nv,0.92474616,0.20300018862033242,False
ISIC_0026730,nv,0.9498646,0.1439882683156349,False
ISIC_0026890,nv,0.958945,0.1224319469855279,False
ISIC_0026519,nv,0.9243267,0.20445315721001434,False
ISIC_0030672,nv,0.7154806,0.4073338247291148,True
ISIC_0030980,nv,0.9364794,0.17937372781677927,False
ISIC_0024597,nv,0.91391915,0.22406665568822082,False
ISIC_0030629,nv,0.8670014,0.3210695464917548,False
ISIC_0031178,nv,0.9220742,0.210558228898571,False
ISIC_0029534,nv,0.95924836,0.122123196903482,False
ISIC_0028423,nv,0.94561017,0.1572210951287766,False
ISIC_0025621,nv,0.91911006,0.21785400888240974,False
ISIC_0024594,nv,0.93997455,0.1716344914661835,False
ISIC_0029845,nv,0.9122314,0.2307174597448194,False
ISIC_0027444,nv,0.8751053,0.2891132735835558,False
ISIC_0025702,nv,0.7343871,0.47009934166856904,True
ISIC_0031617,nv,0.6747776,0.49306782380078334,True
ISIC_0025173,nv,0.90459794,0.23959804297228737,False
ISIC_0032376,nv,0.9465751,0.15467903568444227,False
ISIC_0031091,nv,0.8820762,0.28318702408592494,False
ISIC_0027898,nv,0.95559776,0.12948691584235214,False
ISIC_0026726,nv,0.87856,0.25313942842542403,False
ISIC_0032023,nv,0.82347137,0.400343494366364,True
ISIC_0031247,nv,0.93954164,0.17103102017558333,False
ISIC_0028918,nv,0.89278996,0.26393358981709364,False
ISIC_0030697,nv,0.88217264,0.2821423937331788,False
ISIC_0028293,nv,0.9561378,0.13062996272463656,False
ISIC_0029093,nv,0.9614998,0.11497219305623295,False
ISIC_0032428,nv,0.9464597,0.1550771279428127,False
ISIC_0032342,nv,0.96939385,0.09748569234059659,False
ISIC_0027264,nv,0.8555391,0.31734772923745114,False
ISIC_0028413,nv,0.83761454,0.35866472203683186,True
ISIC_0027198,nv,0.9096425,0.23501158152383297,False
ISIC_0025779,nv,0.879161,0.29505208167972724,False
ISIC_0026140,nv,0.9119868,0.22521644133069768,False
ISIC_0032086,nv,0.97143686,0.09068407023628122,False
ISIC_0026251,nv,0.76871306,0.3559199024875244,True
ISIC_0029072,nv,0.92186403,0.2095015453542988,False
ISIC_0027839,nv,0.88238794,0.28581422163914555,False
ISIC_0027640,nv,0.8319691,0.37116114019921276,True
ISIC_0024842,nv,0.7900765,0.4424877925022836,True
ISIC_0028803,nv,0.9677221,0.10235230242868905,False
ISIC_0027249,nv,0.94511956,0.15402093449019086,False
ISIC_0031563,nv,0.9262714,0.1959144129086737,False
ISIC_0029653,nv,0.94994164,0.14543472787558548,False
ISIC_0029374,nv,0.9279988,0.19665423688562295,False
ISIC_0032209,nv,0.9336474,0.18320416163309433,False
ISIC_0028194,nv,0.9404957,0.16512608966474318,False
ISIC_0031404,nv,0.9181583,0.19967511587236073,False
ISIC_0026569,nv,0.80983937,0.3378777603632904,True
ISIC_0027848,nv,0.97231513,0.08801062794123977,False
ISIC_0028971,nv,0.96467185,0.10932910932496263,False
ISIC_0031145,nv,0.93875176,0.17311643672469307,False
ISIC_0028430,nv,0.9026468,0.22809208471992357,False
ISIC_0028633,nv,0.71854043,0.47618309437033496,True
ISIC_0024798,nv,0.8932283,0.2577267015881743,False
ISIC_0025152,nv,0.8951298,0.26564388715394366,False
ISIC_0027235,nv,0.8697732,0.29002910172444124,False
ISIC_0027152,nv,0.7919685,0.3972897332929598,True
ISIC_0029045,nv,0.97107846,0.09289941467651108,False
ISIC_0031160,nv,0.59610254,0.44320525604768507,True
ISIC_0029735,nv,0.5375781,0.5231993629717728,True
ISIC_0028010,nv,0.8253484,0.32908674138492605,True
ISIC_0026666,nv,0.95752066,0.1291227471154052,False
ISIC_0026552,nv,0.94967765,0.14742832881707274,False
ISIC_0024934,nv,0.8268146,0.37260565470792595,True
ISIC_0025442,nv,0.9429355,0.16288087260688736,False
ISIC_0029719,nv,0.8551278,0.33716728062390655,False
ISIC_0027684,nv,0.9194216,0.2061784023422004,False
ISIC_0032158,nv,0.801575,0.40282786083423233,True
ISIC_0031678,nv,0.9585193,0.1262863799773466,False
ISIC_0028453,nv,0.95997906,0.1188952771675125,False
ISIC_0028154,nv,0.96638405,0.10361378302135618,False
ISIC_0024314,nv,0.91843855,0.21812378902056984,False
ISIC_0026722,nv,0.88965553,0.25810321449856477,False
ISIC_0031663,nv,0.888264,0.26109081319917016,False
ISIC_0031883,nv,0.9589646,0.11921546782652151,False
ISIC_0024604,nv,0.92913395,0.19111257149524938,False
ISIC_0027358,nv,0.93700063,0.17632076314230688,False
ISIC_0030247,nv,0.94113046,0.16755934876269718,False
ISIC_0030786,nv,0.7489832,0.47292888581193276,True
ISIC_0030874,nv,0.97585166,0.0805350149524464,False
ISIC_0031629,nv,0.96139646,0.1186619552535301,False
ISIC_0027537,nv,0.94880897,0.15086253884943437,False
ISIC_0027002,nv,0.9567485,0.12993090824685177,False
ISIC_0026223,nv,0.8471009,0.3257343919735389,True
ISIC_0029389,nv,0.89995146,0.25036122138243566,False
ISIC_0024789,nv,0.88776034,0.2494958267354453,False
ISIC_0031143,nv,0.9194279,0.21122152200124344,False
ISIC_0031863,nv,0.91410667,0.22793942117083588,False
ISIC_0031515,nv,0.8967702,0.25323418458294866,False
ISIC_0029854,nv,0.9155817,0.2207056990422242,False
ISIC_0031418,nv,0.9106989,0.23068440918914812,False
ISIC_0027911,nv,0.9252258,0.19615222988201175,False
ISIC_0026874,nv,0.95330095,0.1338465567488735,False
ISIC_0031705,nv,0.9420324,0.16104575505283583,False
ISIC_0031435,nv,0.96239907,0.11596962911458565,False
ISIC_0029615,nv,0.88492197,0.2635843688854827,False
ISIC_0030432,nv,0.9723159,0.08938722646796766,False
ISIC_0028385,nv,0.91342413,0.22656777716438584,False
ISIC_0027403,nv,0.8892093,0.2676618701550364,False
ISIC_0024906,nv,0.9628669,0.11472481929571285,False
ISIC_0025073,nv,0.8070014,0.40843683724971025,True
ISIC_0027031,nv,0.910327,0.23204608289358608,False
ISIC_0024813,nv,0.9265576,0.20068403079608674,False
ISIC_0028367,nv,0.9281028,0.1972834839339593,False
ISIC_0030741,nv,0.9181881,0.20988453666369244,False
ISIC_0024986,nv,0.45461842,0.5694756544426206,True
ISIC_0031555,nv,0.93408674,0.18499515562324922,False
ISIC_0031660,nv,0.87834346,0.2947685023985367,False
ISIC_0024824,nv,0.87315047,0.2964364986998148,False
ISIC_0030666,nv,0.9471997,0.1536961875103699,False
ISIC_0031293,nv,0.9039372,0.24221360084881188,False
ISIC_0026376,nv,0.902197,0.24374504536400798,False
ISIC_0027738,nv,0.9190598,0.21703457564300485,False
ISIC_0031518,nv,0.9410148,0.16803657550723697,False
ISIC_0027497,nv,0.9627114,0.11464362489307556,False
ISIC_0028255,nv,0.94530106,0.15573447868422452,False
ISIC_0028371,nv,0.90265465,0.24300508354878209,False
ISIC_0030063,nv,0.9405967,0.16787083263723024,False
ISIC_0024378,nv,0.8888652,0.2512590386551703,False
ISIC_0026501,nv,0.95399934,0.13511872746566414,False
ISIC_0026006,nv,0.9366599,0.1728346646564632,False
ISIC_0027861,nv,0.93995416,0.16534025971595126,False
ISIC_0029409,nv,0.89968944,0.2541293522976985,False
ISIC_0032364,nv,0.8664189,0.28586123980685213,False
ISIC_0026541,nv,0.88649213,0.2711268487538223,False
ISIC_0031281,nv,0.9644403,0.11128117499908174,False
ISIC_0025335,nv,0.9575524,0.1253292616149182,False
ISIC_0025869,nv,0.936929,0.1748889910165031,False
ISIC_0025588,nv,0.9240298,0.20640977154726337,False
ISIC_0027772,nv,0.7539006,0.4517994419669729,True
ISIC_0030688,nv,0.9559384,0.12289773315310454,False
ISIC_0029825,nv,0.9421203,0.15625057582278362,False
ISIC_0028373,nv,0.8484409,0.3496382446511968,True
ISIC_0024714,nv,0.8838764,0.271485565211159,False
ISIC_0028636,nv,0.9481445,0.15058056768147154,False
ISIC_0025687,nv,0.96777344,0.09902294137877668,False
ISIC_0024855,nv,0.94841355,0.15106744310537784,False
ISIC_0026497,nv,0.8209294,0.37668226768636337,True
ISIC_0031959,nv,0.8732592,0.2651670892395979,False
ISIC_0032078,nv,0.97751254,0.07551872015357862,False
ISIC_0027812,nv,0.9125648,0.2285406257875531,False
ISIC_0026561,nv,0.92624557,0.19847327330739697,False
ISIC_0025129,nv,0.9069496,0.23966933599205092,False
ISIC_0027049,nv,0.8221841,0.3776324635042304,True
ISIC_0028851,nv,0.9284494,0.19794787974284508,False
ISIC_0027408,nv,0.9552647,0.13270663420086015,False
ISIC_0030460,nv,0.7523802,0.4546069013553422,True
ISIC_0025370,nv,0.9443751,0.15898093766840538,False
ISIC_0030194,nv,0.8875384,0.2593993231294028,False
ISIC_0027103,nv,0.9726619,0.08813792924742124,False
ISIC_0027907,nv,0.90251935,0.24093485984083357,False
ISIC_0025870,nv,0.9061212,0.2296352761193643,False
ISIC_0031380,nv,0.90853536,0.23174320625366251,False
ISIC_0029543,nv,0.89779156,0.25174407623538775,False
ISIC_0029254,nv,0.91209066,0.229945657287684,False
ISIC_0029223,nv,0.89239687,0.26318261625509864,False
ISIC_0030930,nv,0.9005624,0.23128109577346356,False
ISIC_0028488,nv,0.8242485,0.3590493827209096,True
ISIC_0025863,nv,0.95408386,0.13723757745454698,False
ISIC_0024387,nv,0.9435411,0.16295495302291235,False
ISIC_0028528,nv,0.6512741,0.48047617470459153,True
ISIC_0029945,nv,0.75444126,0.45478290551927836,True
ISIC_0024869,nv,0.7889916,0.3439728770651991,True
ISIC_0024723,nv,0.68712384,0.4666510568166236,True
ISIC_0031720,nv,0.9363315,0.16677700933507905,False
ISIC_0026382,nv,0.9316979,0.18827742192863464,False
ISIC_0029720,nv,0.9484765,0.15031101727377258,False
ISIC_0032150,nv,0.9230843,0.19246891545298966,False
ISIC_0029725,nv,0.84247035,0.3497063673905971,True
ISIC_0024924,nv,0.90672547,0.2354721757829886,False
ISIC_0031094,nv,0.9003779,0.23569211972645251,False
ISIC_0032345,nv,0.89336663,0.2677455226736075,False
ISIC_0031676,nv,0.8633766,0.2914598017747599,False
ISIC_0032151,nv,0.93626815,0.17220969059470342,False
ISIC_0031615,nv,0.926402,0.19601817450027373,False
ISIC_0031592,nv,0.95658875,0.12796616145127956,False
ISIC_0029488,nv,0.82750505,0.3410484082953059,True
ISIC_0027099,nv,0.8550302,0.30616460354439906,False
ISIC_0025458,nv,0.92477286,0.20236153793845474,False
ISIC_0024664,nv,0.92848414,0.18592567119828143,False
ISIC_0026303,nv,0.9067574,0.2195839864620946,False
ISIC_0030125,nv,0.8215128,0.36480489653984566,True
ISIC_0025008,nv,0.83589673,0.3551611180898518,True
ISIC_0025735,nv,0.69982976,0.4256729930241962,True
ISIC_0028015,nv,0.928087,0.1948962475050471,False
ISIC_0026781,nv,0.72118914,0.47785899339947524,True
ISIC_0026777,nv,0.9470224,0.15212885909714885,False
ISIC_0031268,nv,0.9113044,0.2278485398004219,False
ISIC_0025327,nv,0.96109045,0.11822266466580114,False
ISIC_0026839,nv,0.82300085,0.38883997125688796,True
ISIC_0025812,nv,0.962219,0.1150315094612908,False
ISIC_0029357,nv,0.89702725,0.263255946218284,False
ISIC_0032309,nv,0.9403893,0.16725575230066214,False
ISIC_0028759,nv,0.9104257,0.2340727956522009,False
ISIC_0029846,nv,0.95136505,0.14169503759140772,False
ISIC_0029194,nv,0.95647097,0.12878940821633883,False
ISIC_0024340,nv,0.9135945,0.22401277623740917,False
ISIC_0027361,nv,0.95246804,0.13693856028637,False
ISIC_0025094,nv,0.7772602,0.4308385896497375,True
ISIC_0026421,nv,0.94165665,0.1673752734018941,False
ISIC_0026215,nv,0.98078567,0.0649325031176211,False
ISIC_0032029,nv,0.97999334,0.0680529932322949,False
ISIC_0029976,nv,0.8761586,0.29109018077820265,False
ISIC_0031001,nv,0.92413265,0.1964522578642176,False
ISIC_0027086,nv,0.91303575,0.22327889462172054,False
ISIC_0025689,nv,0.93030214,0.18685986246069136,False
ISIC_0026055,nv,0.9294314,0.1926212573794318,False
ISIC_0027645,nv,0.9478368,0.15148749759583008,False
ISIC_0030979,nv,0.694412,0.5328223125266263,True
ISIC_0028145,nv,0.9395462,0.17169396102488207,False
ISIC_0031674,nv,0.84298694,0.33639557005895565,True
ISIC_0025834,nv,0.9389381,0.16980389194453374,False
ISIC_0029982,nv,0.7845069,0.400251357136096,True
ISIC_0031622,nv,0.9485112,0.1490836439968978,False
ISIC_0028368,nv,0.91671973,0.2236006091594549,False
ISIC_0028843,nv,0.9176877,0.21847129463140447,False
ISIC_0026237,nv,0.9396156,0.17237607671000124,False
ISIC_0025547,nv,0.87109965,0.2991847488906748,False
ISIC_0027548,nv,0.9508651,0.1445447214385285,False
ISIC_0026826,nv,0.8757329,0.2986376228245022,False
ISIC_0028961,nv,0.9276918,0.19237017730080586,False
ISIC_0031080,nv,0.9786985,0.07131491307650825,False
ISIC_0025909,nv,0.8507487,0.32385314454289704,False
ISIC_0028831,nv,0.78490067,0.3944163259468887,True
ISIC_0028045,nv,0.8962282,0.26292881004166757,False
ISIC_0030053,nv,0.9473774,0.15412255193082056,False
ISIC_0026743,nv,0.9652682,0.10682175449561956,False
ISIC_0026341,nv,0.8884612,0.27153956718488326,False
ISIC_0027697,nv,0.9435165,0.16295676023587305,False
ISIC_0026608,nv,0.6796769,0.48466881688125213,True
ISIC_0030334,nv,0.94169474,0.16431316545506966,False
ISIC_0028235,nv,0.73359555,0.4600069455741253,True
ISIC_0025905,nv,0.8976865,0.23303467432918615,False
ISIC_0030184,nv,0.90006995,0.2523401348897762,False
ISIC_0025631,nv,0.93587625,0.17963948001418795,False
ISIC_0031337,nv,0.934027,0.17933283579470222,False
ISIC_0030473,nv,0.8028692,0.39259649312618283,True
ISIC_0025907,nv,0.8796444,0.26862551286256026,False
ISIC_0027113,nv,0.9555786,0.12996826241982778,False
ISIC_0024831,nv,0.96495914,0.10566806343530387,False
ISIC_0026869,nv,0.8952597,0.24475351614217586,False
ISIC_0026186,nv,0.9567988,0.12882493986099006,False
ISIC_0025156,nv,0.91876495,0.2171081506520154,False
ISIC_0027852,nv,0.8334863,0.3613898460279404,True
ISIC_0031975,nv,0.77815354,0.42379287893049583,True
ISIC_0028195,nv,0.7738297,0.43738284471847455,True
ISIC_0025300,nv,0.9326019,0.1848697534222129,False
ISIC_0028823,nv,0.9598057,0.12210932884131317,False
ISIC_0031501,nv,0.960098,0.12183991627189086,False
ISIC_0032910,nv,0.9204044,0.21195888020457682,False
ISIC_0025610,nv,0.9093338,0.21052202337790052,False
ISIC_0024615,nv,0.96401864,0.10511223058465528,False
ISIC_0029354,nv,0.6208083,0.548547148174309,True
ISIC_0031748,nv,0.88163173,0.2843982855997941,False
ISIC_0025555,nv,0.91553456,0.22230627711084947,False
ISIC_0032242,nv,0.94303346,0.1637524240302354,False
ISIC_0024317,nv,0.8867219,0.2788329273411983,False
ISIC_0028751,nv,0.9428793,0.1617701258274346,False
ISIC_0027024,nv,0.9515079,0.1437579252399649,False
ISIC_0025402,nv,0.96187145,0.1144220115749276,False
ISIC_0033745,nv,0.9633588,0.11302379541180953,False
ISIC_0033112,nv,0.90637815,0.23170191603211954,False
ISIC_0025598,nv,0.561238,0.5773983535394566,True
ISIC_0033356,nv,0.7829746,0.46174064478728005,True
ISIC_0033998,nv,0.8543245,0.34277267324419125,False
ISIC_0030303,nv,0.8289997,0.3766808280421404,True
ISIC_0026544,nv,0.9338331,0.18241799336445774,False
ISIC_0032470,nv,0.96483594,0.10795017520521348,False
ISIC_0029826,nv,0.92131025,0.2017916532412684,False
ISIC_0025352,nv,0.9473458,0.15289960479416312,False
ISIC_0028977,bkl,0.98615915,0.04875402638607218,False
ISIC_0026494,nv,0.627838,0.5108892102672575,True
ISIC_0029422,nv,0.9198116,0.21255979382937665,False
ISIC_0031158,nv,0.9426031,0.1623520024546907,False
ISIC_0029728,nv,0.9292849,0.17955438785139388,False
ISIC_0032181,nv,0.8236703,0.3538215138250442,True
ISIC_0025049,nv,0.93744403,0.17530316440715102,False
ISIC_0026423,nv,0.9673689,0.10121895017186336,False
ISIC_0026432,nv,0.8896954,0.27765459386008784,False
ISIC_0033423,nv,0.95046747,0.14573166215424843,False
ISIC_0033846,nv,0.94426465,0.1604115611419036,False
ISIC_0033315,nv,0.9463264,0.15448249361728314,False
ISIC_0032691,nv,0.95434666,0.1371283023318804,False
ISIC_0032540,nv,0.9353565,0.18196211623743686,False
ISIC_0032573,nv,0.921584,0.21105662147626078,False
ISIC_0032007,nv,0.84815395,0.33995715797431914,True
ISIC_0033251,nv,0.94866264,0.1465052565089804,False
ISIC_0033402,nv,0.9352188,0.1760436163140273,False
ISIC_0034204,nv,0.9528532,0.1371849538635894,False
ISIC_0030462,nv,0.74035525,0.5098075779949091,True
ISIC_0033971,nv,0.8710155,0.3062881066402902,False
ISIC_0032527,nv,0.9056199,0.2438663583628366,False
ISIC_0032964,nv,0.9116821,0.22941435199259963,False
ISIC_0033363,nv,0.8048734,0.37214842982886653,True
ISIC_0033058,nv,0.9082516,0.23742738110674283,False
ISIC_0032924,nv,0.9080988,0.23616446086985277,False
ISIC_0033712,nv,0.9811001,0.06425680457004887,False
ISIC_0032771,nv,0.9640844,0.10716211548911378,False
ISIC_0033297,nv,0.9769623,0.07624525039451181,False
ISIC_0030845,nv,0.91730917,0.22212866483368554,False
ISIC_0033852,nv,0.92003685,0.20846267357844442,False
ISIC_0033775,nv,0.98156494,0.06358505738640768,False
ISIC_0033561,nv,0.98221946,0.06164438634315949,False
ISIC_0025619,nv,0.869945,0.3035800745954881,False
ISIC_0033348,nv,0.94246835,0.1641272675659418,False
ISIC_0033048,nv,0.945993,0.1566701555369496,False
ISIC_0033870,nv,0.94639057,0.15503995755420558,False
ISIC_0033032,nv,0.9410142,0.16459504473084804,False
ISIC_0034227,nv,0.9202778,0.20905170248072297,False
ISIC_0033563,nv,0.9333649,0.18011113196620487,False
ISIC_0029953,nv,0.9369552,0.17508968354732624,False
ISIC_0026618,nv,0.8735612,0.3047573972625697,False
ISIC_0026670,nv,0.94716406,0.15328835468044852,False
ISIC_0025456,nv,0.9238837,0.20772191536428666,False
ISIC_0034079,nv,0.9027587,0.24624866324451705,False
ISIC_0033327,nv,0.8939297,0.26760128257476046,False
ISIC_0032871,nv,0.93559086,0.17726660939677696,False
ISIC_0034290,nv,0.98331475,0.058363023644254435,False
ISIC_0033165,nv,0.9545127,0.13423879853816773,False
ISIC_0033430,nv,0.9792158,0.07055252191059626,False
ISIC_0027643,nv,0.9671631,0.10417643120901761,False
ISIC_0027087,nv,0.9244705,0.2023442009463232,False
ISIC_0030851,nv,0.91831446,0.22038713946948904,False
ISIC_0033227,nv,0.8313007,0.32807540663367635,True
ISIC_0033365,nv,0.9317164,0.18774908781418057,False
ISIC_0033767,nv,0.94657177,0.15233478948248524,False
ISIC_0033755,nv,0.9472918,0.15325400231883096,False
ISIC_0033625,nv,0.8616765,0.29810222832721006,False
ISIC_0032362,nv,0.89862186,0.25539591759123814,False
ISIC_0032739,nv,0.8997897,0.25662894223745614,False
ISIC_0032874,nv,0.8840628,0.27284556954091294,False
ISIC_0033959,nv,0.9596328,0.11969200537967797,False
ISIC_0032914,nv,0.96992624,0.0960236417400189,False
ISIC_0033309,nv,0.94176775,0.16719099894135808,False
ISIC_0034267,nv,0.9566279,0.12925667997423063,False
ISIC_0033137,nv,0.95623904,0.12929302333317777,False
ISIC_0032953,nv,0.952389,0.1383927694205419,False
ISIC_0028110,nv,0.9103243,0.23469547240934963,False
ISIC_0031904,nv,0.9488856,0.14903760601249194,False
ISIC_0025239,nv,0.76452756,0.4330255011165643,True
ISIC_0034234,nv,0.9555731,0.1335511080605257,False
ISIC_0033308,nv,0.9439186,0.16172062657074807,False
ISIC_0034274,nv,0.96654785,0.10540655359374364,False
ISIC_0033331,nv,0.9312381,0.1870937740161906,False
ISIC_0034192,nv,0.95164865,0.1417813396679636,False
ISIC_0033689,nv,0.953324,0.1392434306872933,False
ISIC_0030546,nv,0.9518103,0.14177735767330443,False
ISIC_0033989,nv,0.78132164,0.4222261784472018,True
ISIC_0032977,nv,0.9614358,0.1168985595494362,False
ISIC_0033664,nv,0.9099187,0.23409471193819054,False
ISIC_0033759,nv,0.929023,0.19583900005597427,False
ISIC_0034144,nv,0.88515913,0.2868601997439302,False
ISIC_0032992,nv,0.8183215,0.40131715332199214,True
ISIC_0026979,nv,0.9493964,0.1415450236003048,False
ISIC_0032950,nv,0.91341275,0.22064688804418078,False
ISIC_0034156,nv,0.8954077,0.2502115290139783,False
ISIC_0025713,nv,0.9510713,0.14070246416114846,False
ISIC_0033253,nv,0.8800399,0.2887955716712088,False
ISIC_0033974,nv,0.93492085,0.18033383267520206,False
ISIC_0033941,nv,0.7695779,0.40002395461032814,True
ISIC_0032664,nv,0.9562334,0.13035584833844358,False
ISIC_0033461,nv,0.93176866,0.1848459686618063,False
ISIC_0025990,nv,0.82893676,0.33815558106758925,True
ISIC_0025778,nv,0.8229363,0.38053738986956537,True
ISIC_0031466,nv,0.9643149,0.11175989499161872,False
ISIC_0031048,nv,0.90814036,0.24007695440687526,False
ISIC_0031694,nv,0.9651773,0.10791761474119257,False
ISIC_0025978,nv,0.9513852,0.1443973263746822,False
ISIC_0027432,nv,0.92576617,0.20199981966975958,False
ISIC_0024907,nv,0.937385,0.17733712133297277,False
ISIC_0025261,nv,0.96528274,0.10647764123792726,False
ISIC_0027654,nv,0.9501573,0.1449418335135982,False
ISIC_0029656,nv,0.9296422,0.1931619203619653,False
ISIC_0025421,nv,0.9393884,0.16317754652436103,False
ISIC_0025786,nv,0.96260434,0.11530261437844326,False
ISIC_0025525,nv,0.95265615,0.13968815822926847,False
ISIC_0027847,nv,0.92396355,0.17479391323633292,False
ISIC_0030709,nv,0.615096,0.44283493054438045,True
ISIC_0024730,nv,0.8546778,0.316213871573611,False
ISIC_0030765,nv,0.9351805,0.1823619544473117,False
ISIC_0028780,nv,0.95170873,0.14243971653876836,False
ISIC_0029902,nv,0.9453744,0.15666749066360075,False
ISIC_0025871,nv,0.94214165,0.16244375680085688,False
ISIC_0031988,nv,0.9459248,0.15630745708495372,False
ISIC_0027072,nv,0.93838644,0.17378689741775205,False
ISIC_0030378,nv,0.9670643,0.10293345923383367,False
ISIC_0024344,nv,0.6091865,0.51145039583765,True
ISIC_0025836,nv,0.8302954,0.34944297375925576,True
ISIC_0026384,nv,0.93764836,0.1751277115963215,False
ISIC_0028436,nv,0.9101039,0.23345860360674908,False
ISIC_0029662,nv,0.92527646,0.20118527203149425,False
ISIC_0030582,nv,0.94523,0.15783861060823243,False
ISIC_0025001,nv,0.90338516,0.24413185019905603,False
ISIC_0028800,nv,0.9381915,0.17375309640924116,False
ISIC_0028500,nv,0.93667966,0.1747795933709239,False
ISIC_0032374,nv,0.9504162,0.14547998477642357,False
ISIC_0025855,nv,0.9475928,0.15240680232436027,False
ISIC_0026084,nv,0.9181208,0.20293669112088242,False
ISIC_0025262,nv,0.9186291,0.2068411900378584,False
ISIC_0030085,nv,0.85075504,0.3243309839019998,False
ISIC_0029348,nv,0.9500812,0.1476833449442657,False
ISIC_0031202,nv,0.94908863,0.14883801618788212,False
ISIC_0030892,nv,0.8393166,0.36308415412469736,True
ISIC_0030429,nv,0.94272155,0.1554774562443379,False
ISIC_0028159,nv,0.96986324,0.09334926520776894,False
ISIC_0030899,nv,0.9611793,0.1172653318882757,False
ISIC_0031757,nv,0.9506359,0.14309322312379766,False
ISIC_0025541,nv,0.9380002,0.17408040105486247,False
ISIC_0025117,nv,0.9510277,0.14123651090640205,False
ISIC_0032711,nv,0.9179439,0.21903621715063087,False
ISIC_0033207,nv,0.82769746,0.35669890316577446,True
ISIC_0032558,nv,0.9537695,0.13642849740125598,False
ISIC_0034146,nv,0.9841652,0.05491666469934125,False
ISIC_0033964,nv,0.9615502,0.11426427098264944,False
ISIC_0032951,nv,0.9386444,0.16251714802549855,False
ISIC_0033652,nv,0.9505911,0.14378670280905956,False
ISIC_0033944,nv,0.9614757,0.11865360838010988,False
ISIC_0032717,nv,0.94320166,0.16250886241353463,False
ISIC_0032784,nv,0.91198206,0.23317191530665152,False
ISIC_0033459,nv,0.8697904,0.30866498988308855,False
ISIC_0032710,nv,0.95384586,0.1377497538599032,False
ISIC_0032767,nv,0.9194574,0.2071482018260819,False
ISIC_0033503,nv,0.8402667,0.343786305300052,True
ISIC_0033795,nv,0.7242937,0.5297882163806928,True
ISIC_0033850,nv,0.8391342,0.3572226579863705,True
ISIC_0032671,nv,0.89695144,0.25168008864428737,False
ISIC_0032566,nv,0.73921555,0.5019734629638761,True
ISIC_0033059,nv,0.93686986,0.17775641005522133,False
ISIC_0033113,nv,0.9118946,0.23302263645302415,False
ISIC_0033547,nv,0.92821544,0.1930476064845184,False
ISIC_0033172,nv,0.9186206,0.21608366000302634,False
ISIC_0033326,nv,0.94356704,0.16194006510719755,False
ISIC_0032743,nv,0.91781986,0.21026837031811016,False
ISIC_0033388,nv,0.9068336,0.2326751921036458,False
ISIC_0033009,nv,0.93208134,0.1892557214395771,False
ISIC_0032928,nv,0.90303946,0.24829981932419368,False
ISIC_0034131,nv,0.9519051,0.13988454714278686,False
ISIC_0032901,nv,0.9881604,0.04363473959264907,False
ISIC_0033370,nv,0.92898273,0.19307506693230275,False
ISIC_0033521,nv,0.95362335,0.13724159007993433,False
ISIC_0032623,nv,0.9391298,0.17069183080744077,False
ISIC_0034281,nv,0.9580493,0.1245114441464231,False
ISIC_0034152,nv,0.9798656,0.06828208810579292,False
ISIC_0033739,nv,0.9699892,0.09627228667575713,False
ISIC_0033827,nv,0.90709496,0.23900219873299597,False
ISIC_0033497,nv,0.93056315,0.18681163437922294,False
ISIC_0033706,nv,0.8870668,0.28229392394532504,False
ISIC_0033097,nv,0.94336677,0.15822991816031817,False
ISIC_0034014,nv,0.92596656,0.20236185956110028,False
ISIC_0034320,nv,0.95383763,0.13475618216730903,False
ISIC_0032549,nv,0.96203536,0.1173603101185794,False
ISIC_0033657,nv,0.8531443,0.33134909633518045,False
ISIC_0034038,nv,0.9691822,0.09780158703998292,False
ISIC_0033070,nv,0.9684826,0.0987439490491262,False
ISIC_0033837,nv,0.94150543,0.16781113334807055,False
ISIC_0032612,nv,0.900386,0.2501280296490479,False
ISIC_0034039,nv,0.8860013,0.27618581981468177,False
ISIC_0032785,nv,0.9700161,0.09636665994917992,False
ISIC_0032563,nv,0.9640074,0.11163640721109162,False
ISIC_0033071,nv,0.96053505,0.12055945228545424,False
ISIC_0034086,nv,0.9431624,0.1590134215556059,False
ISIC_0032577,nv,0.8471078,0.30941479947741396,True
ISIC_0033753,nv,0.9690285,0.09874182787120198,False
ISIC_0032742,nv,0.9503054,0.14598041429753517,False
ISIC_0032961,nv,0.91083556,0.23203376934087075,False
ISIC_0034112,nv,0.9528206,0.13892994050006657,False
ISIC_0032585,nv,0.94732636,0.15233731651755741,False
ISIC_0032899,nv,0.9529583,0.13762729220876904,False
ISIC_0034157,nv,0.92744446,0.19555177571813412,False
ISIC_0033233,nv,0.9341507,0.17461403428528607,False
ISIC_0032770,nv,0.90582913,0.24302719893450464,False
ISIC_0034184,nv,0.83383596,0.36070966007869454,True
ISIC_0033385,nv,0.85052663,0.309667349830991,False
ISIC_0033471,nv,0.96700925,0.10042633413495171,False
ISIC_0032831,nv,0.9033237,0.23175797026462966,False
ISIC_0032780,nv,0.8877227,0.27810906197361396,False
ISIC_0033849,nv,0.90681046,0.24096285632636047,False
ISIC_0032861,nv,0.93456453,0.18418092960762944,False
ISIC_0033984,nv,0.93625146,0.1781750708475429,False
ISIC_0032640,nv,0.7298424,0.46623582666585456,True
ISIC_0032568,nv,0.951785,0.1404426696403645,False
ISIC_0033126,nv,0.96302885,0.11210171094469995,False
ISIC_0034099,nv,0.8565254,0.33936194166495476,False
ISIC_0033648,nv,0.9342517,0.18199375777961335,False
ISIC_0032825,nv,0.87085843,0.30297122761209805,False
ISIC_0032803,nv,0.938415,0.1698077207855522,False
ISIC_0033798,nv,0.946702,0.15314690197786285,False
ISIC_0033014,nv,0.9326236,0.1860043309081645,False
ISIC_0032516,nv,0.9439667,0.15634280494523606,False
ISIC_0032520,nv,0.96546936,0.10481485981811624,False
ISIC_0032832,nv,0.8720594,0.26974509660708357,False
ISIC_0033917,nv,0.97377694,0.0858458318601355,False
ISIC_0032885,nv,0.9629973,0.11419849915163448,False
ISIC_0033291,nv,0.8441187,0.31515806100509103,True
ISIC_0034102,nv,0.9738811,0.08422704382362649,False
ISIC_0033988,nv,0.95813316,0.1259603005608512,False
ISIC_0032859,nv,0.87475276,0.30145197412670466,False
ISIC_0032795,nv,0.93919134,0.17301462018433042,False
ISIC_0032864,nv,0.95689505,0.13051681281485927,False
ISIC_0033763,nv,0.9192857,0.21636465098768845,False
ISIC_0033650,nv,0.91313523,0.22826135012366727,False
ISIC_0033992,nv,0.96935564,0.09813520161560262,False
ISIC_0033715,nv,0.9630577,0.11463229918134299,False
ISIC_0033920,nv,0.9508998,0.1440358684671763,False
ISIC_0033825,nv,0.92086744,0.194653437723021,False
ISIC_0033857,nv,0.8974524,0.24228359206262917,False
ISIC_0032731,nv,0.82036316,0.35815505735118375,True
ISIC_0033069,nv,0.943511,0.16002601216670964,False
ISIC_0032735,nv,0.97730947,0.07593548184075502,False
ISIC_0033840,nv,0.93806,0.17328683546537824,False
ISIC_0033632,nv,0.8911017,0.26077559237580306,False
ISIC_0034025,nv,0.9470758,0.15396648837090848,False
ISIC_0033182,nv,0.9487694,0.1501582312017723,False
ISIC_0034257,nv,0.77720577,0.3985959500640865,True
ISIC_0032999,nv,0.9609599,0.1194863276978488,False
ISIC_0032669,nv,0.9517036,0.14118453056073557,False
ISIC_0033236,nv,0.87472457,0.26319373520941625,False
ISIC_0032802,nv,0.9528101,0.13985025604262563,False
ISIC_0032551,nv,0.8336868,0.3571669713225981,True
ISIC_0033544,nv,0.92038584,0.21113609290043975,False
ISIC_0033510,nv,0.9596202,0.11668889221526581,False
ISIC_0033222,nv,0.88650936,0.24947257801278128,False
ISIC_0032546,nv,0.95114166,0.13058098419032851,False
ISIC_0032521,nv,0.7086479,0.4598280008602869,True
ISIC_0032674,nv,0.9071219,0.2360361028035502,False
ISIC_0033958,nv,0.89191747,0.27226833346897117,False
ISIC_0032989,nv,0.9075352,0.23660133163005806,False
ISIC_0033618,nv,0.9439021,0.16047098475451,False
ISIC_0033016,nv,0.9448537,0.1583595167711107,False
ISIC_0026810,nv,0.9478273,0.15162421785091695,False
ISIC_0033351,nv,0.80985767,0.3556273484029866,True
ISIC_0033131,nv,0.95588565,0.1316860489697099,False
ISIC_0033090,nv,0.908063,0.21460800935915111,False
ISIC_0034286,nv,0.9301372,0.19246739923194636,False
ISIC_0033373,nv,0.757209,0.4566725457694326,True
ISIC_0033170,nv,0.95361847,0.13685446362224074,False
ISIC_0032680,nv,0.950756,0.145150964810026,False
ISIC_0033674,nv,0.9634842,0.109477760248663,False
ISIC_0032542,nv,0.94326127,0.16091411949862147,False
ISIC_0034224,nv,0.96776026,0.0986518577649504,False
ISIC_0033411,nv,0.87108594,0.3141589785451004,False
ISIC_0034096,nv,0.90031475,0.25541386719793263,False
ISIC_0033382,nv,0.9361653,0.1804660195825231,False
ISIC_0034288,nv,0.9442579,0.16041552782119872,False
ISIC_0033420,nv,0.94495976,0.15785306831191812,False
ISIC_0032661,nv,0.9209184,0.2024975996328864,False
ISIC_0032587,nv,0.8883214,0.26923772922604655,False
ISIC_0033824,nv,0.9195718,0.21732732882727565,False
ISIC_0033830,nv,0.9294236,0.19154023772164633,False
ISIC_0032838,nv,0.95699185,0.12994129206369381,False
ISIC_0034230,nv,0.68198067,0.5496002326080239,True
ISIC_0033057,nv,0.93804216,0.17462144692149778,False
ISIC_0034300,nv,0.93001956,0.18948540595459198,False
ISIC_0033155,nv,0.9339799,0.18226955685585444,False
ISIC_0032609,nv,0.892403,0.2723129624398823,False
ISIC_0033729,nv,0.85065883,0.34322778460300846,False
ISIC_0034307,nv,0.9173268,0.21648126216974642,False
ISIC_0034137,nv,0.87276953,0.2895751849640218,False
ISIC_0033096,nv,0.9550363,0.13525558555902767,False
ISIC_0033972,nv,0.9520938,0.13657405462141345,False
ISIC_0033367,nv,0.9103129,0.23582156518360434,False
ISIC_0033904,nv,0.9464749,0.1540794391809528,False
ISIC_0033342,nv,0.96608144,0.10308975252420685,False
ISIC_0033265,nv,0.97201025,0.08912534905766967,False
ISIC_0032704,nv,0.73784137,0.4826255635294376,True
ISIC_0033289,nv,0.9259823,0.19389646053830908,False
ISIC_0032822,nv,0.95144653,0.14137696811032294,False
ISIC_0033283,nv,0.9541057,0.13603221235584628,False
ISIC_0033359,nv,0.9283082,0.19724945319498732,False
ISIC_0032905,nv,0.9625478,0.1152702913025655,False
ISIC_0034001,nv,0.94398963,0.1599911390827136,False
ISIC_0032560,nv,0.81131583,0.34125268462132236,True
ISIC_0033427,nv,0.9290275,0.1895710494704927,False
ISIC_0033948,nv,0.93619114,0.17961269344242287,False
ISIC_0033680,nv,0.75432694,0.4438284382118482,True
ISIC_0034179,nv,0.9426235,0.1650969598422748,False
ISIC_0034206,nv,0.9117956,0.2318926535762947,False
ISIC_0032980,nv,0.9129376,0.22870309116964804,False
ISIC_0025009,nv,0.91139597,0.2308357862476536,False
ISIC_0033506,nv,0.94941837,0.14776130014740135,False
ISIC_0033600,nv,0.960304,0.12208872201895186,False
ISIC_0033714,nv,0.9561645,0.13107666594857723,False
ISIC_0034190,nv,0.8819474,0.2884900301579364,False
ISIC_0033318,nv,0.9512854,0.14263861717199489,False
ISIC_0032615,nv,0.96327585,0.11217963551710747,False
ISIC_0033862,nv,0.9518897,0.1418178974420078,False
ISIC_0025587,nv,0.9088649,0.23359314908013748,False
ISIC_0033110,nv,0.9118972,0.22950858742774577,False
ISIC_0032701,nv,0.93724436,0.17763713399981454,False
ISIC_0034215,nv,0.9146008,0.22372293297231238,False
ISIC_0033743,nv,0.96174586,0.11620815825235313,False
ISIC_0033833,nv,0.9309711,0.17539554668324422,False
ISIC_0032512,nv,0.9395465,0.1695757695966544,False
ISIC_0034149,nv,0.93440837,0.18024171076029813,False
ISIC_0033800,nv,0.9799383,0.06817599092117163,False
ISIC_0033163,nv,0.96603507,0.10506024258130675,False
ISIC_0033887,nv,0.98190767,0.06223371006619647,False
ISIC_0033145,nv,0.90139633,0.25163702184051184,False
ISIC_0033799,nv,0.9366759,0.1778356517489392,False
ISIC_0032646,nv,0.7981681,0.4143638218848167,True
ISIC_0033627,nv,0.95234555,0.1394073663443393,False
ISIC_0033803,nv,0.93865985,0.16811085502299492,False
ISIC_0032860,nv,0.9221915,0.19622410488561012,False
ISIC_0034292,nv,0.8450678,0.35327114090168793,True
ISIC_0034207,nv,0.8943014,0.26760811322713735,False
ISIC_0033408,nv,0.92082614,0.21354696093611786,False
ISIC_0033621,nv,0.92322165,0.2079429007525076,False
ISIC_0034116,nv,0.96722835,0.10369683058304639,False
ISIC_0034073,nv,0.97116226,0.09323457610390225,False
ISIC_0032702,nv,0.8066546,0.344323139441567,True
ISIC_0033667,nv,0.8666294,0.27741656247165275,False
ISIC_0033107,nv,0.9202127,0.19544738619660706,False
ISIC_0032882,nv,0.9782217,0.07285216977237037,False
ISIC_0034078,nv,0.9229073,0.1976672256961926,False
ISIC_0032818,nv,0.9366622,0.17588595995625156,False
ISIC_0034060,nv,0.9336875,0.18443720159467641,False
ISIC_0033002,nv,0.90138096,0.25298013332369235,False
ISIC_0033683,nv,0.5576005,0.6526737967924048,True
ISIC_0032705,nv,0.9429195,0.16320355201255837,False
ISIC_0034198,nv,0.9720999,0.09078505208930186,False
ISIC_0033658,nv,0.9581617,0.12716980846553388,False
ISIC_0033046,nv,0.9554245,0.1325935761832673,False
ISIC_0032689,nv,0.9428574,0.1635083277576271,False
ISIC_0034203,nv,0.9343506,0.17669013909303893,False
ISIC_0033311,nv,0.82588077,0.35786504561708216,True
ISIC_0032700,nv,0.93318653,0.1756101915107386,False
ISIC_0033188,nv,0.9480575,0.15076081420125617,False
ISIC_0033067,nv,0.89273095,0.2726580175924651,False
ISIC_0032787,nv,0.94581914,0.15402842370322295,False
ISIC_0034282,nv,0.85036075,0.32587550773811497,False
ISIC_0033357,nv,0.8765475,0.2976200700354385,False
ISIC_0034178,nv,0.92254645,0.20446844194336,False
ISIC_0033517,nv,0.94157624,0.16578507915011087,False
ISIC_0033513,nv,0.94565046,0.15666369245331044,False
ISIC_0033649,nv,0.93869966,0.17393665104766573,False
ISIC_0033404,nv,0.8525789,0.33199258667210546,False
ISIC_0033478,nv,0.95310533,0.1382287265559474,False
ISIC_0032707,nv,0.958989,0.12318995795731479,False
ISIC_0034311,nv,0.96042496,0.1187835745596402,False
ISIC_0033220,nv,0.9113731,0.23065826586267413,False
ISIC_0032817,nv,0.9408472,0.16844756330215752,False
ISIC_0032820,nv,0.9423254,0.1635671387556705,False
ISIC_0032853,nv,0.942786,0.15593178651958736,False
ISIC_0034148,nv,0.94405866,0.15297230682742147,False
ISIC_0034241,nv,0.9293677,0.18496507624820827,False
ISIC_0033665,nv,0.96206576,0.11537841777292657,False
ISIC_0032813,nv,0.9553445,0.13353194854006936,False
ISIC_0033558,nv,0.96087545,0.1198502590366526,False
ISIC_0033590,nv,0.94204605,0.16638311348646484,False
ISIC_0033303,nv,0.7994171,0.3980140274907382,True
ISIC_0032584,nv,0.8944378,0.26558372840386174,False
ISIC_0033731,nv,0.9486949,0.14856950722494014,False
ISIC_0032644,nv,0.897409,0.25470879378206684,False
ISIC_0033637,nv,0.943182,0.16320543580233945,False
ISIC_0033566,nv,0.7655509,0.44935406841603653,True
ISIC_0033263,nv,0.8961069,0.25549436475150455,False
ISIC_0033815,nv,0.78813714,0.42520878433911913,True
ISIC_0034194,nv,0.940803,0.16766946623038784,False
ISIC_0032969,nv,0.94715214,0.14772556940301718,False
ISIC_0033894,nv,0.95570177,0.13360172533878964,False
ISIC_0033933,nv,0.8975736,0.2614922288915446,False
ISIC_0033447,nv,0.9647088,0.11065330633351202,False
ISIC_0033639,nv,0.9345595,0.18200648484715867,False
ISIC_0033194,nv,0.97545356,0.08099717137873756,False
ISIC_0034258,nv,0.9534364,0.13824794733786003,False
ISIC_0034023,nv,0.96193343,0.11730776310444219,False
ISIC_0033243,nv,0.96868503,0.10023617857461134,False
ISIC_0032648,nv,0.93626076,0.17879514399279905,False
ISIC_0032620,nv,0.944441,0.1611753996097206,False
ISIC_0030420,nv,0.913135,0.22128079096319558,False
ISIC_0033671,nv,0.9388742,0.17312417098355035,False
ISIC_0033711,nv,0.97046596,0.09353129596746816,False
ISIC_0034084,nv,0.9767662,0.07728712398172465,False
ISIC_0033273,nv,0.9358908,0.1802236539460551,False
ISIC_0034176,nv,0.9645014,0.11127577633324573,False
ISIC_0033104,nv,0.90704954,0.2385038061553062,False
ISIC_0032579,nv,0.8996547,0.25613868211808954,False
ISIC_0033189,nv,0.9525761,0.13953636765593297,False
ISIC_0032693,nv,0.9824509,0.061130211282791655,False
ISIC_0032734,nv,0.9707544,0.09304280477265209,False
ISIC_0032659,nv,0.9620954,0.11552616509014657,False
ISIC_0033128,nv,0.9559788,0.13320202496719144,False
ISIC_0033115,nv,0.9286672,0.19467572157774837,False
ISIC_0032625,nv,0.96652293,0.10530699606958187,False
ISIC_0032794,nv,0.95072573,0.1444805194323311,False
ISIC_0032801,nv,0.93817455,0.17293098298112336,False
ISIC_0032974,nv,0.93863416,0.17470637061528704,False
ISIC_0033746,nv,0.9651496,0.10625425133754673,False
ISIC_0028863,nv,0.95236826,0.14016151018669756,False
ISIC_0030126,nv,0.92844415,0.1926330042636764,False
ISIC_0032650,nv,0.9024778,0.24758750174112099,False
ISIC_0034182,nv,0.961634,0.11788597935968463,False
ISIC_0034213,nv,0.91261226,0.22743779705132652,False
ISIC_0032561,nv,0.7672468,0.42937719760981496,True
ISIC_0033839,nv,0.9196213,0.21187199614418611,False
ISIC_0033093,nv,0.88685256,0.2753692964944509,False
ISIC_0033501,nv,0.90543276,0.24249036479298963,False
ISIC_0032677,nv,0.9247772,0.205543136355783,False
ISIC_0032769,nv,0.9325025,0.1853259828026075,False
ISIC_0033922,nv,0.95466655,0.1356508138443163,False
ISIC_0033108,nv,0.76626366,0.47915614347507024,True
ISIC_0026429,nv,0.85850996,0.31709269779489413,False
ISIC_0033914,nv,0.9438594,0.16138321378483805,False
ISIC_0033978,nv,0.9325084,0.18834162393483203,False
ISIC_0033718,nv,0.95003945,0.14713173147641942,False
ISIC_0034237,nv,0.8586103,0.3251441684728626,False
ISIC_0034032,nv,0.853408,0.3042296604473145,False
ISIC_0033075,nv,0.8986477,0.2586358828610517,False
ISIC_0033406,nv,0.8634303,0.3180569837477091,False
ISIC_0033493,nv,0.35168234,0.7656473348370061,True
ISIC_0033007,nv,0.8132551,0.39607112040433523,True
ISIC_0032574,nv,0.93689865,0.16971114209970278,False
ISIC_0033398,nv,0.94917196,0.1468444918232152,False
ISIC_0033244,nv,0.8658375,0.3122800590497978,False
ISIC_0033181,nv,0.9511827,0.14235756492587648,False
ISIC_0033661,nv,0.95294166,0.13525910809276465,False
ISIC_0034004,nv,0.977705,0.07329492929006205,False
ISIC_0033645,nv,0.9448164,0.15957440802626532,False
ISIC_0028829,nv,0.92652035,0.20004663597406308,False
ISIC_0033530,nv,0.9720852,0.0904359843113317,False
ISIC_0032994,nv,0.94881153,0.13766086348681883,False
ISIC_0033604,nv,0.953265,0.13853805096414604,False
ISIC_0033634,nv,0.94358844,0.16310417061508345,False
ISIC_0034226,nv,0.9485061,0.14936373137507955,False
ISIC_0033116,nv,0.9256498,0.19770064382060162,False
ISIC_0033136,nv,0.89960927,0.24236082744365336,False
ISIC_0033215,nv,0.95853996,0.12352122162454916,False
ISIC_0033412,nv,0.811664,0.3890568061814449,True
ISIC_0033514,nv,0.8375586,0.3365264551603304,True
ISIC_0033876,nv,0.7916726,0.39786801080965856,True
ISIC_0032737,nv,0.9096405,0.22987413453745936,False
ISIC_0031482,nv,0.9018937,0.24989365863262647,False
ISIC_0032944,nv,0.9001277,0.2522067993301496,False
ISIC_0033516,nv,0.93707657,0.1780398974442275,False
ISIC_0033519,nv,0.9389593,0.16627030051469718,False
ISIC_0032851,nv,0.9542072,0.13708027335014494,False
ISIC_0033080,nv,0.9319138,0.18832659956267564,False
ISIC_0034129,nv,0.9441425,0.1588704220012488,False
ISIC_0033768,nv,0.9593218,0.12359242275212828,False
ISIC_0025257,nv,0.7443807,0.41404853979999334,True
ISIC_0033006,nv,0.92853934,0.19298366483951027,False
ISIC_0032518,nv,0.93912184,0.16931242191140533,False
ISIC_0033548,nv,0.9387937,0.1699660510193472,False
ISIC_0033433,nv,0.97666794,0.07761342547099911,False
ISIC_0032934,nv,0.90441,0.2485165470412021,False
ISIC_0033077,nv,0.9394786,0.16748335392616295,False
ISIC_0033951,nv,0.961801,0.114709496273957,False
ISIC_0033149,nv,0.9509205,0.14221128788360757,False
ISIC_0033343,nv,0.9060456,0.2433469837363657,False
ISIC_0033502,nv,0.9585878,0.12444736466313829,False
ISIC_0034285,nv,0.9071011,0.23767143143325892,False
ISIC_0033966,nv,0.8785396,0.2961077390946065,False
ISIC_0034244,nv,0.9624652,0.11525260971474229,False
ISIC_0032855,nv,0.90308195,0.24889750140717395,False
ISIC_0032792,nv,0.91940814,0.21393618559868954,False
ISIC_0034187,nv,0.9727348,0.0887769857864469,False
ISIC_0027837,nv,0.98049784,0.06667752804250845,False
ISIC_0033179,nv,0.9295044,0.19172622750295862,False
ISIC_0034251,nv,0.94231945,0.16458149063364272,False
ISIC_0033721,nv,0.9541207,0.1353564219160896,False
ISIC_0034295,nv,0.9281369,0.19295151789031936,False
ISIC_0033929,nv,0.89594257,0.26244738688737157,False
ISIC_0033044,nv,0.94030464,0.16378619440801814,False
ISIC_0033787,nv,0.93788433,0.17493793892008297,False
ISIC_0033599,nv,0.89579827,0.2606085017537579,False
ISIC_0033512,nv,0.85708725,0.2988292180290655,False
ISIC_0032788,nv,0.9783998,0.07200814005826295,False
ISIC_0033221,nv,0.9591218,0.12467458340453727,False
ISIC_0033340,nv,0.80298334,0.4031893034263741,True
ISIC_0032920,nv,0.9083381,0.22762505800785693,False
ISIC_0033673,nv,0.92648065,0.19657401500860436,False
ISIC_0033737,nv,0.97042346,0.09456348258690432,False
ISIC_0033932,nv,0.9714875,0.0921583807858,False
ISIC_0033062,nv,0.9730662,0.08710208991365348,False
ISIC_0034261,nv,0.89362365,0.26875045560267435,False
ISIC_0032772,nv,0.9057043,0.24095029772781995,False
ISIC_0034041,nv,0.92073524,0.20815434466891056,False
ISIC_0033598,nv,0.87170786,0.3077419941518166,False
ISIC_0034021,nv,0.93875694,0.17291091985418666,False
ISIC_0034220,nv,0.9497833,0.14387972833044385,False
ISIC_0032973,nv,0.87674946,0.300971868093719,False
ISIC_0033425,nv,0.8750257,0.3067353459019735,False
ISIC_0033288,nv,0.76557094,0.4602636004452741,True
ISIC_0033087,nv,0.8962441,0.2544689704960351,False
ISIC_0033669,nv,0.9501562,0.14031492418862487,False
ISIC_0033789,nv,0.9314085,0.17843480410687057,False
ISIC_0033419,nv,0.95424074,0.13669869105424606,False
ISIC_0032338,nv,0.93341416,0.18506378376966395,False
ISIC_0034067,nv,0.87723446,0.28816911201913387,False
ISIC_0033224,nv,0.9752348,0.08197946054202127,False
ISIC_0033360,nv,0.96671385,0.10505660518233922,False
ISIC_0033294,nv,0.60725886,0.5183951170461889,True
ISIC_0033030,nv,0.96023566,0.12235654944819255,False
ISIC_0032657,nv,0.85293907,0.2939216852881678,False
ISIC_0032605,nv,0.961915,0.11681350567505233,False
ISIC_0032779,nv,0.9365941,0.17675403479195484,False
ISIC_0033950,nv,0.88187283,0.29470583192874666,False
ISIC_0032886,nv,0.95210373,0.140415592076682,False
ISIC_0032581,nv,0.9391136,0.1725461231973127,False
ISIC_0033167,nv,0.8598043,0.3239989161781516,False
ISIC_0033937,nv,0.93323845,0.18467215459493266,False
ISIC_0033703,nv,0.90788937,0.229196337785009,False
ISIC_0034245,nv,0.96023643,0.12213064017042188,False
ISIC_0033435,nv,0.9156194,0.2205608003827219,False
ISIC_0034016,nv,0.91161627,0.2279548896885504,False
ISIC_0033880,nv,0.9125273,0.22727260553442646,False
ISIC_0033994,nv,0.94560057,0.15774685626206628,False
ISIC_0032755,nv,0.85408235,0.3348255001955654,False
ISIC_0033724,nv,0.9581503,0.12346427144324071,False
ISIC_0033786,nv,0.9664639,0.10562817456957364,False
ISIC_0032494,nv,0.9368131,0.1725807971815758,False
ISIC_0032760,nv,0.9223298,0.20849289079176203,False
ISIC_0034128,nv,0.9566916,0.12941259038050199,False
ISIC_0033564,nv,0.9039879,0.24596399657247722,False
ISIC_0032627,nv,0.9560247,0.13172150403754074,False
ISIC_0033845,nv,0.9146563,0.21889442751003557,False
ISIC_0032884,nv,0.95690084,0.1295707980913844,False
ISIC_0033541,nv,0.9703197,0.09567084467089675,False
ISIC_0032670,nv,0.93289554,0.18737684789036674,False
ISIC_0033441,nv,0.9605302,0.12077354575984196,False
ISIC_0034009,nv,0.7529882,0.41362084294286827,True
ISIC_0034305,nv,0.9339383,0.18010469951329386,False
ISIC_0034097,nv,0.96129,0.11901286853287117,False
ISIC_0032380,nv,0.94597006,0.15675478823882144,False
ISIC_0025447,nv,0.95091003,0.14526471201900218,False
ISIC_0032962,nv,0.95700663,0.12312211089446783,False
ISIC_0034272,nv,0.90020967,0.2433900811708694,False
ISIC_0032911,nv,0.84995717,0.3226417298753872,True
ISIC_0034122,nv,0.9316822,0.19053663722925393,False
ISIC_0033281,nv,0.93844616,0.17538367727608703,False
ISIC_0033285,nv,0.86364055,0.32244832745786317,False
ISIC_0033781,nv,0.9149501,0.2125086711440983,False
ISIC_0034069,nv,0.86379695,0.284148216335197,False
ISIC_0032673,nv,0.9685121,0.10034419017974185,False
ISIC_0033684,nv,0.9360089,0.18014015458112473,False
ISIC_0033148,nv,0.9400329,0.17097302089183583,False
ISIC_0033109,nv,0.93045795,0.1921777703819466,False
ISIC_0032986,nv,0.94135106,0.16859511151964457,False
ISIC_0033909,nv,0.7817464,0.4511732886221794,True
ISIC_0033293,nv,0.9475686,0.15041506985729,False
ISIC_0033026,nv,0.9535574,0.13649727870131145,False
ISIC_0033774,nv,0.94320834,0.16183991794151895,False
ISIC_0034191,nv,0.940981,0.16874002549451092,False
ISIC_0033719,nv,0.93273646,0.18584725653422354,False
ISIC_0033723,nv,0.9132034,0.2273532102955469,False
ISIC_0033396,nv,0.87336236,0.27347233550026934,False
ISIC_0034231,nv,0.8727927,0.3055191222101445,False
ISIC_0034033,nv,0.88043797,0.2958709941967536,False
ISIC_0032752,nv,0.90791315,0.2276269571130021,False
ISIC_0033794,nv,0.97101855,0.09276496109530714,False
ISIC_0033462,nv,0.92452306,0.2057795290002622,False
ISIC_0033191,nv,0.951525,0.1438415164970797,False
ISIC_0033875,nv,0.929272,0.19183345036683933,False
ISIC_0034200,nv,0.9177354,0.21774424366809278,False
ISIC_0032881,nv,0.7749474,0.43336828959526424,True
ISIC_0033329,nv,0.9545612,0.1345983267098003,False
ISIC_0034181,nv,0.60210437,0.5471562068091261,True
ISIC_0033277,nv,0.96142167,0.11916826587444604,False
ISIC_0032824,nv,0.9154164,0.2223268915908928,False
ISIC_0034209,nv,0.87507045,0.2979908549996654,False
ISIC_0034297,nv,0.9390416,0.17335396270611372,False
ISIC_0034171,nv,0.9363361,0.17693181553812357,False
ISIC_0033996,nv,0.9455461,0.1576943245632931,False
ISIC_0033448,nv,0.93216676,0.18867525382581582,False
ISIC_0034304,nv,0.95799077,0.12752374652927953,False
ISIC_0033036,nv,0.94318116,0.16318304474006354,False
ISIC_0033015,nv,0.9280472,0.19615584430793317,False
ISIC_0033928,nv,0.9531073,0.13720837105525824,False
ISIC_0034124,nv,0.9158508,0.21726507187231564,False
ISIC_0033861,nv,0.8859752,0.2775657034870035,False
ISIC_0033407,nv,0.9517748,0.14091792070293876,False
ISIC_0033734,nv,0.9557599,0.1334914700328223,False
ISIC_0033923,nv,0.8981361,0.257986021332672,False
ISIC_0033769,nv,0.8884096,0.2779477911899168,False
ISIC_0032904,nv,0.9253183,0.1996551293222444,False
ISIC_0025970,nv,0.9227876,0.20917273980299825,False
ISIC_0030447,nv,0.86152333,0.31060403749774496,False
ISIC_0032519,nv,0.9155204,0.21569538489302723,False
ISIC_0034090,nv,0.97162163,0.08980865168350455,False
ISIC_0034217,nv,0.87082124,0.31058152391255645,False
ISIC_0032952,nv,0.9261342,0.20025778889854864,False
ISIC_0032966,nv,0.9431803,0.16175196180564308,False
ISIC_0033864,nv,0.8853363,0.28136075881230804,False
ISIC_0033993,nv,0.92451245,0.19684151315751744,False
ISIC_0032926,nv,0.8425824,0.35653340534159295,True
ISIC_0033049,nv,0.97231436,0.08685901977043811,False
ISIC_0033463,nv,0.84406924,0.36070059338316285,True
ISIC_0033757,nv,0.97724575,0.07584417164014699,False
ISIC_0033045,nv,0.95743185,0.12925566916020176,False
ISIC_0033873,nv,0.9539066,0.13578718184602945,False
ISIC_0033143,nv,0.94321704,0.16044554593478338,False
ISIC_0032588,nv,0.90462893,0.24265462207268118,False
ISIC_0032510,nv,0.88948816,0.27171636774775126,False
ISIC_0032798,nv,0.9540042,0.13690391693283507,False
ISIC_0034164,nv,0.95427155,0.13645511550401626,False
ISIC_0032744,nv,0.9462891,0.15424237933933402,False
ISIC_0033033,nv,0.8751646,0.29243955624528933,False
ISIC_0033390,nv,0.7148153,0.4521454466721283,True
ISIC_0033836,nv,0.94695634,0.15306883956717865,False
ISIC_0033585,nv,0.94849014,0.1456820403746493,False
ISIC_0033319,nv,0.8914332,0.27251239911085134,False
ISIC_0029306,nv,0.930905,0.1872403879964691,False
ISIC_0024854,nv,0.9716007,0.0912995181415871,False
ISIC_0030537,nv,0.94938284,0.14806367138031049,False
ISIC_0026348,nv,0.97158605,0.08974526904928509,False
ISIC_0028280,nv,0.9781196,0.07136396052995463,False
ISIC_0029654,nv,0.877487,0.297734506435798,False
ISIC_0028210,nv,0.8764272,0.29587460862267506,False
ISIC_0029531,nv,0.9704716,0.09538232618479237,False
ISIC_0030961,nv,0.93066186,0.18622618927213763,False
ISIC_0030626,nv,0.91667694,0.21904219014261966,False
ISIC_0031163,nv,0.96102715,0.11777491999710343,False
ISIC_0025210,nv,0.92735916,0.191465468114238,False
ISIC_0026372,nv,0.9794805,0.06857626561892258,False
ISIC_0026761,nv,0.97034115,0.09473819260257625,False
ISIC_0032322,nv,0.9066956,0.22540694914441176,False
ISIC_0031053,nv,0.95989007,0.12254740185759827,False
ISIC_0032496,nv,0.873462,0.29037136948076264,False
ISIC_0029775,nv,0.9626367,0.1155223745375383,False
ISIC_0024424,nv,0.95607156,0.1289922448981323,False
ISIC_0028290,nv,0.84919596,0.33190002061164336,True
ISIC_0027246,nv,0.8181099,0.38197583949410535,True
ISIC_0030156,nv,0.96485895,0.10889300433296102,False
ISIC_0024695,nv,0.94671535,0.1547681251572596,False
ISIC_0031411,nv,0.9654447,0.10807088324716119,False
ISIC_0027755,nv,0.9804786,0.0664467867673725,False
ISIC_0025795,nv,0.96081436,0.11300453634148672,False
ISIC_0026498,nv,0.97829986,0.06987365308266075,False
ISIC_0025972,nv,0.9345622,0.18212447441198326,False
ISIC_0031970,nv,0.9446309,0.1584177457853193,False
ISIC_0028060,nv,0.9197124,0.21183840955077227,False
ISIC_0027582,nv,0.8940714,0.25889942964603374,False
ISIC_0025695,nv,0.8693033,0.30664048253690035,False
ISIC_0026427,nv,0.7757891,0.4705853594320872,True
ISIC_0031948,nv,0.7472734,0.5152694962845503,True
ISIC_0031867,nv,0.9359769,0.16544305643961466,False
ISIC_0025988,nv,0.9709697,0.09372012674881615,False
ISIC_0025267,nv,0.9410995,0.16716258894100117,False
ISIC_0029581,nv,0.9327385,0.18606458155043085,False
ISIC_0025887,nv,0.65988296,0.48548932219614216,True
ISIC_0025993,nv,0.9617691,0.11597698048934107,False
ISIC_0028540,nv,0.9720284,0.08999245902543632,False
ISIC_0029704,nv,0.8436847,0.3178593236589725,True
ISIC_0029809,nv,0.9333859,0.18320808236629724,False
ISIC_0030771,nv,0.8713541,0.30720871317476667,False
ISIC_0028734,nv,0.96216846,0.11686713242235676,False
ISIC_0026125,nv,0.9429873,0.1640051887989095,False
ISIC_0029904,nv,0.95909804,0.12430133266669456,False
ISIC_0026370,nv,0.94601744,0.1524033869981718,False
ISIC_0025620,nv,0.9195323,0.21376693551030992,False
ISIC_0029730,nv,0.93241185,0.18830074722811904,False
ISIC_0025618,nv,0.89202523,0.2564822363649932,False
ISIC_0028425,nv,0.93107474,0.1913877120108353,False
ISIC_0024668,nv,0.96346384,0.11355222141844803,False
ISIC_0028538,nv,0.9255584,0.20052487353263174,False
ISIC_0026210,nv,0.9517117,0.14247662656618623,False
ISIC_0025100,nv,0.88665944,0.2831655213147653,False
ISIC_0024319,nv,0.907336,0.2382096439575406,False
ISIC_0030361,nv,0.95693403,0.12996982458696332,False
ISIC_0031796,nv,0.9130107,0.22889079627173659,False
ISIC_0031923,nv,0.94176406,0.16590173627826105,False
ISIC_0028487,nv,0.9657949,0.1053170659214604,False
ISIC_0029222,nv,0.9659682,0.10648810163158967,False
ISIC_0028573,nv,0.7564488,0.4062018049089635,True
ISIC_0024458,nv,0.90970856,0.23387637610795436,False
ISIC_0027909,nv,0.9355095,0.17717995506684736,False
ISIC_0030305,nv,0.9433824,0.16200461936676866,False
ISIC_0030232,nv,0.9273696,0.19809640814363286,False
ISIC_0030243,nv,0.9743077,0.08451686411567715,False
ISIC_0024682,nv,0.9436182,0.16021648934969557,False
ISIC_0032058,nv,0.95222056,0.1416767969927958,False
ISIC_0028625,nv,0.8176601,0.34820540044990783,True
ISIC_0030504,nv,0.9026503,0.24874272433784406,False
ISIC_0030074,nv,0.9385418,0.16939883119550975,False
ISIC_0025226,nv,0.9629708,0.11289385220532532,False
ISIC_0027933,nv,0.92842454,0.19090163298586085,False
ISIC_0028513,nv,0.96450603,0.11027365377348644,False
ISIC_0024361,nv,0.90102243,0.24318594268312965,False
ISIC_0026705,nv,0.96458846,0.10981161221242584,False
ISIC_0031645,nv,0.9163142,0.20916103886484588,False
ISIC_0031726,nv,0.85754484,0.3152686379337039,False
ISIC_0027248,nv,0.95318496,0.13409952061728053,False
ISIC_0027567,nv,0.9795638,0.06860880310989738,False
ISIC_0026913,nv,0.8640468,0.3153536994657698,False
ISIC_0026424,nv,0.79867595,0.3556185573840082,True
ISIC_0025734,nv,0.96266955,0.11276406981016389,False
ISIC_0030455,nv,0.93031776,0.1930537632608761,False
ISIC_0028581,nv,0.9138226,0.22763652921554822,False
ISIC_0027285,nv,0.9041686,0.24512146776404903,False
ISIC_0024674,nv,0.96402067,0.10754277120548618,False
ISIC_0026886,nv,0.95398754,0.13516600599455997,False
ISIC_0027942,nv,0.93274224,0.18597489477841464,False
ISIC_0027003,nv,0.92817163,0.19594277696293838,False
ISIC_0030264,nv,0.8571467,0.3245524746972352,False
ISIC_0030717,nv,0.9675509,0.1011161381328359,False
ISIC_0026067,nv,0.9567068,0.12949434379392794,False
ISIC_0026419,nv,0.8375502,0.36567453354268453,True
ISIC_0027052,nv,0.9579191,0.12751239784450086,False
ISIC_0030773,nv,0.9418963,0.16680269320063082,False
ISIC_0028692,nv,0.91322327,0.23026706551813692,False
ISIC_0032260,nv,0.9424269,0.1660754890836784,False
ISIC_0029664,nv,0.93222356,0.1844463448670285,False
ISIC_0024936,nv,0.9640382,0.10825081580198229,False
ISIC_0029276,nv,0.80380124,0.42294033387396335,True
ISIC_0030116,nv,0.9360795,0.1763662957196983,False
ISIC_0026270,nv,0.95545995,0.13327068374433432,False
ISIC_0025096,nv,0.942202,0.16262535107267997,False
ISIC_0030933,nv,0.8994067,0.2597588053549431,False
ISIC_0025043,nv,0.91359764,0.22168677063406403,False
ISIC_0025227,nv,0.9779545,0.07340970262843116,False
ISIC_0030268,nv,0.98042667,0.06618460304979303,False
ISIC_0032347,nv,0.97551334,0.0796232989868148,False
ISIC_0027398,nv,0.97652507,0.0773258335644212,False
ISIC_0032407,nv,0.9678776,0.10108832543167787,False
ISIC_0026272,nv,0.9311795,0.18679717667553727,False
ISIC_0024658,nv,0.95392007,0.13561722725090244,False
ISIC_0029027,nv,0.96470314,0.10710134412446892,False
ISIC_0032291,nv,0.95757514,0.12513383756933644,False
ISIC_0028957,nv,0.95888865,0.12301017089845238,False
ISIC_0027925,nv,0.85412985,0.33211706995129736,False
ISIC_0031917,nv,0.87834287,0.29006867662520797,False
ISIC_0024975,nv,0.9577897,0.12487892099200998,False
ISIC_0025782,nv,0.9695562,0.09482214377074683,False
ISIC_0031079,nv,0.93531704,0.1808358243634492,False
ISIC_0028524,nv,0.9126413,0.22937457799209995,False
ISIC_0027412,nv,0.4570678,0.5835324018968409,True
ISIC_0029257,nv,0.89056486,0.2730069628475227,False
ISIC_0030225,nv,0.90018386,0.2550865778676754,False
ISIC_0024846,nv,0.6424589,0.6000190237535548,True
ISIC_0029313,nv,0.9664147,0.09957234943419631,False
ISIC_0030508,nv,0.96575546,0.10008391322498957,False
ISIC_0026804,nv,0.9363177,0.1753953169527831,False
ISIC_0031194,nv,0.9495739,0.14534631227878742,False
ISIC_0025665,nv,0.9197838,0.20758223924393357,False
ISIC_0030597,nv,0.95253956,0.1378732875865225,False
ISIC_0026692,nv,0.93590206,0.1743068233973296,False
ISIC_0024503,nv,0.82723135,0.38546860016332113,True
ISIC_0029667,nv,0.82094437,0.3850135806966884,True
ISIC_0029566,nv,0.9331938,0.18508087571597032,False
ISIC_0027519,nv,0.8943458,0.264453270750846,False
ISIC_0024753,nv,0.925544,0.19915381151001652,False
ISIC_0030990,nv,0.8222546,0.3855380093933036,True
ISIC_0027902,nv,0.92051244,0.21295032029789462,False
ISIC_0027226,nv,0.9136271,0.22894424689235418,False
ISIC_0028263,nv,0.95958877,0.11944173701534791,False
ISIC_0028610,nv,0.9092476,0.23501593108722993,False
ISIC_0031360,nv,0.9499879,0.14632380007543397,False
ISIC_0032492,nv,0.9591612,0.12223755672702111,False
ISIC_0027853,nv,0.975161,0.0807596836857271,False
ISIC_0028545,nv,0.970493,0.09363457512509986,False
ISIC_0024941,nv,0.9601152,0.12105290565823022,False
ISIC_0026028,nv,0.9533012,0.13742283209838374,False
ISIC_0031447,nv,0.9653056,0.10794954727528645,False
ISIC_0024837,nv,0.9297027,0.18978004292864384,False
ISIC_0031667,nv,0.92338943,0.2060123991110044,False
ISIC_0026027,nv,0.9562602,0.1297781068594874,False
ISIC_0031839,nv,0.96140814,0.11715973245298682,False
ISIC_0026455,nv,0.9575769,0.1273174332598413,False
ISIC_0028265,nv,0.9503241,0.14536148980458455,False
ISIC_0028057,nv,0.952679,0.13771446726107714,False
ISIC_0031502,nv,0.95372593,0.1360003870293009,False
ISIC_0025020,nv,0.9682816,0.10116530045151281,False
ISIC_0026106,nv,0.9676023,0.1031667275440418,False
ISIC_0031657,nv,0.94994324,0.14546929465230007,False
ISIC_0030077,nv,0.9316305,0.18742248767530667,False
ISIC_0029865,nv,0.9344629,0.1798247806041169,False
ISIC_0025545,nv,0.9581293,0.1259863213644126,False
ISIC_0032003,nv,0.95738417,0.1273043156505121,False
ISIC_0025840,nv,0.9228998,0.20751716426198397,False
ISIC_0030466,nv,0.9460303,0.1555853376688738,False
ISIC_0024529,nv,0.8879553,0.2597035475213648,False
ISIC_0025662,nv,0.9363086,0.1764907177374339,False
ISIC_0027510,nv,0.9280742,0.19562234891578623,False
ISIC_0027338,nv,0.9309875,0.19091520239843024,False
ISIC_0025534,nv,0.9687024,0.09971553277292232,False
ISIC_0024355,nv,0.9155408,0.21676707749409177,False
ISIC_0029938,nv,0.9739863,0.08497908180342459,False
ISIC_0024777,nv,0.9739863,0.08497908180342459,False
ISIC_0029196,nv,0.9589268,0.11972381539085926,False
ISIC_0024394,nv,0.94549966,0.15682484071409503,False
ISIC_0029516,nv,0.9429264,0.16418986145891143,False
ISIC_0028944,nv,0.94118714,0.16771279339535264,False
ISIC_0027827,nv,0.9507616,0.13926508661209366,False
ISIC_0025491,nv,0.95289963,0.13731876419950223,False
ISIC_0031631,nv,0.9331007,0.18359242142772939,False
ISIC_0027150,nv,0.9492274,0.14787615006259083,False
ISIC_0030588,nv,0.8856277,0.27828650578177305,False
ISIC_0025511,nv,0.8957369,0.25795921944554284,False
ISIC_0029640,nv,0.96533924,0.10629302983938162,False
ISIC_0029724,nv,0.95618856,0.13090629783862023,False
ISIC_0027707,nv,0.96021116,0.11836033447346057,False
ISIC_0027423,nv,0.93242496,0.186883861636195,False
ISIC_0030057,nv,0.9435509,0.16230057346213086,False
ISIC_0028737,nv,0.9713604,0.09197752930913447,False
ISIC_0032165,nv,0.92442787,0.19933050486533602,False
ISIC_0024718,nv,0.8811103,0.27523314290783474,False
ISIC_0024834,nv,0.9269081,0.19338665801438432,False
ISIC_0024587,nv,0.94601595,0.15633361572679177,False
ISIC_0029666,nv,0.9446638,0.15912260478608806,False
ISIC_0027698,nv,0.91865057,0.2174913104304139,False
ISIC_0025412,nv,0.9520734,0.14061138369100154,False
ISIC_0025785,nv,0.9760444,0.07803871015828258,False
ISIC_0028494,nv,0.97995573,0.06666203655174781,False
ISIC_0031541,nv,0.92155135,0.206089511969116,False
ISIC_0027596,nv,0.9410615,0.164612672714897,False
ISIC_0028960,nv,0.89398634,0.258810876210959,False
ISIC_0025240,nv,0.9686233,0.0999002973251087,False
ISIC_0026933,nv,0.9344335,0.18431055884915012,False
ISIC_0024349,nv,0.86165583,0.3252658337250649,False
ISIC_0026126,nv,0.79943717,0.4212944529584078,True
ISIC_0028271,nv,0.9288983,0.19408859178061497,False
ISIC_0026305,nv,0.9042508,0.2419003250766822,False
ISIC_0028454,nv,0.91178656,0.2278619407439865,False
ISIC_0030852,nv,0.9099535,0.23238707947468937,False
ISIC_0030652,nv,0.9434327,0.15928283412502822,False
ISIC_0031204,nv,0.92636126,0.19731642728208207,False
ISIC_0030179,nv,0.9689886,0.09746762786867154,False
ISIC_0029215,nv,0.93749285,0.17266474069206433,False
ISIC_0028362,nv,0.94947094,0.14601948379128746,False
ISIC_0027658,nv,0.95929784,0.12135559851378491,False
ISIC_0028678,nv,0.92646366,0.19847923098402168,False
ISIC_0030610,nv,0.84762764,0.3543634632981599,True
ISIC_0024694,nv,0.7734739,0.4723828318212453,True
ISIC_0027122,nv,0.9443663,0.1578307385110985,False
ISIC_0031340,nv,0.955023,0.13270770627634532,False
ISIC_0024793,nv,0.9690504,0.09646770306365686,False
ISIC_0024938,nv,0.9466087,0.15084981178188905,False
ISIC_0030065,nv,0.97066724,0.0922395369000271,False
ISIC_0025231,nv,0.9451552,0.15392819996072396,False
ISIC_0027514,nv,0.93679976,0.17549287582193326,False
ISIC_0029382,nv,0.9605545,0.12007931562174044,False
ISIC_0030093,nv,0.96603817,0.10553793644445078,False
ISIC_0028645,nv,0.9713984,0.0919358255727615,False
ISIC_0031857,nv,0.9325914,0.1846229769608917,False
ISIC_0028621,nv,0.92550826,0.1989669181222239,False
ISIC_0025683,nv,0.8795411,0.2917084926565903,False
ISIC_0031621,nv,0.8654034,0.31885209618896476,False
ISIC_0031822,nv,0.7754884,0.46941351966534406,True
ISIC_0030654,nv,0.8603241,0.32946132455944316,False
ISIC_0031984,nv,0.9290321,0.19489499164519306,False
ISIC_0026487,nv,0.937605,0.17673698879174068,False
ISIC_0030945,nv,0.7609583,0.4677268079891677,True
ISIC_0024721,nv,0.5900717,0.5727505081117944,True
ISIC_0027020,nv,0.9481927,0.14857423967243896,False
ISIC_0028390,nv,0.94995284,0.14419484194626242,False
ISIC_0029199,nv,0.6470002,0.5139811065972055,True
ISIC_0026611,nv,0.92657644,0.19722046121079562,False
ISIC_0026052,nv,0.9480229,0.15011007969712425,False
ISIC_0029609,nv,0.9051803,0.23758885099017296,False
ISIC_0029269,nv,0.9497412,0.14657844863388914,False
ISIC_0024518,nv,0.94719523,0.14968098914186845,False
ISIC_0031623,nv,0.9617852,0.11845918749087496,False
ISIC_0028706,nv,0.877938,0.2989342201651555,False
ISIC_0027364,nv,0.95385826,0.13506835523322538,False
ISIC_0029493,nv,0.93139684,0.18856228770040742,False
ISIC_0027667,nv,0.4960952,0.5409480320896246,True
ISIC_0024328,nv,0.87684697,0.29790472139211427,False
ISIC_0029482,nv,0.95370424,0.13795364730181778,False
ISIC_0025386,nv,0.94082856,0.16866690994642258,False
ISIC_0028518,nv,0.9409179,0.1693691500199347,False
ISIC_0026764,nv,0.8735054,0.2929890102468012,False
ISIC_0032305,nv,0.75585234,0.48279700371487977,True
ISIC_0024870,nv,0.95410025,0.13725923337934734,False
ISIC_0031756,nv,0.94851226,0.14940646124084547,False
ISIC_0028999,nv,0.91117185,0.22599461497928774,False
ISIC_0024406,nv,0.9101445,0.2290423417992469,False
ISIC_0028723,nv,0.7829075,0.42483064800013687,True
ISIC_0027751,nv,0.9332398,0.1768243323130536,False
ISIC_0025942,nv,0.9571193,0.12591606213172402,False
ISIC_0030127,nv,0.88962317,0.2699604306259613,False
ISIC_0025969,nv,0.885762,0.28594336078901583,False
ISIC_0031725,nv,0.9092799,0.23099526513375415,False
ISIC_0027040,nv,0.9475314,0.15285031995257362,False
ISIC_0026888,nv,0.8224775,0.3366604339652481,True
ISIC_0026030,nv,0.7050412,0.4549130861139057,True
ISIC_0030397,nv,0.9251048,0.2048166826916702,False
ISIC_0027129,nv,0.852841,0.34883964030693226,False
ISIC_0032427,nv,0.9249598,0.20215043096006138,False
ISIC_0024428,nv,0.94841874,0.15103806823708427,False
ISIC_0027897,nv,0.95263654,0.13935693285044426,False
ISIC_0027390,nv,0.9529219,0.13713211585753476,False
ISIC_0028758,nv,0.6063414,0.5150834452417817,True
ISIC_0028167,nv,0.577772,0.6133982195011498,True
ISIC_0027147,nv,0.4965748,0.4913234650942332,True
ISIC_0032184,nv,0.9013351,0.21823122629954758,False
ISIC_0031399,nv,0.7929576,0.40451739053739827,True
ISIC_0025149,nv,0.9583367,0.12497237534358835,False
ISIC_0025938,nv,0.95959216,0.12325423654033255,False
ISIC_0029277,nv,0.9041963,0.2407168762639711,False
ISIC_0028117,nv,0.88769805,0.26663169750597593,False
ISIC_0030621,nv,0.84181243,0.34367735180003095,True
ISIC_0031727,nv,0.8287714,0.3513298266131486,True
ISIC_0028757,nv,0.9458187,0.15703646841486688,False
ISIC_0031483,nv,0.92515033,0.19682099056965854,False
ISIC_0027323,nv,0.63841915,0.5889062568430578,True
ISIC_0032436,nv,0.54976255,0.6418858381231851,True
ISIC_0025518,nv,0.87516,0.30225514244946317,False
ISIC_0026101,nv,0.9420855,0.16205954026233732,False
ISIC_0028825,nv,0.9255584,0.20282864122734173,False
ISIC_0025181,nv,0.8903496,0.26027052229937714,False
ISIC_0031603,nv,0.92979515,0.18847557210902155,False
ISIC_0029867,nv,0.9298614,0.19050487316416484,False
ISIC_0024996,nv,0.90669566,0.24135716568980467,False
ISIC_0028092,nv,0.7057295,0.4097768397139838,True
ISIC_0027978,nv,0.9338558,0.17512446473913787,False
ISIC_0027045,nv,0.89305216,0.26803819928105793,False
ISIC_0027213,nv,0.91831475,0.21717013193042212,False
ISIC_0032176,nv,0.95906764,0.12433168771828884,False
ISIC_0029589,nv,0.90315557,0.24005375163030346,False
ISIC_0025633,nv,0.95733446,0.12767428124276098,False
ISIC_0031564,nv,0.954998,0.131739606797876,False
ISIC_0027236,nv,0.8873048,0.2573567742843356,False
ISIC_0025742,nv,0.7296187,0.5112694907572102,True
ISIC_0032141,nv,0.8458376,0.343044245279948,True
ISIC_0031798,nv,0.961105,0.11993390389754169,False
ISIC_0031015,nv,0.971,0.09173707043549369,False
ISIC_0028484,nv,0.9042576,0.2441170708727248,False
ISIC_0027293,nv,0.9336456,0.18154203111625644,False
ISIC_0032163,nv,0.92499864,0.20165133387562423,False
ISIC_0030842,nv,0.901828,0.24239896270019715,False
ISIC_0025562,nv,0.9453348,0.15413782134880213,False
ISIC_0028598,nv,0.9294118,0.19141258416209114,False
ISIC_0026147,nv,0.95843124,0.12567184333620313,False
ISIC_0027874,nv,0.95458496,0.13502198031080992,False
ISIC_0030967,nv,0.9516748,0.13952310455064507,False
ISIC_0032474,nv,0.9353056,0.18103763491584973,False
ISIC_0030819,nv,0.8292865,0.29933977100582987,True
ISIC_0025657,nv,0.9337195,0.1834335551561918,False
ISIC_0032015,nv,0.8220127,0.4032678406133446,True
ISIC_0031285,nv,0.95521593,0.13480454808705408,False
ISIC_0028304,nv,0.9536366,0.13824756445375816,False
ISIC_0026615,nv,0.97970366,0.06458429300003905,False
ISIC_0024862,nv,0.91927344,0.20662069474128783,False
ISIC_0029459,nv,0.8349894,0.3428212229483052,True
ISIC_0029528,nv,0.9092307,0.23090040176868099,False
ISIC_0028135,nv,0.9053114,0.24676307569302802,False
ISIC_0026782,nv,0.8161958,0.3678920144762027,True
ISIC_0029438,nv,0.8371041,0.3592319418606693,True
ISIC_0029994,nv,0.9472398,0.1531064234706158,False
ISIC_0029926,nv,0.89293534,0.2716271098059291,False
ISIC_0031934,nv,0.97369236,0.08616527206630491,False
ISIC_0027495,nv,0.9451809,0.15499975472351185,False
ISIC_0028212,nv,0.8014738,0.37305261829305586,True
ISIC_0030399,nv,0.64624083,0.5064617529286174,True
ISIC_0032136,nv,0.77043635,0.42770540309824645,True
ISIC_0031353,nv,0.9031929,0.2250899057927199,False
ISIC_0025960,nv,0.95937216,0.12372264929284785,False
ISIC_0025198,nv,0.9333905,0.17909768369471302,False
ISIC_0029162,nv,0.9755719,0.08065442118844783,False
ISIC_0027486,nv,0.91458875,0.21361047375093192,False
ISIC_0025410,nv,0.9168974,0.21694891681174006,False
ISIC_0031932,nv,0.8654501,0.2814661285171358,False
ISIC_0030592,nv,0.92000455,0.2139632172162798,False
ISIC_0026987,nv,0.9598558,0.12300672494153578,False
ISIC_0024841,nv,0.91564476,0.20826363510694124,False
ISIC_0029121,nv,0.98330325,0.057624256427426274,False
ISIC_0031302,nv,0.9667985,0.10290875555158262,False
ISIC_0029457,nv,0.9735136,0.08505636313054102,False
ISIC_0027237,nv,0.9725841,0.08756850401115715,False
ISIC_0030525,nv,0.9433409,0.14660782350218268,False
ISIC_0026901,nv,0.9343477,0.18241028973632864,False
ISIC_0025245,nv,0.9290811,0.1954988764506232,False
ISIC_0030296,nv,0.7757711,0.3891326172336102,True
ISIC_0028679,nv,0.9737868,0.08625525748792055,False
ISIC_0029001,nv,0.92316514,0.19903903817164742,False
ISIC_0026739,nv,0.93872195,0.17309977360858078,False
ISIC_0024899,nv,0.9646467,0.10828900466230032,False
ISIC_0027671,nv,0.97221273,0.08973224333214032,False
ISIC_0026546,nv,0.9398683,0.1716029265008274,False
ISIC_0030121,nv,0.96054935,0.11918393349189355,False
ISIC_0031126,nv,0.9622861,0.11563674201875944,False
ISIC_0029736,nv,0.9227157,0.2089522904525199,False
ISIC_0024343,nv,0.92949265,0.186412194368814,False
ISIC_0031311,nv,0.918301,0.21317997418218132,False
ISIC_0025506,nv,0.93317,0.1803587354571861,False
ISIC_0025013,nv,0.9507633,0.13826785731115596,False
ISIC_0027724,nv,0.94247067,0.16038962954054992,False
ISIC_0030796,nv,0.90696716,0.24235715175627565,False
ISIC_0026592,nv,0.9083664,0.23777755159092634,False
ISIC_0030914,nv,0.89794815,0.2606246135167635,False
ISIC_0029197,nv,0.7550654,0.41950583284968435,True
ISIC_0028408,nv,0.908576,0.2333882601395581,False
ISIC_0028998,nv,0.9201187,0.21478085855808807,False
ISIC_0025118,nv,0.92593795,0.18973982478258603,False
ISIC_0026512,nv,0.971501,0.09092016423116098,False
ISIC_0032300,nv,0.9148758,0.21644331069757153,False
ISIC_0026034,nv,0.9614703,0.11621281412303157,False
ISIC_0026404,nv,0.77562696,0.440571534149369,True
ISIC_0029183,nv,0.95748067,0.1284871901370704,False
ISIC_0028420,nv,0.8586763,0.28556115056319,False
ISIC_0032126,nv,0.91722745,0.21237175178927847,False
ISIC_0026573,nv,0.97092384,0.09157949831222034,False
ISIC_0025563,nv,0.86146796,0.31135035518906146,False
ISIC_0026340,nv,0.9467817,0.1536364269597539,False
ISIC_0029298,nv,0.8522332,0.3358870999717053,False
ISIC_0028217,nv,0.6054982,0.47930972594600235,True
ISIC_0032067,nv,0.9223516,0.21069119688945978,False
ISIC_0024790,nv,0.9402638,0.1690900734557818,False
ISIC_0028551,nv,0.9457198,0.14327757416115405,False
ISIC_0024963,nv,0.9371695,0.17606398574824547,False
ISIC_0027114,nv,0.9728079,0.08744189955404104,False
ISIC_0032489,nv,0.89397776,0.26597500532521934,False
ISIC_0025597,nv,0.8714754,0.2975831906387488,False
ISIC_0025225,nv,0.94712925,0.14964746380991087,False
ISIC_0027569,nv,0.9797615,0.06808678658312375,False
ISIC_0026698,nv,0.7740916,0.4214181092079397,True
ISIC_0030544,nv,0.97114456,0.09170674601462755,False
ISIC_0030962,nv,0.9748881,0.08051933201963483,False
ISIC_0025305,nv,0.9545276,0.13488002220120981,False
ISIC_0025926,nv,0.550286,0.5660089298923303,True
ISIC_0029577,nv,0.96256393,0.11477414242571253,False
ISIC_0024560,nv,0.8994046,0.2503931386011655,False
ISIC_0029993,nv,0.8335688,0.32518061903935824,True
ISIC_0026741,nv,0.92308205,0.20661576319405606,False
ISIC_0026222,nv,0.82765573,0.3617406291266868,True
ISIC_0031117,nv,0.9710335,0.09282190361893355,False
ISIC_0029138,nv,0.9188376,0.21833837258660793,False
ISIC_0029349,nv,0.9736285,0.08602941712928822,False
ISIC_0032047,nv,0.9432848,0.15810829885420807,False
ISIC_0027963,nv,0.9295365,0.19319745200661653,False
ISIC_0024425,nv,0.948926,0.1425512430199538,False
ISIC_0032243,nv,0.8521435,0.3120879431228559,False
ISIC_0029109,nv,0.5984665,0.6113745085538934,True
ISIC_0028675,nv,0.93256295,0.18737104336738275,False
ISIC_0030328,nv,0.8951524,0.24126078610368823,False
ISIC_0031363,nv,0.87756187,0.26308668081454034,False
ISIC_0026654,nv,0.8300367,0.3631249848853181,True
ISIC_0028297,nv,0.970656,0.09379082246938082,False
ISIC_0026921,nv,0.97394276,0.0853224905543695,False
ISIC_0027401,nv,0.9536764,0.1340891368004385,False
ISIC_0028637,nv,0.9585291,0.12487504620489931,False
ISIC_0031942,nv,0.8697034,0.30885529859706967,False
ISIC_0028357,nv,0.7171039,0.4238408772815031,True
ISIC_0029452,nv,0.81634104,0.34407754226327947,True
ISIC_0028507,nv,0.91551447,0.222733238830499,False
ISIC_0029773,nv,0.8618797,0.2885468501586502,False
ISIC_0032444,nv,0.90212005,0.24255596049731773,False
ISIC_0028305,nv,0.96034855,0.1209912919485613,False
ISIC_0029645,nv,0.93692154,0.17361680498434837,False
ISIC_0026398,nv,0.9298176,0.18857735801865605,False
ISIC_0026655,nv,0.9808755,0.06560983275146719,False
ISIC_0026672,nv,0.90686,0.2388037881914198,False
ISIC_0028186,nv,0.94473445,0.15866557900676165,False
ISIC_0026099,nv,0.9354098,0.1722643204983547,False
ISIC_0028983,nv,0.9154947,0.22166186785208,False
ISIC_0030180,nv,0.8551681,0.33245811247849283,False
ISIC_0026043,nv,0.9729778,0.087112366522947,False
ISIC_0031451,nv,0.902685,0.2418040680134783,False
ISIC_0025074,nv,0.9099524,0.23364934115092426,False
ISIC_0028859,nv,0.7592851,0.47132763386728826,True
ISIC_0031612,nv,0.7299771,0.4670608959592386,True
ISIC_0028744,nv,0.9188437,0.21765766591498356,False
ISIC_0028529,nv,0.9021047,0.21625401279761927,False
ISIC_0026588,nv,0.8442717,0.3081586026853523,True
ISIC_0030115,nv,0.9093337,0.2290366138530833,False
ISIC_0029898,nv,0.94554055,0.15708703974703858,False
ISIC_0028364,nv,0.7642776,0.4240418454888796,True
ISIC_0024352,nv,0.7865747,0.34708505093718084,True
ISIC_0026885,nv,0.55848455,0.5199287363430835,True
ISIC_0026293,nv,0.82937145,0.29356979948320805,True
ISIC_0029286,nv,0.9354169,0.17745996586820875,False
ISIC_0025784,nv,0.7486331,0.4168984227468471,True
ISIC_0032112,nv,0.8752573,0.28786494888862807,False
ISIC_0031306,nv,0.8695464,0.30162810081355346,False
ISIC_0027490,nv,0.9593834,0.12359171824538089,False
ISIC_0029597,nv,0.97267884,0.08870962115756825,False
ISIC_0026601,nv,0.8841865,0.28210628010469274,False
ISIC_0024439,nv,0.98176783,0.05933153280871273,False
ISIC_0025492,nv,0.97417766,0.08363484464098464,False
ISIC_0030082,nv,0.8758883,0.28556062984081143,False
ISIC_0029679,nv,0.95276034,0.1262285874510141,False
ISIC_0026053,nv,0.9745146,0.08194250456851117,False
ISIC_0030006,nv,0.8926315,0.2658315922560322,False
ISIC_0028599,nv,0.69533837,0.4240318292407753,True
ISIC_0027917,nv,0.9347339,0.1787561663912312,False
ISIC_0026974,nv,0.9708901,0.09287731460615259,False
ISIC_0026097,nv,0.95552886,0.13087811756872442,False
ISIC_0028767,nv,0.88885444,0.24494635189122915,False
ISIC_0028378,nv,0.8423343,0.35311097282420406,True
ISIC_0026852,nv,0.87405044,0.29010907855563467,False
ISIC_0028589,nv,0.7308915,0.5230714490510284,True
ISIC_0029432,nv,0.95369047,0.13508731565394877,False
ISIC_0025846,nv,0.8771703,0.28961653644702107,False
ISIC_0027928,nv,0.78141224,0.4159029240820497,True
ISIC_0031596,nv,0.81624424,0.37701096603011536,True
ISIC_0029881,nv,0.9424388,0.16333024070417687,False
ISIC_0031115,nv,0.89831614,0.23718792538944888,False
ISIC_0026491,nv,0.82714766,0.3550098022928026,True
ISIC_0030039,nv,0.8764107,0.2904889302153932,False
ISIC_0027883,nv,0.7253187,0.4719842647865886,True
ISIC_0028808,nv,0.96319103,0.11448599150834592,False
ISIC_0026513,nv,0.9124983,0.22839934155397226,False
ISIC_0027540,nv,0.9115579,0.22696991267887176,False
ISIC_0031700,nv,0.92546743,0.19168986882864741,False
ISIC_0030209,nv,0.9171937,0.22163304433689313,False
ISIC_0027073,nv,0.9531061,0.13423349942219817,False
ISIC_0031019,nv,0.9052006,0.223779293512104,False
ISIC_0029959,nv,0.9535921,0.13727935776774033,False
ISIC_0024959,nv,0.92227685,0.20878435748545063,False
ISIC_0028202,nv,0.8887902,0.2746147085065345,False
ISIC_0025289,nv,0.95304006,0.13695644863160822,False
ISIC_0028689,nv,0.92582,0.19847606070365842,False
ISIC_0028151,nv,0.7922633,0.3505605665064495,True
ISIC_0028857,nv,0.7678486,0.43490567647172096,True
ISIC_0025341,nv,0.9610946,0.11792116640864421,False
ISIC_0028993,nv,0.97619754,0.0783606620841601,False
ISIC_0029696,nv,0.9374983,0.17407275868818964,False
ISIC_0027466,nv,0.9547594,0.1319252902719068,False
ISIC_0029975,nv,0.96073127,0.12037330935050121,False
ISIC_0031042,nv,0.8841328,0.2780440941992129,False
ISIC_0031049,nv,0.749695,0.459662012944455,True
ISIC_0030219,nv,0.90596765,0.23535035737714555,False
ISIC_0031710,nv,0.81635994,0.38689152000869026,True
ISIC_0028923,nv,0.88401216,0.27772366615206073,False
ISIC_0025476,nv,0.9137232,0.21752527990792958,False
ISIC_0025950,nv,0.9402575,0.16979191532982804,False
ISIC_0027382,nv,0.91541845,0.2260051672651346,False
ISIC_0026437,nv,0.7212135,0.5140411428243749,True
ISIC_0026414,nv,0.86950415,0.2587996041030007,False
ISIC_0024926,nv,0.83909774,0.3545163718930727,True
ISIC_0025424,nv,0.90960765,0.23260688557987663,False
ISIC_0027503,nv,0.92999995,0.19320936735986594,False
ISIC_0029160,nv,0.9128565,0.22348317094773698,False
ISIC_0026559,nv,0.9426088,0.15812052051473896,False
ISIC_0027949,nv,0.41490647,0.7832487926753805,True
ISIC_0026795,nv,0.9623799,0.11406198565396261,False
ISIC_0027181,nv,0.90372396,0.23388176711610834,False
ISIC_0026818,nv,0.9201929,0.21008525982524373,False
ISIC_0032251,nv,0.55774236,0.5187521488134774,True
ISIC_0032253,nv,0.83445257,0.35249345734474824,True
ISIC_0029191,nv,0.9532596,0.13946740257150864,False
ISIC_0024356,nv,0.8271371,0.3745364013952543,True
ISIC_0024476,nv,0.7476015,0.406868850275834,True
ISIC_0028307,nv,0.9222249,0.20643464369851924,False
ISIC_0026551,nv,0.9736603,0.08484308902813124,False
ISIC_0024596,nv,0.9561576,0.13080102002597688,False
ISIC_0030966,nv,0.9450494,0.15675847924156322,False
ISIC_0026103,nv,0.7575429,0.45101027188697784,True
ISIC_0029614,nv,0.9384481,0.17198911872131248,False
ISIC_0032189,nv,0.90332466,0.2467086142583816,False
ISIC_0030425,nv,0.93497807,0.16058208240550137,False
ISIC_0028032,nv,0.69006485,0.4989996787216653,True
ISIC_0028951,nv,0.9416644,0.16502303257989054,False
ISIC_0027469,nv,0.9173337,0.219261184533511,False
ISIC_0026359,nv,0.69950175,0.38434812812768154,True
ISIC_0024781,nv,0.976581,0.07811359463092146,False
ISIC_0030645,nv,0.9389494,0.17359741573343093,False
ISIC_0032107,nv,0.53717,0.5004888834627458,True
ISIC_0031076,nv,0.93574965,0.17849516195668544,False
ISIC_0028400,nv,0.9674531,0.10030393374527385,False
ISIC_0026998,nv,0.92779106,0.1986231800909514,False
ISIC_0032218,nv,0.90909976,0.23721795881839763,False
ISIC_0032028,nv,0.9583796,0.12513980290364318,False
ISIC_0028648,nv,0.7798135,0.37219673448715535,True
ISIC_0030253,nv,0.77933156,0.44565681700570725,True
ISIC_0025684,nv,0.95125866,0.1435559002724673,False
ISIC_0026329,nv,0.9207675,0.2069576021201834,False
ISIC_0028476,nv,0.6876522,0.5306823273353216,True
ISIC_0028580,nv,0.9573973,0.12550588605109936,False
ISIC_0025798,nv,0.92228013,0.20030672148676446,False
ISIC_0026922,nv,0.9539747,0.13164578487755985,False
ISIC_0028150,nv,0.936252,0.17737888633080204,False
ISIC_0030069,nv,0.9707666,0.09405655169374338,False
ISIC_0026133,nv,0.9486585,0.15095265445164466,False
ISIC_0026674,nv,0.95060056,0.1449119532382902,False
ISIC_0031924,nv,0.94715756,0.1533284809343219,False
ISIC_0028963,nv,0.9362128,0.17794684129211505,False
ISIC_0025088,nv,0.94748557,0.15124084365742146,False
ISIC_0026964,nv,0.90335345,0.22309236880266567,False
ISIC_0028905,nv,0.97728944,0.07571229869778949,False
ISIC_0030167,nv,0.89640415,0.22622315084199707,False
ISIC_0032175,nv,0.9513435,0.13865041979035556,False
ISIC_0026786,nv,0.87625086,0.28054144809581577,False
ISIC_0028578,nv,0.9477931,0.14614552923761487,False
ISIC_0024809,nv,0.9821529,0.06146378757000118,False
ISIC_0027461,nv,0.90809447,0.23708411785175665,False
ISIC_0025310,nv,0.8499483,0.3288467496298895,True
ISIC_0026752,nv,0.94792485,0.1515471815696257,False
ISIC_0027889,nv,0.91779745,0.2180504896881126,False
ISIC_0030873,nv,0.956491,0.12441558528268515,False
ISIC_0024363,nv,0.94174767,0.165207398932611,False
ISIC_0028355,nv,0.92591023,0.1986013710125103,False
ISIC_0025171,nv,0.91848904,0.19842380468143858,False
ISIC_0030732,nv,0.9190471,0.21079743957003977,False
ISIC_0030802,nv,0.86447567,0.30699726925836374,False
ISIC_0030742,nv,0.9513931,0.14033405307835306,False
ISIC_0028441,nv,0.9607778,0.11716431940452691,False
ISIC_0031374,nv,0.90792334,0.2376630386137465,False
ISIC_0030422,nv,0.9405699,0.16458750957172372,False
ISIC_0031681,nv,0.7699655,0.44365586468946455,True
ISIC_0025463,nv,0.6181935,0.5450614938340236,True
ISIC_0030008,nv,0.76446086,0.35934588816937846,True
ISIC_0032405,nv,0.92966974,0.17346846036792948,False
ISIC_0031933,nv,0.8410864,0.31434548904879117,True
ISIC_0025579,nv,0.8976124,0.2567651417701645,False
ISIC_0029905,nv,0.68431437,0.5432421511049681,True
ISIC_0027197,nv,0.9084381,0.2338379345441291,False
ISIC_0027627,nv,0.9578663,0.12697988263565463,False
ISIC_0031081,nv,0.8250836,0.37204299886258246,True
ISIC_0025542,nv,0.9425008,0.15732211527020742,False
ISIC_0031662,nv,0.7266678,0.5246654108823737,True
ISIC_0031583,nv,0.8835731,0.2749434681117428,False
ISIC_0032109,nv,0.7852211,0.4617853962811037,True
ISIC_0025533,nv,0.9492999,0.14886428203726867,False
ISIC_0028183,nv,0.9645635,0.10944251959592917,False
ISIC_0026108,nv,0.9620554,0.11687327388335035,False
ISIC_0031113,nv,0.9597631,0.1222119264652436,False
ISIC_0030792,nv,0.80745524,0.36067216806744185,True
ISIC_0032459,nv,0.93686295,0.1692438090803547,False
ISIC_0025655,nv,0.96099347,0.11994766475216201,False
ISIC_0026658,nv,0.9213961,0.2073149555101175,False
ISIC_0025730,nv,0.8781445,0.2939799449331046,False
ISIC_0032195,nv,0.59044605,0.5114225218750356,True
ISIC_0025000,nv,0.94630504,0.15325055636191437,False
ISIC_0031754,nv,0.9524117,0.1387391416944351,False
ISIC_0029803,nv,0.9402282,0.16858700969204954,False
ISIC_0027066,nv,0.957865,0.12373619573237113,False
ISIC_0025106,nv,0.96340674,0.11106120808257171,False
ISIC_0026805,nv,0.92632484,0.2005574033659245,False
ISIC_0024680,nv,0.9407906,0.15835688252849,False
ISIC_0029465,nv,0.9546397,0.13380551157315568,False
ISIC_0031894,nv,0.90326923,0.24819314781341964,False
ISIC_0027091,nv,0.71780145,0.4499559009626808,True
ISIC_0027271,nv,0.9140645,0.2209075861714451,False
ISIC_0024497,nv,0.9738071,0.08621606547125568,False
ISIC_0031594,nv,0.5721843,0.46055198875078385,True
ISIC_0029855,nv,0.60721725,0.5682509154083666,True
ISIC_0029530,nv,0.8003721,0.4248401741565908,True
ISIC_0027360,nv,0.93778825,0.17401474408907805,False
ISIC_0029554,nv,0.68678993,0.5408445002284856,True
ISIC_0025759,nv,0.8677451,0.30824433809343743,False
ISIC_0031366,nv,0.81042635,0.3547485528124316,True
ISIC_0025640,nv,0.8850146,0.2686502624909035,False
ISIC_0031644,nv,0.6088205,0.4390465833485402,True
ISIC_0027036,nv,0.7761074,0.38990742150210406,True
ISIC_0031802,nv,0.9447739,0.1581741242889973,False
ISIC_0026825,nv,0.9393039,0.16209110522769343,False
ISIC_0026445,nv,0.9030171,0.24498710607502955,False
ISIC_0030625,nv,0.91006166,0.23176176847491997,False
ISIC_0029026,nv,0.676672,0.5673890279797491,True
ISIC_0024684,nv,0.9530537,0.1387580255383381,False
ISIC_0028230,nv,0.8825872,0.2807783461473094,False
ISIC_0028281,nv,0.95536256,0.13109499843937358,False
ISIC_0032233,nv,0.9446682,0.1568128181532971,False
ISIC_0028116,nv,0.91019565,0.22874597418905468,False
ISIC_0029174,nv,0.9558761,0.12973182382925638,False
ISIC_0028870,nv,0.94688267,0.15181614999348989,False
ISIC_0030251,nv,0.94557554,0.15550845454122328,False
ISIC_0032144,nv,0.8566436,0.3289613391838897,False
ISIC_0030598,nv,0.8175449,0.3834735595776109,True
ISIC_0030740,nv,0.83219683,0.37780592531773033,True
ISIC_0026600,nv,0.9324449,0.1881685756361621,False
ISIC_0028205,nv,0.72343004,0.44248037986607186,True
ISIC_0029479,nv,0.4062288,0.7264448424631113,True
ISIC_0032278,nv,0.9401156,0.16789202910110837,False
ISIC_0026111,nv,0.94304734,0.16152290522055524,False
ISIC_0027255,nv,0.94493324,0.15970486429744601,False
ISIC_0028588,nv,0.96636593,0.10225049354600842,False
ISIC_0026581,nv,0.943859,0.16238721247669638,False
ISIC_0025936,nv,0.9559089,0.13214681169787032,False
ISIC_0025179,nv,0.6850929,0.5023038766284044,True
ISIC_0026216,nv,0.9678115,0.10028685711433155,False
ISIC_0027109,nv,0.91452354,0.2204245702192854,False
ISIC_0029095,nv,0.96875775,0.09480216487831254,False
ISIC_0030580,nv,0.8702698,0.2905669773107133,False
ISIC_0030620,nv,0.9027584,0.2495151240941783,False
ISIC_0028987,nv,0.96103024,0.11854418010380254,False
ISIC_0028874,nv,0.8918016,0.27019870706022153,False
ISIC_0028592,nv,0.9140722,0.22557304426779218,False
ISIC_0027005,nv,0.90423167,0.24946035635225036,False
ISIC_0028358,nv,0.97683597,0.0773192785885976,False
ISIC_0027766,nv,0.976715,0.07793010891163522,False
ISIC_0030809,nv,0.73356867,0.4700213558347052,True
ISIC_0030920,nv,0.90656275,0.23981507699657728,False
ISIC_0026401,nv,0.94430906,0.16078877855904145,False
ISIC_0030370,nv,0.8975682,0.2606434514145743,False
ISIC_0024441,nv,0.9667157,0.10455854188497703,False
ISIC_0030534,nv,0.6717034,0.4952324667282469,True
ISIC_0032284,nv,0.91696644,0.1969778198977743,False
ISIC_0026577,nv,0.7819114,0.36645417746622566,True
ISIC_0027639,nv,0.95622617,0.12990225320066967,False
ISIC_0031314,nv,0.89462036,0.243451005689155,False
ISIC_0031249,nv,0.8205912,0.3732687793415936,True
ISIC_0028602,nv,0.8557278,0.3274057576549133,False
ISIC_0029182,nv,0.9194492,0.2138981575496943,False
ISIC_0032140,nv,0.9381994,0.1695030369326679,False
ISIC_0026956,nv,0.9806066,0.0660584121075069,False
ISIC_0031982,nv,0.92885154,0.1961901354080944,False
ISIC_0029833,nv,0.9688307,0.09973959320988227,False
ISIC_0031806,nv,0.9467503,0.1486631913069796,False
ISIC_0030635,nv,0.8607055,0.31979886136527924,False
ISIC_0028736,nv,0.9561145,0.13105562263833984,False
ISIC_0031991,nv,0.94882023,0.1444007723315988,False
ISIC_0030817,nv,0.91500217,0.2191040182673856,False
ISIC_0029470,nv,0.9399942,0.17049531937100976,False
ISIC_0032065,nv,0.88119173,0.28765880408819466,False
ISIC_0027840,nv,0.97507304,0.08150509777056328,False
ISIC_0024447,nv,0.9429069,0.16328856759853205,False
ISIC_0024998,nv,0.89912385,0.25848753824463283,False
ISIC_0030922,nv,0.9611884,0.11894738769377362,False
ISIC_0026671,nv,0.89521825,0.2608001888505056,False
ISIC_0024933,nv,0.86729187,0.3177543215228825,False
ISIC_0031192,nv,0.9504591,0.14026945287268974,False
ISIC_0027498,nv,0.85061735,0.35149912264762045,True
ISIC_0026488,nv,0.8958994,0.25938961318857995,False
ISIC_0026554,nv,0.83730876,0.3486348738892655,True
ISIC_0031074,nv,0.8840952,0.2863552521904168,False
ISIC_0030603,nv,0.39081046,0.8232794174154742,True
ISIC_0031085,nv,0.9668406,0.1043179681461057,False
ISIC_0029221,nv,0.8959104,0.25716095203928796,False
ISIC_0027688,nv,0.8780994,0.267240330074269,False
ISIC_0024704,nv,0.90599746,0.23529468602873727,False
ISIC_0030260,nv,0.9591892,0.12034269393771767,False
ISIC_0031462,nv,0.85413784,0.33677263432245275,False
ISIC_0028643,nv,0.9165811,0.20838415170683802,False
ISIC_0024657,nv,0.8030852,0.4214597669982204,True
ISIC_0031981,nv,0.95925355,0.1227865436099287,False
ISIC_0032279,nv,0.96668744,0.10414200992826174,False
ISIC_0027298,nv,0.8967125,0.23462834516861414,False
ISIC_0024561,nv,0.9191872,0.20885954060768894,False
ISIC_0028261,nv,0.7644702,0.43704244543657017,True
ISIC_0027535,nv,0.9130246,0.22551699003528206,False
ISIC_0027098,nv,0.9312551,0.179331748403853,False
ISIC_0026071,nv,0.6908736,0.5187354244359088,True
ISIC_0027908,nv,0.867029,0.31532025071063263,False
ISIC_0032186,nv,0.6526103,0.48461046534413094,True
ISIC_0028243,nv,0.94649315,0.15401151554128548,False
ISIC_0025436,nv,0.9449522,0.1585222884604871,False
ISIC_0025989,nv,0.95756257,0.1280379675357396,False
ISIC_0026179,nv,0.6676975,0.5680266372168697,True
ISIC_0032340,nv,0.9656339,0.10465445435248923,False
ISIC_0024620,nv,0.9340486,0.18517918503796008,False
ISIC_0028447,nv,0.9361288,0.17367083758880075,False
ISIC_0025027,nv,0.8443982,0.3442185967663992,True
ISIC_0032090,nv,0.9536316,0.12744272059564707,False
ISIC_0029079,nv,0.9743779,0.08185509212805993,False
ISIC_0025571,nv,0.95275366,0.13877893101029884,False
ISIC_0025776,nv,0.93725497,0.17701091939356478,False
ISIC_0025908,nv,0.97719294,0.07621384624047847,False
ISIC_0028945,nv,0.846926,0.332431586267917,True
ISIC_0030401,nv,0.924963,0.20558000043710867,False
ISIC_0032035,nv,0.93557066,0.18120373003923015,False
ISIC_0026048,nv,0.8177464,0.3633212053298317,True
ISIC_0031930,nv,0.8686188,0.3160385412856941,False
ISIC_0031131,nv,0.88132304,0.28110875981183764,False
ISIC_0031473,nv,0.8105405,0.35781220761102756,True
ISIC_0029671,nv,0.9517034,0.13934175532464713,False
ISIC_0027789,nv,0.9449213,0.15981861150642215,False
ISIC_0031011,nv,0.90708554,0.2300207485177379,False
ISIC_0028761,nv,0.9398157,0.17070340922268057,False
ISIC_0028873,nv,0.5708658,0.5957391146324016,True
ISIC_0028882,nv,0.8988013,0.2533698174471863,False
ISIC_0024466,nv,0.74812746,0.46933066354570474,True
ISIC_0027351,nv,0.3990674,0.8173801229586132,True
ISIC_0025488,nv,0.9594562,0.12373929709359607,False
ISIC_0027999,nv,0.94546586,0.15758128186106435,False
ISIC_0030061,nv,0.9089398,0.2188141903176529,False
ISIC_0030960,nv,0.8939425,0.25958892733663647,False
ISIC_0030311,nv,0.8571107,0.29063635590996767,False
ISIC_0025505,nv,0.7691748,0.3781572597695834,True
ISIC_0027346,nv,0.89215416,0.24638003843754216,False
ISIC_0031875,nv,0.908727,0.2089153957404661,False
ISIC_0027997,nv,0.8926257,0.26529628965092455,False
ISIC_0024784,nv,0.93844825,0.1555379825631576,False
ISIC_0024922,nv,0.9305493,0.18574528684022015,False
ISIC_0027127,nv,0.9149769,0.20636140562751829,False
ISIC_0028849,nv,0.91287607,0.2302691177769228,False
ISIC_0027756,nv,0.9502659,0.14468542368827456,False
ISIC_0032125,nv,0.87260497,0.29566022415636994,False
ISIC_0025172,nv,0.89941674,0.2575799497696191,False
ISIC_0027578,nv,0.9045532,0.24414803853888203,False
ISIC_0032148,nv,0.6662004,0.4718772103917127,True
ISIC_0031889,nv,0.9358799,0.18116462991474974,False
ISIC_0025517,nv,0.93595636,0.17973512446282885,False
ISIC_0030553,nv,0.91292864,0.2304431309435294,False
ISIC_0025295,nv,0.9391143,0.16499448474125697,False
ISIC_0025477,nv,0.94681525,0.1525759298898273,False
ISIC_0025123,nv,0.9216805,0.2066597642350401,False
ISIC_0028276,nv,0.9392013,0.1639568228791644,False
ISIC_0027183,nv,0.9682092,0.09921705596073013,False
ISIC_0031238,nv,0.96005124,0.12130384789857952,False
ISIC_0026374,nv,0.95067006,0.14346097564593788,False
ISIC_0026297,nv,0.93295306,0.1804441032965335,False
ISIC_0027203,nv,0.87319684,0.3024134726832582,False
ISIC_0029771,nv,0.8943014,0.2685544189425296,False
ISIC_0027475,nv,0.91496885,0.2182498191515332,False
ISIC_0031064,nv,0.73725486,0.4015852947161963,True
ISIC_0027538,nv,0.86043507,0.28375562229252904,False
ISIC_0026751,nv,0.9257809,0.19683325817628167,False
ISIC_0029332,nv,0.9483384,0.147346621349739,False
ISIC_0029476,nv,0.95247984,0.13672887763683553,False
ISIC_0028809,nv,0.96887815,0.09953403805096568,False
ISIC_0028016,nv,0.9800325,0.06734268196191587,False
ISIC_0030456,nv,0.9564766,0.12728909983630476,False
ISIC_0030942,nv,0.9176839,0.21721881947281274,False
ISIC_0031913,nv,0.7938755,0.4190106258677219,True
ISIC_0029344,nv,0.8918133,0.2626525821352324,False
ISIC_0029812,nv,0.81429833,0.3785445546962818,True
ISIC_0026347,nv,0.87553173,0.29236867674035577,False
ISIC_0025165,nv,0.9189837,0.2139094449730167,False
ISIC_0028698,nv,0.9244551,0.19979425408949086,False
ISIC_0030694,nv,0.94451416,0.15674521613627532,False
ISIC_0028865,nv,0.78091156,0.3866387552400162,True
ISIC_0028464,nv,0.91459316,0.22523950626899283,False
ISIC_0025237,nv,0.88113075,0.26828756403890763,False
ISIC_0029390,nv,0.9440115,0.15843099357524315,False
ISIC_0029145,nv,0.7305798,0.5121786107686312,True
ISIC_0029441,nv,0.973636,0.0865956874005531,False
ISIC_0027798,nv,0.93901736,0.17281643937321536,False
ISIC_0028141,nv,0.8908767,0.27433333463777054,False
ISIC_0032310,nv,0.89695996,0.26209231548668444,False
ISIC_0026323,nv,0.889971,0.26064231807763283,False
ISIC_0030663,nv,0.9355736,0.17499849586963082,False
ISIC_0028673,nv,0.8733369,0.3051829805994526,False
ISIC_0030279,nv,0.92987657,0.19099937563937988,False
ISIC_0024380,nv,0.9208282,0.20833765426150994,False
ISIC_0027873,nv,0.9399548,0.16788905792047806,False
ISIC_0032344,nv,0.9672618,0.10280680883062533,False
ISIC_0031866,nv,0.9503212,0.1451598017750966,False
ISIC_0028344,nv,0.87349784,0.2956974098603411,False
ISIC_0025422,nv,0.8404965,0.336335258155233,True
ISIC_0030033,nv,0.78663856,0.353950959282196,True
ISIC_0027262,nv,0.94398475,0.15935948752221762,False
ISIC_0024916,nv,0.96120375,0.11939997201751865,False
ISIC_0031039,nv,0.7182004,0.5327852493455677,True
ISIC_0026665,nv,0.86676973,0.3108224345894374,False
ISIC_0031611,nv,0.90103203,0.24623818753549057,False
ISIC_0032074,nv,0.965693,0.10691343226496536,False
ISIC_0028608,nv,0.9470178,0.1515463085938735,False
ISIC_0030978,nv,0.8566333,0.2611819396154093,False
ISIC_0028649,nv,0.90359664,0.24310722171179028,False
ISIC_0024416,nv,0.80493975,0.3730763877380984,True
ISIC_0024377,nv,0.6491297,0.5231090023237374,True
ISIC_0027984,nv,0.93033504,0.18449163239859473,False
ISIC_0030810,nv,0.6917151,0.527434673752743,True
ISIC_0025918,nv,0.9119369,0.19108762276717314,False
ISIC_0026124,nv,0.8606574,0.3194888477656973,False
ISIC_0026711,nv,0.8469305,0.32358812748296395,True
ISIC_0028504,nv,0.9310452,0.19052680476551853,False
ISIC_0029862,nv,0.95264024,0.13961884089147042,False
ISIC_0028118,nv,0.9270265,0.1907582505474019,False
ISIC_0030593,nv,0.9295768,0.19232668166683622,False
ISIC_0031045,nv,0.93244624,0.18679333251915473,False
ISIC_0026809,nv,0.7466542,0.46089042766608684,True
ISIC_0030176,nv,0.8949856,0.2554377132197956,False
ISIC_0031379,nv,0.96063614,0.12084064236984932,False
ISIC_0027711,nv,0.8348994,0.3618998782823262,True
ISIC_0025763,nv,0.93623704,0.17441799762514135,False
ISIC_0031599,nv,0.9238255,0.20585667248910197,False
ISIC_0028226,nv,0.93231034,0.18412548798968226,False
ISIC_0031965,nv,0.46037206,0.5335586139698386,True
ISIC_0025148,nv,0.94531316,0.15051221521161015,False
ISIC_0025243,nv,0.7885973,0.37370787082958956,True
ISIC_0024716,nv,0.8233445,0.3483975470075778,True
ISIC_0030159,nv,0.9093735,0.21735351809984185,False
ISIC_0027512,nv,0.85675246,0.32187161210829995,False
ISIC_0030847,nv,0.93206227,0.18436454550751027,False
ISIC_0032157,nv,0.9013818,0.24116131281402886,False
ISIC_0030434,nv,0.85518736,0.3394737131919654,False
ISIC_0032236,nv,0.96816415,0.10099896028230722,False
ISIC_0026580,nv,0.90560925,0.2217544339125421,False
ISIC_0030919,nv,0.8373403,0.3302575397069122,True
ISIC_0030210,nv,0.9078912,0.24119592553683564,False
ISIC_0031809,nv,0.89756197,0.2460852789405777,False
ISIC_0024995,nv,0.9609897,0.11815087389670517,False
ISIC_0027783,nv,0.8588058,0.3214056574717185,False
ISIC_0030263,nv,0.95149434,0.1431006204446453,False
ISIC_0029963,nv,0.91738975,0.21809534838948477,False
ISIC_0026123,nv,0.8117699,0.3892892627773571,True
ISIC_0029792,nv,0.91127855,0.22955209837707943,False
ISIC_0028009,nv,0.9096988,0.2288958197111528,False
ISIC_0025540,nv,0.92710334,0.20048416529492358,False
ISIC_0032333,nv,0.91869473,0.2123496364035559,False
ISIC_0028596,nv,0.66108584,0.507353750363004,True
ISIC_0024519,nv,0.9223916,0.20328035257533453,False
ISIC_0026676,nv,0.9482099,0.14969180178890454,False
ISIC_0025166,nv,0.9555951,0.13230002660006468,False
ISIC_0028938,nv,0.9353674,0.17891109661420185,False
ISIC_0024479,nv,0.93855494,0.1700468548802006,False
ISIC_0032328,nv,0.9651832,0.1096686509464789,False
ISIC_0026358,nv,0.9184778,0.21534293241959673,False
ISIC_0025193,nv,0.96832216,0.10097115523883123,False
ISIC_0028884,nv,0.88603985,0.27935597765504694,False
ISIC_0028785,nv,0.8041569,0.36541343721595426,True
ISIC_0025141,nv,0.9221789,0.20877745025625333,False
ISIC_0026660,nv,0.89139044,0.27024039548123047,False
ISIC_0027549,nv,0.96178126,0.11629923872250005,False
ISIC_0025581,nv,0.96613353,0.10654139909856651,False
ISIC_0028384,nv,0.91618496,0.21591159188765713,False
ISIC_0030155,nv,0.9404212,0.17007520361910122,False
ISIC_0026451,nv,0.94486725,0.15176245432704713,False
ISIC_0032385,nv,0.94471437,0.15993309385287385,False
ISIC_0027523,nv,0.88957137,0.27407190137303067,False
ISIC_0028531,nv,0.9148793,0.22309108231208347,False
ISIC_0025065,nv,0.9514705,0.14159871926674755,False
ISIC_0027319,nv,0.9580278,0.12681727941528304,False
ISIC_0029247,nv,0.96792835,0.10195074889803793,False
ISIC_0024752,nv,0.9534598,0.13914127720892103,False
ISIC_0029328,nv,0.8830793,0.2882551843652287,False
ISIC_0030384,nv,0.92083025,0.20927389778270575,False
ISIC_0029498,nv,0.96202433,0.11541332914533281,False
ISIC_0026333,nv,0.9420971,0.16441741713832003,False
ISIC_0031829,nv,0.9100072,0.21475080981377526,False
ISIC_0027729,nv,0.95103586,0.14328230660865285,False
ISIC_0031036,nv,0.9534091,0.13741979965629714,False
ISIC_0026820,nv,0.9408042,0.16558337580525886,False
ISIC_0029650,nv,0.94862485,0.15090797953464136,False
ISIC_0029879,nv,0.95770794,0.12795096861011834,False
ISIC_0029838,nv,0.95422745,0.13615292805547602,False
ISIC_0025446,nv,0.9295557,0.18709980826963565,False
ISIC_0024712,nv,0.95311195,0.13746090609347122,False
ISIC_0028586,nv,0.9761436,0.07930676104213738,False
ISIC_0030182,nv,0.84712845,0.3001694042777079,True
ISIC_0026182,nv,0.8972345,0.2614940973659616,False
ISIC_0025061,nv,0.91523796,0.22196045619006294,False
ISIC_0028477,nv,0.8895271,0.27791792622997286,False
ISIC_0024577,nv,0.8636001,0.31026075892739463,False
ISIC_0028272,nv,0.9025995,0.22848732832057625,False
ISIC_0026603,nv,0.88685334,0.27202451287291624,False
ISIC_0025647,nv,0.7968721,0.4011301833573791,True
ISIC_0025323,nv,0.93467855,0.1785924604646463,False
ISIC_0026295,nv,0.9586308,0.12520937294494844,False
ISIC_0030019,nv,0.935941,0.17908285842228958,False
ISIC_0028042,nv,0.8943356,0.2609223441943583,False
ISIC_0030229,nv,0.9450249,0.154759487291922,False
ISIC_0025278,nv,0.9445703,0.15576017786514035,False
ISIC_0032312,nv,0.9388677,0.16906129588668714,False
ISIC_0026657,nv,0.88642126,0.2707879503775972,False
ISIC_0028067,nv,0.9562844,0.13092325194664992,False
ISIC_0024818,nv,0.77678436,0.33358262777024794,True
ISIC_0031595,nv,0.8943246,0.24581448798838873,False
ISIC_0031071,nv,0.9103892,0.22703625883603948,False
ISIC_0031475,nv,0.9300613,0.1902634264495413,False
ISIC_0031127,nv,0.93638575,0.17936363499185465,False
ISIC_0027558,nv,0.63189816,0.5824717823040017,True
ISIC_0026788,nv,0.9264596,0.20170493764988254,False
ISIC_0029759,nv,0.8916006,0.27087285875602235,False
ISIC_0030348,nv,0.973291,0.08607872494392384,False
ISIC_0032042,nv,0.939726,0.16976963147510063,False
ISIC_0031602,nv,0.87113124,0.2736819722037116,False
ISIC_0024683,nv,0.91842616,0.19775953139546543,False
ISIC_0025168,nv,0.9578904,0.12568282445224405,False
ISIC_0024617,nv,0.9536069,0.13766861306104017,False
ISIC_0026816,nv,0.84721833,0.34254009412536646,True
ISIC_0028635,nv,0.95213056,0.1413971537601722,False
ISIC_0029231,nv,0.95454365,0.13496248012138318,False
ISIC_0030144,nv,0.9492671,0.1476249780917804,False
ISIC_0028909,nv,0.87729806,0.29815393299632326,False
ISIC_0028720,nv,0.87889344,0.30076808185935294,False
ISIC_0026318,nv,0.96368676,0.1133040129705859,False
ISIC_0026480,nv,0.83794755,0.35901869073130566,True
ISIC_0029668,nv,0.94993275,0.14556944181797868,False
ISIC_0031750,nv,0.92143047,0.21235047874857996,False
ISIC_0030710,nv,0.9423486,0.16352456204354532,False
ISIC_0028903,nv,0.9248218,0.20073921205284465,False
ISIC_0030567,nv,0.90495616,0.24478494326925532,False
ISIC_0025729,nv,0.89151084,0.2507166909825887,False
ISIC_0029140,nv,0.9030484,0.25010047730907914,False
ISIC_0030557,nv,0.90125996,0.2543860224842114,False
ISIC_0025865,nv,0.90774906,0.23829335773756802,False
ISIC_0024935,nv,0.89131796,0.26631485325401705,False
ISIC_0029091,nv,0.95291793,0.13926671004068547,False
ISIC_0032026,nv,0.9261994,0.1999379428352313,False
ISIC_0026889,nv,0.8860064,0.2863004538177607,False
ISIC_0030963,nv,0.90068895,0.2551643339710781,False
ISIC_0030336,nv,0.92218626,0.21104979082388386,False
ISIC_0027970,nv,0.8901982,0.27435339776470724,False
ISIC_0027140,nv,0.95884687,0.12564470451106433,False
ISIC_0031322,nv,0.9317876,0.18030641817350995,False
ISIC_0031985,nv,0.795146,0.42770687337319757,True
ISIC_0030890,nv,0.88167095,0.2838161486113487,False
ISIC_0030404,nv,0.91929007,0.21346271111834786,False
ISIC_0027311,nv,0.96158636,0.11785052429185378,False
ISIC_0031896,nv,0.76395273,0.4687311283036716,True
ISIC_0025355,nv,0.90663964,0.23918095966246541,False
ISIC_0025956,nv,0.9621027,0.1165496525827888,False
ISIC_0027607,nv,0.9413534,0.1661161207445662,False
ISIC_0029786,nv,0.9310035,0.18480535231628256,False
ISIC_0027642,nv,0.96543956,0.10582329230787392,False
ISIC_0024540,nv,0.96002704,0.11961339927356916,False
ISIC_0027948,nv,0.9575666,0.12748449325115838,False
ISIC_0032008,nv,0.8404011,0.30515225797912054,True
ISIC_0031317,nv,0.92894566,0.19508775081742596,False
ISIC_0024734,nv,0.9031279,0.24244460248513708,False
ISIC_0027012,nv,0.6893741,0.5205712464967078,True
ISIC_0029592,nv,0.69891065,0.5060691895166776,True
ISIC_0026037,nv,0.9065459,0.24194431080230216,False
ISIC_0025062,nv,0.8059536,0.3771281898267363,True
ISIC_0026749,nv,0.9560699,0.13076028115754057,False
ISIC_0029895,nv,0.87452024,0.2966110325887999,False
ISIC_0030059,nv,0.91569763,0.22429258793903759,False
ISIC_0032020,nv,0.97283113,0.08788630547337066,False
ISIC_0024745,nv,0.9441573,0.16055636790922145,False
ISIC_0026190,nv,0.95361835,0.13570118607675505,False
ISIC_0025881,nv,0.96831405,0.09964038028141214,False
ISIC_0029970,nv,0.9338516,0.1829394968265349,False
ISIC_0025101,nv,0.91102284,0.23311190971021037,False
ISIC_0030358,nv,0.5156365,0.668454135319491,True
ISIC_0028632,nv,0.900567,0.24387553226591682,False
ISIC_0029537,nv,0.9300999,0.17549397852814658,False
ISIC_0031668,nv,0.86985505,0.30615057467090745,False
ISIC_0027431,nv,0.9247291,0.20458136212267616,False
ISIC_0030479,nv,0.9028792,0.23938569544940405,False
ISIC_0028834,nv,0.94726825,0.15434442561015776,False
ISIC_0030300,nv,0.94100773,0.16588374072547432,False
ISIC_0025252,nv,0.91289353,0.23203568376137998,False
ISIC_0027143,nv,0.8821473,0.28816035163088366,False
ISIC_0034265,nv,0.9680053,0.10034336315008185,False
ISIC_0032706,nv,0.9624269,0.115851631892079,False
ISIC_0033445,nv,0.96549624,0.1070717701564424,False
ISIC_0032697,nv,0.9232584,0.2088662793678814,False
ISIC_0032589,nv,0.9551773,0.1332005393768763,False
ISIC_0032931,nv,0.9654444,0.10658307986189337,False
ISIC_0033313,nv,0.9657617,0.1074201564007113,False
ISIC_0033234,nv,0.9547689,0.135645775089536,False
ISIC_0033765,nv,0.90399814,0.24174763089686635,False
ISIC_0033903,nv,0.92723227,0.19981845236472748,False
ISIC_0032939,nv,0.853237,0.314755695760144,False
ISIC_0033682,nv,0.93235433,0.1861150150443259,False
ISIC_0032979,nv,0.8719112,0.2881452200511787,False
ISIC_0033890,nv,0.89842385,0.25017238294340566,False
ISIC_0033381,nv,0.9373557,0.17505482577869427,False
ISIC_0032912,nv,0.9485233,0.15026353964514377,False
ISIC_0029808,nv,0.9434974,0.15694835912535027,False
ISIC_0025897,nv,0.9298651,0.1940772890419285,False
ISIC_0028252,nv,0.9300903,0.19294569805197131,False
ISIC_0028170,nv,0.963883,0.1123424761256222,False
ISIC_0024507,nv,0.9547074,0.13517009519676768,False
ISIC_0034043,nv,0.9495503,0.14888889382733528,False
ISIC_0033484,nv,0.9294624,0.19141233911626598,False
ISIC_0033540,nv,0.96179336,0.11725730663750103,False
ISIC_0034279,nv,0.9718822,0.09101876454506813,False
ISIC_0033589,nv,0.9534026,0.13723402429008186,False
ISIC_0033888,nv,0.9376904,0.1675879884935152,False
ISIC_0033338,nv,0.91271424,0.22347001504999758,False
ISIC_0032880,nv,0.93032104,0.19129249639238843,False
ISIC_0032600,nv,0.9292394,0.19262998713695387,False
ISIC_0032791,nv,0.9503472,0.1435983544616799,False
ISIC_0032721,nv,0.9535667,0.13699561001754493,False
ISIC_0033537,nv,0.91112655,0.2327963366334696,False
ISIC_0032837,nv,0.93046904,0.19148222312253474,False
ISIC_0032682,nv,0.90568215,0.23258343775747964,False
ISIC_0033223,nv,0.9550338,0.13491964304806875,False
ISIC_0032764,nv,0.9237659,0.2071755550663177,False
ISIC_0032907,nv,0.950776,0.14468988045922002,False
ISIC_0033760,nv,0.9112583,0.23383383002655733,False
ISIC_0033335,nv,0.9120241,0.23291176853249387,False
ISIC_0032616,nv,0.94698596,0.1506587219843402,False
ISIC_0033614,nv,0.9184434,0.21610686277959815,False
ISIC_0033436,nv,0.9365361,0.17786233111315577,False
ISIC_0033572,nv,0.97425777,0.0835753214785118,False
ISIC_0033596,nv,0.9684599,0.09695156901852263,False
ISIC_0034212,nv,0.94252104,0.16453102650901955,False
ISIC_0033489,nv,0.93586344,0.1781506275264811,False
ISIC_0033907,nv,0.966405,0.10517063572555074,False
ISIC_0033139,nv,0.9572279,0.12960712613496744,False
ISIC_0033225,nv,0.93753463,0.17509723402181462,False
ISIC_0033615,nv,0.93442065,0.1805033124940428,False
ISIC_0033364,nv,0.9448224,0.15901884319448803,False
ISIC_0034163,nv,0.9235067,0.2074849254206086,False
ISIC_0034277,nv,0.9044026,0.23987783935855173,False
ISIC_0034147,nv,0.8871551,0.2815287683561977,False
ISIC_0033247,nv,0.9098319,0.23334707712556366,False
ISIC_0033918,nv,0.9540563,0.1375213864661987,False
ISIC_0032889,nv,0.8838368,0.2856825707695671,False
ISIC_0033132,nv,0.96824205,0.09910576686768782,False
ISIC_0033821,nv,0.875117,0.2945361376948089,False
ISIC_0033457,nv,0.95925945,0.12321081748318331,False
ISIC_0033588,nv,0.89237803,0.2536771661734194,False
ISIC_0033144,nv,0.6619458,0.548768118247166,True
ISIC_0033916,nv,0.81092596,0.3501406498542739,True
ISIC_0032554,nv,0.7661434,0.4423052333625238,True
ISIC_0033777,nv,0.926816,0.20053522671874563,False
ISIC_0033078,nv,0.9436596,0.16199996349609022,False
ISIC_0034055,nv,0.9418662,0.16663880348967702,False
ISIC_0033997,nv,0.8872484,0.2760064156399212,False
ISIC_0032712,nv,0.89698577,0.25510088241772033,False
ISIC_0033164,nv,0.9200488,0.21464550137040378,False
ISIC_0033395,nv,0.93395674,0.18571122547052002,False
ISIC_0033355,nv,0.88882756,0.2811464662381874,False
ISIC_0033095,nv,0.960027,0.1220732075551451,False
ISIC_0033082,nv,0.9626666,0.11581995971917439,False
ISIC_0034098,nv,0.9590606,0.12492243194134367,False
ISIC_0033040,nv,0.9107734,0.23547366137330375,False
ISIC_0034238,nv,0.96367645,0.1125477632656675,False
ISIC_0032543,nv,0.95384943,0.1362463670916903,False
ISIC_0033176,nv,0.9247082,0.2050676861934758,False
ISIC_0032658,nv,0.9580736,0.12768341685743098,False
ISIC_0032528,nv,0.95173395,0.14107147254314273,False
ISIC_0034018,nv,0.9030069,0.24775203469736587,False
ISIC_0033879,nv,0.92632467,0.20084422950429873,False
ISIC_0033211,nv,0.84163857,0.31290177093900984,True
ISIC_0033617,nv,0.8705981,0.3100436176955562,False
ISIC_0033889,nv,0.92255366,0.205815382267559,False
ISIC_0033346,nv,0.8630657,0.3160088907408472,False
ISIC_0034219,nv,0.66964585,0.6126130314158139,True
ISIC_0033098,nv,0.92803496,0.1989781902301822,False
ISIC_0032607,nv,0.91916984,0.21824595967978658,False
ISIC_0033584,nv,0.9708428,0.09398374245293652,False
ISIC_0033118,nv,0.90888697,0.21754326014535222,False
ISIC_0033542,nv,0.8974639,0.25808370272473474,False
ISIC_0032748,nv,0.9013402,0.25361472543409047,False
ISIC_0032575,nv,0.8901143,0.2667046905311517,False
ISIC_0032793,nv,0.92165816,0.20668359494153896,False
ISIC_0033766,nv,0.9722695,0.09057082843431952,False
ISIC_0033008,nv,0.9604807,0.12164273861712266,False
ISIC_0033543,nv,0.91062033,0.23354867326286716,False
ISIC_0034185,nv,0.92136157,0.20967391977694946,False
ISIC_0033842,nv,0.9564693,0.1319469308813431,False
ISIC_0032923,nv,0.93318903,0.18666570959032772,False
ISIC_0032935,nv,0.7560097,0.41692277417572443,True
ISIC_0034229,nv,0.9064064,0.24110455407477133,False
ISIC_0028066,nv,0.963785,0.11208485638653673,False
ISIC_0033464,nv,0.94081664,0.1684291082884486,False
ISIC_0033895,nv,0.9402019,0.1696989051238078,False
ISIC_0033970,nv,0.9572948,0.1273160242463465,False
ISIC_0033896,nv,0.96667874,0.10465799985927232,False
ISIC_0033690,nv,0.95850855,0.1254784792070893,False
ISIC_0034193,nv,0.91894907,0.21542555880877493,False
ISIC_0033208,nv,0.8809465,0.2944982474840903,False
ISIC_0032402,nv,0.95431215,0.13612511535431798,False
ISIC_0034309,nv,0.91829205,0.21879310106132327,False
ISIC_0033898,nv,0.9084551,0.24076822867971057,False
ISIC_0033173,nv,0.91796094,0.220770819970266,False
ISIC_0024715,nv,0.8972562,0.2604304453310358,False
ISIC_0029152,nv,0.9103872,0.23655509454591925,False
ISIC_0032800,nv,0.93003625,0.19123616648332498,False
ISIC_0033622,nv,0.9708745,0.09406442379087733,False
ISIC_0027689,nv,0.9399393,0.1706304774589611,False
ISIC_0032655,bkl,0.92017287,0.182019625429534,False
ISIC_0033290,nv,0.9180981,0.2196852057032584,False
ISIC_0034072,nv,0.983573,0.05768775392687627,False
ISIC_0033681,nv,0.96869993,0.09880123616844427,False
ISIC_0033741,nv,0.86812556,0.3140727224146367,False
ISIC_0033341,nv,0.9453115,0.1581540764774247,False
ISIC_0032849,nv,0.9608883,0.12039874051254576,False
ISIC_0034302,nv,0.9484766,0.14925814725515474,False
ISIC_0032635,nv,0.92214113,0.21027236762813342,False
ISIC_0032562,nv,0.711647,0.4777193785405784,True
ISIC_0033421,nv,0.86152226,0.3221375174593494,False
ISIC_0033602,nv,0.95067674,0.14578811458622448,False
ISIC_0034248,nv,0.934425,0.18159891237842657,False
ISIC_0033467,nv,0.9379857,0.1754793983015483,False
ISIC_0033797,nv,0.94499415,0.1597822068860187,False
ISIC_0033772,nv,0.7921564,0.39490442659992087,True
ISIC_0033039,nv,0.90794986,0.23704915287557612,False
ISIC_0032996,nv,0.945595,0.15643360973882967,False
ISIC_0032591,nv,0.9063102,0.2437160993259085,False
ISIC_0034228,nv,0.96183836,0.11730637706399351,False
ISIC_0032571,nv,0.5972976,0.5336446250544771,True
ISIC_0033101,nv,0.9143852,0.21708419742260399,False
ISIC_0033623,nv,0.89241487,0.2638204705380445,False
ISIC_0034075,nv,0.9094395,0.22963187610853988,False
ISIC_0033066,nv,0.68223727,0.5360773787454166,True
ISIC_0033858,nv,0.9308319,0.1926416574443781,False
ISIC_0034081,nv,0.94852316,0.1508321837978401,False
ISIC_0033647,nv,0.96678925,0.10476059748320274,False
ISIC_0032634,nv,0.8439611,0.3422545238468463,True
ISIC_0032956,nv,0.8249049,0.3682480966909186,True
ISIC_0033481,nv,0.8520366,0.3277862831906911,False
ISIC_0034082,nv,0.95407444,0.13315900410950812,False
ISIC_0033567,nv,0.9485182,0.14528831299503991,False
ISIC_0033025,nv,0.91442007,0.22615072448529205,False
ISIC_0033053,nv,0.9113736,0.23202047560485467,False
ISIC_0033841,nv,0.94238204,0.16204664472578717,False
ISIC_0033882,nv,0.84327626,0.35710702698761326,True
ISIC_0034266,nv,0.85805434,0.33763645148694355,False
ISIC_0033751,nv,0.8120577,0.3977303563173632,True
ISIC_0033375,nv,0.92045176,0.21524445462860217,False
ISIC_0033628,nv,0.8481225,0.328238852199072,True
ISIC_0033733,nv,0.88340294,0.28786779754634584,False
ISIC_0033353,nv,0.9440233,0.15585093671264172,False
ISIC_0032852,nv,0.9011517,0.2499490083583892,False
ISIC_0034080,nv,0.9118392,0.22023527231933318,False
ISIC_0034154,nv,0.93478954,0.18131113668747975,False
ISIC_0033417,nv,0.8818006,0.2907946555130345,False
ISIC_0033782,nv,0.8606106,0.33349771939182277,False
ISIC_0034130,nv,0.8879991,0.2779660164731646,False
ISIC_0034045,nv,0.87669116,0.28786035427940593,False
ISIC_0033028,nv,0.94671035,0.1541082014346834,False
ISIC_0033809,nv,0.9147199,0.22380565125367502,False
ISIC_0033535,nv,0.9118948,0.23120076668889647,False
ISIC_0033330,nv,0.8644784,0.3236154500924716,False
ISIC_0033515,nv,0.8565791,0.336387544808181,False
ISIC_0033735,nv,0.9507372,0.14421363389798098,False
ISIC_0033982,nv,0.9420947,0.16428230499646093,False
ISIC_0033620,bkl,0.98116755,0.06421114564090384,False
ISIC_0034040,bkl,0.8763834,0.2919583168753622,False
ISIC_0029355,nv,0.93567646,0.1811499731113311,False
ISIC_0024725,nv,0.9520834,0.14003315212039502,False
ISIC_0031259,nv,0.9052995,0.2298213118467688,False
ISIC_0027138,nv,0.9526845,0.13888989082301356,False
ISIC_0024757,nv,0.94654423,0.15280236754765852,False
ISIC_0027492,nv,0.87283885,0.2975267688375009,False
ISIC_0027528,nv,0.96462196,0.10586395459948987,False
ISIC_0026391,nv,0.9203192,0.20702417800781223,False
ISIC_0025122,nv,0.91565037,0.2247602578963953,False
ISIC_0031209,nv,0.9469544,0.1494906957432514,False
ISIC_0028014,nv,0.942394,0.16439023236708905,False
ISIC_0025499,nv,0.9380114,0.17059068814309736,False
ISIC_0032379,nv,0.92396724,0.1992800101099847,False
ISIC_0029368,nv,0.9578488,0.12841091196630083,False
ISIC_0025653,nv,0.9096386,0.22085205266131347,False
ISIC_0027265,nv,0.881155,0.2795585692910152,False
ISIC_0024437,nv,0.95919675,0.12487758855533557,False
ISIC_0031105,nv,0.94310343,0.16369756439612304,False
ISIC_0027418,nv,0.9333105,0.1782123024976063,False
ISIC_0029030,nv,0.829342,0.3681635252505031,True
ISIC_0031359,nv,0.95604277,0.13068365839107932,False
ISIC_0031454,nv,0.93503284,0.1796753026507566,False
ISIC_0024955,nv,0.8989996,0.2462820201074698,False
ISIC_0030038,nv,0.94683814,0.15126219327494034,False
ISIC_0030909,nv,0.9603659,0.12027624823068346,False
ISIC_0031323,nv,0.9247863,0.1987277227661192,False
ISIC_0028618,nv,0.92749184,0.19437449899714476,False
ISIC_0031488,nv,0.9486224,0.14490795592826694,False
ISIC_0027345,nv,0.9528598,0.13955773258881593,False
ISIC_0031148,nv,0.9490213,0.1484196310721139,False
ISIC_0028008,nv,0.95150286,0.14328589040384612,False
ISIC_0026440,nv,0.9434697,0.16197548954430027,False
ISIC_0029143,nv,0.9485716,0.14348624599665966,False
ISIC_0025652,nv,0.9404562,0.16588363351792582,False
ISIC_0028585,nv,0.9667576,0.10457888068846703,False
ISIC_0029038,nv,0.9267732,0.20134225451325075,False
ISIC_0031222,nv,0.94071555,0.16931493363111344,False
ISIC_0026326,nv,0.9229546,0.1958896785956945,False
ISIC_0032102,nv,0.94660264,0.15130449431051218,False
ISIC_0031299,nv,0.9651921,0.10885191321115101,False
ISIC_0028438,nv,0.9235236,0.20640078142855206,False
ISIC_0024830,nv,0.9445341,0.15806876989953358,False
ISIC_0028380,nv,0.9484809,0.14764596014056153,False
ISIC_0031649,nv,0.9359552,0.17854754050181784,False
ISIC_0029915,akiec,0.9804175,0.06347176963835374,False
ISIC_0029659,akiec,0.9942631,0.022367438326819842,False
ISIC_0029041,akiec,0.702177,0.5174353338104116,True
ISIC_0031040,akiec,0.9090978,0.21847774239967954,False
ISIC_0031929,akiec,0.8400042,0.2775714926946234,True
ISIC_0027795,akiec,0.9961377,0.01513113460215147,False
ISIC_0032329,akiec,0.9676924,0.0968220546422325,False
ISIC_0031198,akiec,0.9746561,0.07757094065105838,False
ISIC_0025948,akiec,0.5290335,0.4191449416106492,True
ISIC_0030242,akiec,0.98338264,0.05515578730746659,False
ISIC_0031119,akiec,0.9900371,0.03611200888628264,False
ISIC_0024562,akiec,0.98734516,0.04379798988715278,False
ISIC_0026362,akiec,0.95241743,0.13984757585391272,False
ISIC_0027084,akiec,0.9707647,0.08939234945725036,False
ISIC_0030714,akiec,0.99490887,0.020556773665932657,False
ISIC_0028158,akiec,0.8819448,0.2680061901701437,False
ISIC_0026411,akiec,0.8291897,0.3680704384676625,True
ISIC_0029634,akiec,0.9983734,0.007181172242843691,False
ISIC_0027231,akiec,0.9865465,0.04460307645926154,False
ISIC_0027719,akiec,0.9924062,0.024217404126340925,False
ISIC_0028381,akiec,0.9792524,0.06627111188376392,False
ISIC_0030602,akiec,0.93966156,0.15462964363530426,False
ISIC_0031874,akiec,0.9745259,0.07570163154671208,False
ISIC_0025069,akiec,0.99845755,0.007084598821650674,False
ISIC_0027700,akiec,0.89923835,0.21819597033144966,False
ISIC_0025130,akiec,0.9828388,0.05790662962369605,False
ISIC_0029067,akiec,0.97515714,0.07922549006267973,False
ISIC_0031043,akiec,0.9662968,0.0955138315584121,False
ISIC_0025331,akiec,0.93952286,0.14434591269748642,False
ISIC_0027577,akiec,0.97347915,0.07691208900396734,False
ISIC_0025696,akiec,0.9991466,0.004145926008789307,False
ISIC_0032455,akiec,0.8259694,0.3759454455207726,True
ISIC_0031738,akiec,0.9936219,0.0230261483067932,False
ISIC_0026327,akiec,0.9537975,0.11404015360247541,False
ISIC_0032349,akiec,0.9582715,0.1120526252028434,False
ISIC_0027708,akiec,0.99229795,0.028997137811724708,False
ISIC_0029541,akiec,0.9923326,0.02805293413005154,False
ISIC_0027958,akiec,0.8531556,0.27988153968860363,False
ISIC_0027896,akiec,0.9430059,0.15778349061293082,False
ISIC_0030827,akiec,0.9698417,0.09564647026897329,False
ISIC_0031940,akiec,0.7820851,0.4360062691647928,True
ISIC_0026729,akiec,0.99365026,0.024382329538790208,False
ISIC_0028372,akiec,0.990867,0.03218547498924547,False
ISIC_0027506,akiec,0.9887107,0.038653030714700956,False
ISIC_0028854,akiec,0.99137574,0.030151347679998407,False
ISIC_0031044,akiec,0.9994148,0.002900096282390214,False
ISIC_0025712,akiec,0.90738195,0.2184253791699112,False
ISIC_0025358,akiec,0.9781034,0.060257361882338344,False
ISIC_0031852,akiec,0.9524,0.1248613695847814,False
ISIC_0031609,akiec,0.98286426,0.058210892304068305,False
ISIC_0032422,akiec,0.8707672,0.29598007021968725,False
ISIC_0030826,akiec,0.8874152,0.2618427363137377,False
ISIC_0024707,akiec,0.9053527,0.20222948886941036,False
ISIC_0026992,akiec,0.85503805,0.2772648791058658,False
ISIC_0029563,akiec,0.99722004,0.011657960369165565,False
ISIC_0030491,akiec,0.9939805,0.022042095962220502,False
ISIC_0029715,akiec,0.9199862,0.20865946069142874,False
ISIC_0027650,akiec,0.70529854,0.5264451787106625,True
ISIC_0024517,akiec,0.9567906,0.1280136467375904,False
ISIC_0025825,akiec,0.9966832,0.014167912109929402,False
ISIC_0025808,akiec,0.82385015,0.3588842524654658,True
ISIC_0027303,akiec,0.9859613,0.04941964359524282,False
ISIC_0026645,akiec,0.8382765,0.27155448434949114,True
ISIC_0024710,akiec,0.98378754,0.05340635921540801,False
ISIC_0029315,akiec,0.97333205,0.08229830344899178,False
ISIC_0029811,akiec,0.8795835,0.2653845980401741,False
ISIC_0024450,akiec,0.9947339,0.02061816147398149,False
ISIC_0031743,akiec,0.9876172,0.043686394486829,False
ISIC_0026522,akiec,0.98490113,0.05104648368441365,False
ISIC_0024771,akiec,0.9447135,0.15641181597575263,False
ISIC_0026466,akiec,0.8175271,0.36888751314100005,True
ISIC_0029932,akiec,0.99343646,0.025360110241774685,False
ISIC_0030375,akiec,0.9688308,0.0878076074750774,False
ISIC_0024575,akiec,0.99300086,0.026784691804145815,False
ISIC_0031335,akiec,0.999785,0.0011902544579701167,False
ISIC_0031692,akiec,0.9285467,0.17219512568346923,False
ISIC_0032203,akiec,0.9628312,0.11057647680963577,False
ISIC_0025089,akiec,0.99188024,0.03062549986520037,False
ISIC_0027178,akiec,0.9884254,0.041451921156870956,False
ISIC_0028190,akiec,0.998801,0.005519254226682322,False
ISIC_0026138,akiec,0.98076355,0.06110871234047305,False
ISIC_0029371,akiec,0.8533853,0.2991857597047037,False
ISIC_0031659,akiec,0.97573197,0.0782127922440275,False
ISIC_0024946,akiec,0.97761965,0.06811662857002156,False
ISIC_0031211,akiec,0.7994096,0.32422331689256095,True
ISIC_0028872,akiec,0.9651863,0.0879586935416655,False
ISIC_0030953,akiec,0.97991025,0.0646071282078731,False
ISIC_0025196,akiec,0.7853425,0.3298127509034807,True
ISIC_0030821,akiec,0.9786614,0.06785962144549902,False
ISIC_0031292,akiec,0.9760626,0.06762589367436868,False
ISIC_0026083,akiec,0.9940408,0.02324698437021442,False
ISIC_0029059,akiec,0.9874299,0.042835966779379744,False
ISIC_0025182,akiec,0.9872486,0.043748459999738094,False
ISIC_0028659,akiec,0.98679394,0.04277657762634254,False
ISIC_0031570,akiec,0.99063265,0.033680292811259074,False
ISIC_0024418,akiec,0.9972957,0.011799286719997623,False
ISIC_0027343,akiec,0.99149793,0.031003894650951373,False
ISIC_0028644,akiec,0.96972007,0.09436298149813209,False
ISIC_0025637,akiec,0.97567886,0.07375909968672892,False
ISIC_0032277,akiec,0.7153074,0.49943840264092354,True
ISIC_0025953,akiec,0.99283326,0.025233454095304822,False
ISIC_0026203,akiec,0.9864661,0.045334810095138796,False
ISIC_0025811,akiec,0.5206492,0.4557638545882056,True
ISIC_0026212,akiec,0.9861173,0.04714577914888695,False
ISIC_0032371,akiec,0.9281778,0.1835553429313067,False
ISIC_0030785,akiec,0.9465455,0.1471520396491813,False
ISIC_0029840,akiec,0.9995272,0.0023421489542891872,False
ISIC_0027047,akiec,0.952186,0.1330450118547068,False
ISIC_0032154,akiec,0.7033797,0.36792788305886354,True
ISIC_0026549,akiec,0.88646954,0.21749618071618934,False
ISIC_0026100,akiec,0.9963498,0.014922658994748065,False
ISIC_0029567,akiec,0.98693687,0.04626379796260464,False
ISIC_0024522,akiec,0.96918046,0.08965253451981821,False
ISIC_0030387,akiec,0.9791891,0.06080698052401399,False
ISIC_0031381,akiec,0.9735574,0.08089808097318003,False
ISIC_0028558,akiec,0.98987097,0.0374924171098239,False
ISIC_0027529,akiec,0.9770901,0.07177137984504599,False
ISIC_0024463,akiec,0.9132589,0.22549897916713124,False
ISIC_0028795,akiec,0.9272502,0.1890658875018823,False
ISIC_0029573,akiec,0.9896445,0.03694998903158091,False
ISIC_0030280,akiec,0.97429186,0.07375603661391415,False
ISIC_0031578,akiec,0.92685914,0.1640888566328447,False
ISIC_0030245,akiec,0.32266647,0.8704753046067696,True
ISIC_0026720,akiec,0.99300075,0.02619750840323815,False
ISIC_0030487,akiec,0.993228,0.025687187071355384,False
ISIC_0032238,akiec,0.9924856,0.027339931184436544,False
ISIC_0031672,akiec,0.99129385,0.03155586228659183,False
ISIC_0030986,akiec,0.9638049,0.10233626724250378,False
ISIC_0031431,akiec,0.98045063,0.06639824472094058,False
ISIC_0029598,akiec,0.99216413,0.02939454662197334,False
ISIC_0029002,akiec,0.9619127,0.0995821206364754,False
ISIC_0029781,akiec,0.9880321,0.042776003300189776,False
ISIC_0026525,akiec,0.9618396,0.11012720060453068,False
ISIC_0028224,akiec,0.9905229,0.032718526235834273,False
ISIC_0032897,akiec,0.4842729,0.599792907718369,True
ISIC_0026206,akiec,0.9847484,0.05115009595121396,False
ISIC_0026319,akiec,0.9921599,0.030308818338984765,False
ISIC_0025319,akiec,0.9743342,0.0757040437165537,False
ISIC_0030730,akiec,0.9785285,0.06421969927173905,False
ISIC_0030549,akiec,0.9990589,0.0043245854739717765,False
ISIC_0025247,akiec,0.98956394,0.03858027507766834,False
ISIC_0029043,akiec,0.99578565,0.017401837383036356,False
ISIC_0028499,akiec,0.9878306,0.0428368091244038,False
ISIC_0031421,akiec,0.97907066,0.06098209639683388,False
ISIC_0025029,akiec,0.9896347,0.037080724808155933,False
ISIC_0026388,akiec,0.9945627,0.021847782280534092,False
ISIC_0025790,akiec,0.94160074,0.15801130665352867,False
ISIC_0024923,akiec,0.92864746,0.17616590949615663,False
ISIC_0028335,akiec,0.95726794,0.1187263257287323,False
ISIC_0027580,akiec,0.6766785,0.5009660183151011,True
ISIC_0025803,akiec,0.89214677,0.2335764706486611,False
ISIC_0026981,akiec,0.9969862,0.012805628662559238,False
ISIC_0031286,akiec,0.96444017,0.10988413046131532,False
ISIC_0030158,akiec,0.97707283,0.07160555274053687,False
ISIC_0029900,akiec,0.9821171,0.05524685246224944,False
ISIC_0029549,akiec,0.90685016,0.2266211205774549,False
ISIC_0024470,akiec,0.9954856,0.01834413621630284,False
ISIC_0024646,akiec,0.94815385,0.1389360666456961,False
ISIC_0033000,akiec,0.98133826,0.061974183564283795,False
ISIC_0033295,akiec,0.99444157,0.020555152151761343,False
ISIC_0024468,akiec,0.98352134,0.055821860148718434,False
ISIC_0031823,akiec,0.9947238,0.020381948785030166,False
ISIC_0028063,akiec,0.9857022,0.0491610819612668,False
ISIC_0027802,akiec,0.9965634,0.014383137964048337,False
ISIC_0024329,akiec,0.9865132,0.043709003793042954,False
ISIC_0024925,akiec,0.9743172,0.07900965829446964,False
ISIC_0029460,akiec,0.98722535,0.03994774181856724,False
ISIC_0030844,akiec,0.99364096,0.024184640733746036,False
ISIC_0031993,akiec,0.97758865,0.07345510502522795,False
ISIC_0029500,akiec,0.94484276,0.1580854177002818,False
ISIC_0032404,akiec,0.97627604,0.07670819556205276,False
ISIC_0025957,akiec,0.9797436,0.05783661926567366,False
ISIC_0031927,akiec,0.99793375,0.009057233508326027,False
ISIC_0027550,akiec,0.98850787,0.039046153137429436,False
ISIC_0025605,akiec,0.94804144,0.13472412711030254,False
ISIC_0024800,akiec,0.99685717,0.013221901215295526,False
ISIC_0030344,akiec,0.8984766,0.22437072692654214,False
ISIC_0026171,akiec,0.9822073,0.05500935711155694,False
ISIC_0026457,akiec,0.9864699,0.046852830693724215,False
ISIC_0027562,akiec,0.92493576,0.1871780238339606,False
ISIC_0028763,akiec,0.59815145,0.6736906420806941,True
ISIC_0029133,akiec,0.9892607,0.038556854057158474,False
ISIC_0027767,akiec,0.979868,0.0671526106360779,False
ISIC_0027668,akiec,0.9926958,0.024960511334463496,False
ISIC_0025427,akiec,0.9353682,0.16837314594812292,False
ISIC_0025780,akiec,0.99814904,0.008326302971852386,False
ISIC_0028941,akiec,0.9710749,0.08290149140535658,False
ISIC_0030463,akiec,0.99816704,0.008093037533275017,False
ISIC_0029827,akiec,0.97743136,0.0697420405014925,False
ISIC_0026468,akiec,0.98202604,0.05863638374876677,False
ISIC_0026984,akiec,0.8959682,0.22512669329722518,False
ISIC_0032206,akiec,0.9567845,0.12379698241238006,False
ISIC_0032199,akiec,0.87417656,0.2903626397232406,False
ISIC_0033869,akiec,0.4210399,0.6800116604026913,True
ISIC_0026857,akiec,0.9885151,0.04243858668543875,False
ISIC_0029713,akiec,0.8660266,0.29874087900908775,False
ISIC_0028370,akiec,0.9956,0.0177618556463193,False
ISIC_0033866,akiec,0.98210883,0.054006292656907116,False
ISIC_0030036,akiec,0.9665477,0.10381279851981325,False
ISIC_0024654,akiec,0.99363494,0.024031693850422975,False
ISIC_0028820,akiec,0.96813744,0.09160604749584228,False
ISIC_0027829,akiec,0.89090765,0.2548343185060158,False
ISIC_0031506,akiec,0.94804734,0.13549583767525344,False
ISIC_0026194,akiec,0.8390726,0.3424107405603991,True
ISIC_0026765,akiec,0.98253584,0.05541179510448331,False
ISIC_0024511,akiec,0.9912252,0.033581524028347104,False
ISIC_0026040,akiec,0.9990797,0.004330495290083756,False
ISIC_0028517,akiec,0.9475601,0.1444542688983086,False
ISIC_0031108,akiec,0.9965018,0.014132256027945073,False
ISIC_0027588,akiec,0.93171185,0.1656598301027153,False
ISIC_0029025,akiec,0.9007345,0.2410878603279309,False
ISIC_0033811,akiec,0.9993585,0.0031838892607701395,False
ISIC_0026650,akiec,0.86695457,0.26555132109348156,False
ISIC_0030877,akiec,0.70475984,0.46238398197056435,True
ISIC_0027950,akiec,0.8974464,0.249445959910021,False
ISIC_0033358,akiec,0.98216414,0.060537342052971586,False
ISIC_0030655,akiec,0.9461078,0.14584283638206016,False
ISIC_0033151,akiec,0.9992778,0.003523435429035118,False
ISIC_0031922,akiec,0.9251624,0.15388671063944803,False
ISIC_0032947,akiec,0.9905387,0.03341901270015995,False
ISIC_0029141,akiec,0.8926884,0.20777138399024506,False
ISIC_0029309,akiec,0.9986343,0.006419177840582225,False
ISIC_0028393,akiec,0.9978404,0.00944085944811849,False
ISIC_0024948,akiec,0.8111206,0.2865059247421749,True
ISIC_0033705,akiec,0.99428326,0.02296823900080963,False
ISIC_0031430,akiec,0.97963023,0.06529442048604919,False
ISIC_0033084,akiec,0.89648354,0.2326933101793451,False
ISIC_0033550,akiec,0.99361575,0.024745564028528653,False
ISIC_0033536,akiec,0.9965395,0.014165422406057154,False
ISIC_0032854,akiec,0.9595366,0.10918698274635773,False
ISIC_0032258,mel,0.85223603,0.3093382839185012,False
